"scenario","replicate","geometry_source","covariate_seed","network_seed","modularity_seed","n","n_covariates","n_network_features","n_true_zero","n_true_positive","n_observed_positive","n_hidden_positive","n_covariate_signal","n_network_signal","n_both_signal","prior_calibration_runtime_sec","tau_scale_cov","tau_scale_network","n_nodes","n_network_signal","n_network_background","p_00","p_01","p_11","expected_degree_network_background","expected_degree_network_signal","expected_edges_network_00","expected_edges_network_01","expected_edges_network_11","realized_edges_network_00","realized_edges_network_01","realized_edges_network_11","edges_sbm","edges_closure","edges_final","closure_candidate_pairs","mean_degree","sd_degree","mean_degree_network_background","sd_degree_network_background","mean_degree_network_signal","sd_degree_network_signal","min_degree","max_degree","n_components","largest_component"
"Linear Gaussian covariates and Bernoulli SBM, fixed mixed-signal SCAR design",1,"regenerated_from_competing_seeds",20361729,20461747,20561761,400,10,1,355,45,30,15,30,30,15,0.398511171340942,0.59,1.85,400,30,370,0.1,0.08,0.25,39.3,36.85,6826.5,888,108.75,6800,859,111,7770,0,7770,0,38.85,5.58125218386068,39.0783783783784,5.57110407506891,36.0333333333333,4.97915193813048,24,54,1,400
"Linear Gaussian covariates and Bernoulli SBM, fixed mixed-signal SCAR design",2,"regenerated_from_competing_seeds",20362729,20462747,20562761,400,10,1,355,45,30,15,30,30,15,0.272682905197144,0.59,1.85,400,30,370,0.1,0.08,0.25,39.3,36.85,6826.5,888,108.75,6911,888,94,7893,0,7893,0,39.465,6.00782906090567,39.7567567567568,5.9605996561131,35.8666666666667,5.48184044939687,23,57,1,400
"Linear Gaussian covariates and Bernoulli SBM, fixed mixed-signal SCAR design",3,"regenerated_from_competing_seeds",20363729,20463747,20563761,400,10,2,355,45,30,15,30,30,15,0.453341007232666,0.59,1.31,400,30,370,0.1,0.08,0.25,39.3,36.85,6826.5,888,108.75,6902,893,107,7902,0,7902,0,39.51,6.08254827220543,39.7216216216216,6.0946302339371,36.9,5.36495653483695,23,60,1,400
"Linear Gaussian covariates and Bernoulli SBM, fixed mixed-signal SCAR design",4,"regenerated_from_competing_seeds",20364729,20464747,20564761,400,10,4,355,45,30,15,30,30,15,0.311053991317749,0.59,0.93,400,30,370,0.1,0.08,0.25,39.3,36.85,6826.5,888,108.75,6778,896,113,7787,0,7787,0,38.935,5.87213589334193,39.0594594594595,5.93978180046249,37.4,4.78215072088296,23,57,1,400
"Linear Gaussian covariates and Bernoulli SBM, fixed mixed-signal SCAR design",5,"regenerated_from_competing_seeds",20365729,20465747,20565761,400,10,2,355,45,30,15,30,30,15,0.50584602355957,0.59,1.31,400,30,370,0.1,0.08,0.25,39.3,36.85,6826.5,888,108.75,6969,895,131,7995,0,7995,0,39.975,6.03285698558496,40.0891891891892,5.94921068225762,38.5666666666667,6.9415457551805,21,55,1,400
"Linear Gaussian covariates and Bernoulli SBM, fixed mixed-signal SCAR design",6,"regenerated_from_competing_seeds",20366729,20466747,20566761,400,10,1,355,45,30,15,30,30,15,0.291360855102539,0.59,1.85,400,30,370,0.1,0.08,0.25,39.3,36.85,6826.5,888,108.75,6849,867,111,7827,0,7827,0,39.135,5.9092362181338,39.3648648648649,5.87487951632053,36.3,5.68209529104816,24,59,1,400
"Linear Gaussian covariates and Bernoulli SBM, fixed mixed-signal SCAR design",7,"regenerated_from_competing_seeds",20367729,20467747,20567761,400,10,9,355,45,30,15,30,30,15,0.471555233001709,0.59,0.62,400,30,370,0.1,0.08,0.25,39.3,36.85,6826.5,888,108.75,6879,917,107,7903,0,7903,0,39.515,5.85794878005727,39.6621621621622,5.81344350567599,37.7,6.1987206688989,21,56,1,400
"Linear Gaussian covariates and Bernoulli SBM, fixed mixed-signal SCAR design",8,"regenerated_from_competing_seeds",20368729,20468747,20568761,400,10,3,355,45,30,15,30,30,15,0.374586820602417,0.59,1.07,400,30,370,0.1,0.08,0.25,39.3,36.85,6826.5,888,108.75,6818,859,118,7795,0,7795,0,38.975,5.92258960837005,39.1756756756757,5.89510409172325,36.5,5.79387310158251,24,57,1,400
"Linear Gaussian covariates and Bernoulli SBM, fixed mixed-signal SCAR design",9,"regenerated_from_competing_seeds",20369729,20469747,20569761,400,10,1,355,45,30,15,30,30,15,0.258846044540405,0.59,1.85,400,30,370,0.1,0.08,0.25,39.3,36.85,6826.5,888,108.75,6914,860,114,7888,0,7888,0,39.44,6.3740073678034,39.6972972972973,6.39827578766391,36.2666666666667,5.17909147493526,25,62,1,400
"Linear Gaussian covariates and Bernoulli SBM, fixed mixed-signal SCAR design",10,"regenerated_from_competing_seeds",20370729,20470747,20570761,400,10,1,355,45,30,15,30,30,15,0.256383895874023,0.59,1.85,400,30,370,0.1,0.08,0.25,39.3,36.85,6826.5,888,108.75,6805,938,118,7861,0,7861,0,39.305,6.13155485274989,39.3189189189189,6.15657657651227,39.1333333333333,5.91160946247142,25,56,1,400
"Linear Gaussian covariates and Bernoulli SBM, fixed mixed-signal SCAR design",11,"regenerated_from_competing_seeds",20371729,20471747,20571761,400,10,5,355,45,30,15,30,30,15,0.265406847000122,0.59,0.83,400,30,370,0.1,0.08,0.25,39.3,36.85,6826.5,888,108.75,6874,969,112,7955,0,7955,0,39.775,5.69433390279243,39.7756756756757,5.56128240681498,39.7666666666667,7.2525065029073,24,58,1,400
"Linear Gaussian covariates and Bernoulli SBM, fixed mixed-signal SCAR design",12,"regenerated_from_competing_seeds",20372729,20472747,20572761,400,10,1,355,45,30,15,30,30,15,0.269928932189941,0.59,1.85,400,30,370,0.1,0.08,0.25,39.3,36.85,6826.5,888,108.75,6837,868,99,7804,0,7804,0,39.02,5.8707550120089,39.3027027027027,5.80208758274803,35.5333333333333,5.67956611585496,24,64,1,400
"Linear Gaussian covariates and Bernoulli SBM, fixed mixed-signal SCAR design",13,"regenerated_from_competing_seeds",20373729,20473747,20573761,400,10,1,355,45,30,15,30,30,15,0.256500005722046,0.59,1.85,400,30,370,0.1,0.08,0.25,39.3,36.85,6826.5,888,108.75,6827,886,114,7827,0,7827,0,39.135,5.62234844215587,39.2972972972973,5.61581615169035,37.1333333333333,5.39944654464749,26,56,1,400
"Linear Gaussian covariates and Bernoulli SBM, fixed mixed-signal SCAR design",14,"regenerated_from_competing_seeds",20374729,20474747,20574761,400,10,1,355,45,30,15,30,30,15,0.262784957885742,0.59,1.85,400,30,370,0.1,0.08,0.25,39.3,36.85,6826.5,888,108.75,6808,901,115,7824,0,7824,0,39.12,5.74003222332523,39.2351351351351,5.61032324794736,37.7,7.11070101786858,19,56,1,400
"Linear Gaussian covariates and Bernoulli SBM, fixed mixed-signal SCAR design",15,"regenerated_from_competing_seeds",20375729,20475747,20575761,400,10,5,355,45,30,15,30,30,15,0.276020050048828,0.59,0.83,400,30,370,0.1,0.08,0.25,39.3,36.85,6826.5,888,108.75,6870,884,112,7866,0,7866,0,39.33,6.14087745683381,39.5243243243243,6.20173091518756,36.9333333333333,4.79894624448652,23,61,1,400
"Linear Gaussian covariates and Bernoulli SBM, fixed mixed-signal SCAR design",16,"regenerated_from_competing_seeds",20376729,20476747,20576761,400,10,1,355,45,30,15,30,30,15,0.342796087265015,0.59,1.85,400,30,370,0.1,0.08,0.25,39.3,36.85,6826.5,888,108.75,6871,922,102,7895,0,7895,0,39.475,5.95045332196145,39.6324324324324,5.92683731608208,37.5333333333333,5.99846723717003,24,57,1,400
"Linear Gaussian covariates and Bernoulli SBM, fixed mixed-signal SCAR design",17,"regenerated_from_competing_seeds",20377729,20477747,20577761,400,10,3,355,45,30,15,30,30,15,0.347056865692139,0.59,1.07,400,30,370,0.1,0.08,0.25,39.3,36.85,6826.5,888,108.75,6819,903,103,7825,0,7825,0,39.125,6.26598207213529,39.3,6.2221084968314,36.9666666666667,6.50985106738551,15,57,1,400
"Linear Gaussian covariates and Bernoulli SBM, fixed mixed-signal SCAR design",18,"regenerated_from_competing_seeds",20378729,20478747,20578761,400,10,17,355,45,30,15,30,30,15,0.261703968048096,0.59,0.45,400,30,370,0.1,0.08,0.25,39.3,36.85,6826.5,888,108.75,6755,909,117,7781,0,7781,0,38.905,5.81597273438569,38.9702702702703,5.84966887464719,38.1,5.40976129245823,22,56,1,400
"Linear Gaussian covariates and Bernoulli SBM, fixed mixed-signal SCAR design",19,"regenerated_from_competing_seeds",20379729,20479747,20579761,400,10,1,355,45,30,15,30,30,15,0.2606360912323,0.59,1.85,400,30,370,0.1,0.08,0.25,39.3,36.85,6826.5,888,108.75,6868,899,97,7864,0,7864,0,39.32,5.86417696088474,39.5540540540541,5.81033070226635,36.4333333333333,5.85269365237117,23,58,1,400
"Linear Gaussian covariates and Bernoulli SBM, fixed mixed-signal SCAR design",20,"regenerated_from_competing_seeds",20380729,20480747,20580761,400,10,3,355,45,30,15,30,30,15,0.251445055007935,0.59,1.07,400,30,370,0.1,0.08,0.25,39.3,36.85,6826.5,888,108.75,6664,880,113,7657,0,7657,0,38.285,5.97729832266177,38.4,5.99430624151562,36.8666666666667,5.6674103636392,22,59,1,400
"Linear Gaussian covariates and Bernoulli SBM, fixed mixed-signal SCAR design",21,"regenerated_from_competing_seeds",20381729,20481747,20581761,400,10,3,355,45,30,15,30,30,15,0.25278902053833,0.59,1.07,400,30,370,0.1,0.08,0.25,39.3,36.85,6826.5,888,108.75,6900,855,95,7850,0,7850,0,39.25,5.64110407082201,39.6081081081081,5.45048558928585,34.8333333333333,6.16488013885402,22,57,1,400
"Linear Gaussian covariates and Bernoulli SBM, fixed mixed-signal SCAR design",22,"regenerated_from_competing_seeds",20382729,20482747,20582761,400,10,2,355,45,30,15,30,30,15,0.255630016326904,0.59,1.31,400,30,370,0.1,0.08,0.25,39.3,36.85,6826.5,888,108.75,6699,884,117,7700,0,7700,0,38.5,5.81761218446383,38.6,5.88756440594465,37.2666666666667,4.78455369109685,23,55,1,400
"Linear Gaussian covariates and Bernoulli SBM, fixed mixed-signal SCAR design",23,"regenerated_from_competing_seeds",20383729,20483747,20583761,400,10,1,355,45,30,15,30,30,15,0.256732940673828,0.59,1.85,400,30,370,0.1,0.08,0.25,39.3,36.85,6826.5,888,108.75,6887,830,116,7833,0,7833,0,39.165,6.51528182376693,39.4702702702703,6.60175163028742,35.4,3.69155606850235,21,62,1,400
"Linear Gaussian covariates and Bernoulli SBM, fixed mixed-signal SCAR design",24,"regenerated_from_competing_seeds",20384729,20484747,20584761,400,10,6,355,45,30,15,30,30,15,0.255898952484131,0.59,0.76,400,30,370,0.1,0.08,0.25,39.3,36.85,6826.5,888,108.75,6888,852,105,7845,0,7845,0,39.225,5.74603491924937,39.5351351351351,5.73820062899981,35.4,4.35177332066857,25,55,1,400
"Linear Gaussian covariates and Bernoulli SBM, fixed mixed-signal SCAR design",25,"regenerated_from_competing_seeds",20385729,20485747,20585761,400,10,2,355,45,30,15,30,30,15,0.257843017578125,0.59,1.31,400,30,370,0.1,0.08,0.25,39.3,36.85,6826.5,888,108.75,6753,853,122,7728,0,7728,0,38.64,5.66618603298559,38.8081081081081,5.71675037879301,36.5666666666667,4.59147135408709,21,53,1,400
"Linear Gaussian covariates and Bernoulli SBM, fixed mixed-signal SCAR design",26,"regenerated_from_competing_seeds",20386729,20486747,20586761,400,10,4,355,45,30,15,30,30,15,0.256006956100464,0.59,0.93,400,30,370,0.1,0.08,0.25,39.3,36.85,6826.5,888,108.75,6777,915,114,7806,0,7806,0,39.03,5.89074291836996,39.1054054054054,5.84832896922018,38.1,6.42382419135045,22,58,1,400
"Linear Gaussian covariates and Bernoulli SBM, fixed mixed-signal SCAR design",27,"regenerated_from_competing_seeds",20387729,20487747,20587761,400,10,1,355,45,30,15,30,30,15,0.258332014083862,0.59,1.85,400,30,370,0.1,0.08,0.25,39.3,36.85,6826.5,888,108.75,6900,832,104,7836,0,7836,0,39.18,5.91227430593944,39.5459459459459,5.79031031527722,34.6666666666667,5.61606889960028,23,57,1,400
"Linear Gaussian covariates and Bernoulli SBM, fixed mixed-signal SCAR design",28,"regenerated_from_competing_seeds",20388729,20488747,20588761,400,10,2,355,45,30,15,30,30,15,0.257859945297241,0.59,1.31,400,30,370,0.1,0.08,0.25,39.3,36.85,6826.5,888,108.75,6874,885,117,7876,0,7876,0,39.38,5.95434594132491,39.5486486486487,5.95093404896067,37.3,5.68816072327366,19,55,1,400
"Linear Gaussian covariates and Bernoulli SBM, fixed mixed-signal SCAR design",29,"regenerated_from_competing_seeds",20389729,20489747,20589761,400,10,4,355,45,30,15,30,30,15,0.387587070465088,0.59,0.93,400,30,370,0.1,0.08,0.25,39.3,36.85,6826.5,888,108.75,6900,826,118,7844,0,7844,0,39.22,6.15762868135483,39.5297297297297,6.1353683821111,35.4,5.13675061654269,25,60,1,400
"Linear Gaussian covariates and Bernoulli SBM, fixed mixed-signal SCAR design",30,"regenerated_from_competing_seeds",20390729,20490747,20590761,400,10,1,355,45,30,15,30,30,15,0.44917106628418,0.59,1.85,400,30,370,0.1,0.08,0.25,39.3,36.85,6826.5,888,108.75,6809,863,104,7776,0,7776,0,38.88,5.87126727790701,39.1378378378378,5.8735478561153,35.7,4.90003518636205,23,56,1,400
"Linear Gaussian covariates and Bernoulli SBM, fixed mixed-signal SCAR design",31,"regenerated_from_competing_seeds",20391729,20491747,20591761,400,10,2,355,45,30,15,30,30,15,0.518187046051025,0.59,1.31,400,30,370,0.1,0.08,0.25,39.3,36.85,6826.5,888,108.75,6764,894,111,7769,0,7769,0,38.845,6.10238254140989,38.9783783783784,6.10251781238529,37.2,5.95616168928997,20,58,1,400
"Linear Gaussian covariates and Bernoulli SBM, fixed mixed-signal SCAR design",32,"regenerated_from_competing_seeds",20392729,20492747,20592761,400,10,7,355,45,30,15,30,30,15,0.537360906600952,0.59,0.7,400,30,370,0.1,0.08,0.25,39.3,36.85,6826.5,888,108.75,6628,871,114,7613,0,7613,0,38.065,5.69577735688888,38.1810810810811,5.7004891074248,36.6333333333333,5.53037588878589,23,59,1,400
"Linear Gaussian covariates and Bernoulli SBM, fixed mixed-signal SCAR design",33,"regenerated_from_competing_seeds",20393729,20493747,20593761,400,10,3,355,45,30,15,30,30,15,0.279861211776733,0.59,1.07,400,30,370,0.1,0.08,0.25,39.3,36.85,6826.5,888,108.75,6828,914,113,7855,0,7855,0,39.275,5.68508359117054,39.3783783783784,5.62635759637097,38,6.33000517513543,23,56,1,400
"Linear Gaussian covariates and Bernoulli SBM, fixed mixed-signal SCAR design",34,"regenerated_from_competing_seeds",20394729,20494747,20594761,400,10,1,355,45,30,15,30,30,15,0.522361993789673,0.59,1.85,400,30,370,0.1,0.08,0.25,39.3,36.85,6826.5,888,108.75,6786,881,108,7775,0,7775,0,38.875,5.59263523951864,39.0621621621622,5.68971169398099,36.5666666666667,3.53000276773686,23,62,1,400
"Linear Gaussian covariates and Bernoulli SBM, fixed mixed-signal SCAR design",35,"regenerated_from_competing_seeds",20395729,20495747,20595761,400,10,1,355,45,30,15,30,30,15,0.300639867782593,0.59,1.85,400,30,370,0.1,0.08,0.25,39.3,36.85,6826.5,888,108.75,6669,894,116,7679,0,7679,0,38.395,6.0911188892771,38.4648648648649,6.12649920665256,37.5333333333333,5.66132269992125,22,54,1,400
"Linear Gaussian covariates and Bernoulli SBM, fixed mixed-signal SCAR design",36,"regenerated_from_competing_seeds",20396729,20496747,20596761,400,10,1,355,45,30,15,30,30,15,0.471461057662964,0.59,1.85,400,30,370,0.1,0.08,0.25,39.3,36.85,6826.5,888,108.75,6851,858,109,7818,0,7818,0,39.09,5.97420520400403,39.3513513513514,5.96292163987284,35.8666666666667,5.19770064105495,23,56,1,400
"Linear Gaussian covariates and Bernoulli SBM, fixed mixed-signal SCAR design",37,"regenerated_from_competing_seeds",20397729,20497747,20597761,400,10,4,355,45,30,15,30,30,15,0.478604078292847,0.59,0.93,400,30,370,0.1,0.08,0.25,39.3,36.85,6826.5,888,108.75,6876,844,92,7812,0,7812,0,39.06,6.18117442669539,39.4486486486486,6.04892526105977,34.2666666666667,5.86593516860686,23,57,1,400
"Linear Gaussian covariates and Bernoulli SBM, fixed mixed-signal SCAR design",38,"regenerated_from_competing_seeds",20398729,20498747,20598761,400,10,2,355,45,30,15,30,30,15,0.553043842315674,0.59,1.31,400,30,370,0.1,0.08,0.25,39.3,36.85,6826.5,888,108.75,6804,903,110,7817,0,7817,0,39.085,5.79064797842392,39.2189189189189,5.79254440154019,37.4333333333333,5.59977421548118,21,56,1,400
"Linear Gaussian covariates and Bernoulli SBM, fixed mixed-signal SCAR design",39,"regenerated_from_competing_seeds",20399729,20499747,20599761,400,10,1,355,45,30,15,30,30,15,0.300830125808716,0.59,1.85,400,30,370,0.1,0.08,0.25,39.3,36.85,6826.5,888,108.75,6988,861,110,7959,0,7959,0,39.795,6.03813901852363,40.1,6.00977072553036,36.0333333333333,5.12252182865603,24,59,1,400
"Linear Gaussian covariates and Bernoulli SBM, fixed mixed-signal SCAR design",40,"regenerated_from_competing_seeds",20400729,20500747,20600761,400,10,3,355,45,30,15,30,30,15,0.641111135482788,0.59,1.07,400,30,370,0.1,0.08,0.25,39.3,36.85,6826.5,888,108.75,6778,912,117,7807,0,7807,0,39.035,5.50859660816425,39.1027027027027,5.48614843527973,38.2,5.80962340758255,20,56,1,400
"Linear Gaussian covariates and Bernoulli SBM, fixed mixed-signal SCAR design",41,"regenerated_from_competing_seeds",20401729,20501747,20601761,400,10,2,355,45,30,15,30,30,15,0.558726072311401,0.59,1.31,400,30,370,0.1,0.08,0.25,39.3,36.85,6826.5,888,108.75,6781,863,114,7758,0,7758,0,38.79,6.09908987006322,38.9864864864865,6.08452932500641,36.3666666666667,5.84561924588115,20,60,1,400
"Linear Gaussian covariates and Bernoulli SBM, fixed mixed-signal SCAR design",42,"regenerated_from_competing_seeds",20402729,20502747,20602761,400,10,2,355,45,30,15,30,30,15,0.387816190719604,0.59,1.31,400,30,370,0.1,0.08,0.25,39.3,36.85,6826.5,888,108.75,6903,907,108,7918,0,7918,0,39.59,5.72703214964852,39.7648648648649,5.68517857254662,37.4333333333333,5.89963957597723,21,57,1,400
"Linear Gaussian covariates and Bernoulli SBM, fixed mixed-signal SCAR design",43,"regenerated_from_competing_seeds",20403729,20503747,20603761,400,10,1,355,45,30,15,30,30,15,0.293009042739868,0.59,1.85,400,30,370,0.1,0.08,0.25,39.3,36.85,6826.5,888,108.75,6840,887,112,7839,0,7839,0,39.195,5.96413466109201,39.3702702702703,5.87223335605821,37.0333333333333,6.73889038923775,23,55,1,400
"Linear Gaussian covariates and Bernoulli SBM, fixed mixed-signal SCAR design",44,"regenerated_from_competing_seeds",20404729,20504747,20604761,400,10,3,355,45,30,15,30,30,15,0.324366092681885,0.59,1.07,400,30,370,0.1,0.08,0.25,39.3,36.85,6826.5,888,108.75,6794,888,117,7799,0,7799,0,38.995,6.19321117528331,39.1243243243243,6.2091551169062,37.4,5.85809195722552,25,62,1,400
"Linear Gaussian covariates and Bernoulli SBM, fixed mixed-signal SCAR design",45,"regenerated_from_competing_seeds",20405729,20505747,20605761,400,10,3,355,45,30,15,30,30,15,0.358122825622559,0.59,1.07,400,30,370,0.1,0.08,0.25,39.3,36.85,6826.5,888,108.75,6856,925,111,7892,0,7892,0,39.46,5.58312890060779,39.5594594594595,5.59693874222864,38.2333333333333,5.34778931659734,23,57,1,400
"Linear Gaussian covariates and Bernoulli SBM, fixed mixed-signal SCAR design",46,"regenerated_from_competing_seeds",20406729,20506747,20606761,400,10,7,355,45,30,15,30,30,15,0.402947902679443,0.59,0.7,400,30,370,0.1,0.08,0.25,39.3,36.85,6826.5,888,108.75,6837,881,120,7838,0,7838,0,39.19,6.23104846011333,39.3378378378378,6.27136354650564,37.3666666666667,5.48026763336731,24,61,1,400
"Linear Gaussian covariates and Bernoulli SBM, fixed mixed-signal SCAR design",47,"regenerated_from_competing_seeds",20407729,20507747,20607761,400,10,2,355,45,30,15,30,30,15,0.249769926071167,0.59,1.31,400,30,370,0.1,0.08,0.25,39.3,36.85,6826.5,888,108.75,6936,903,87,7926,0,7926,0,39.63,6.21527748257981,39.9324324324324,6.25027063063087,35.9,4.34185722219548,24,59,1,400
"Linear Gaussian covariates and Bernoulli SBM, fixed mixed-signal SCAR design",48,"regenerated_from_competing_seeds",20408729,20508747,20608761,400,10,1,355,45,30,15,30,30,15,0.246457815170288,0.59,1.85,400,30,370,0.1,0.08,0.25,39.3,36.85,6826.5,888,108.75,6769,900,112,7781,0,7781,0,38.905,5.9282235607698,39.0216216216216,5.86982246677028,37.4666666666667,6.54287363490224,25,58,1,400
"Linear Gaussian covariates and Bernoulli SBM, fixed mixed-signal SCAR design",49,"regenerated_from_competing_seeds",20409729,20509747,20609761,400,10,2,355,45,30,15,30,30,15,0.249415874481201,0.59,1.31,400,30,370,0.1,0.08,0.25,39.3,36.85,6826.5,888,108.75,6966,954,119,8039,0,8039,0,40.195,5.84957424065995,40.2324324324324,5.91356229353233,39.7333333333333,5.05782652879696,25,60,1,400
"Linear Gaussian covariates and Bernoulli SBM, fixed mixed-signal SCAR design",50,"regenerated_from_competing_seeds",20410729,20510747,20610761,400,10,1,355,45,30,15,30,30,15,0.247843980789185,0.59,1.85,400,30,370,0.1,0.08,0.25,39.3,36.85,6826.5,888,108.75,6789,888,105,7782,0,7782,0,38.91,6.16090837295523,39.0972972972973,6.19653222744723,36.6,5.2627513454597,23,58,1,400
"Linear Gaussian covariates and Bernoulli SBM, fixed mixed-signal SCAR design",51,"regenerated_from_competing_seeds",20411729,20511747,20611761,400,10,5,355,45,30,15,30,30,15,0.242616891860962,0.59,0.83,400,30,370,0.1,0.08,0.25,39.3,36.85,6826.5,888,108.75,6961,879,109,7949,0,7949,0,39.745,6.000833275471,40.0027027027027,5.97759985217107,36.5666666666667,5.4309669764095,23,58,1,400
"Linear Gaussian covariates and Bernoulli SBM, fixed mixed-signal SCAR design",52,"regenerated_from_competing_seeds",20412729,20512747,20612761,400,10,2,355,45,30,15,30,30,15,0.289170026779175,0.59,1.31,400,30,370,0.1,0.08,0.25,39.3,36.85,6826.5,888,108.75,6871,899,92,7862,0,7862,0,39.31,5.47208912559876,39.5702702702703,5.47293735458297,36.1,4.39709935737421,26,55,1,400
"Linear Gaussian covariates and Bernoulli SBM, fixed mixed-signal SCAR design",53,"regenerated_from_competing_seeds",20413729,20513747,20613761,400,10,2,355,45,30,15,30,30,15,0.24440598487854,0.59,1.31,400,30,370,0.1,0.08,0.25,39.3,36.85,6826.5,888,108.75,6780,835,118,7733,0,7733,0,38.665,5.76679415160342,38.9054054054054,5.8159879607735,35.7,4.16181326529344,24,59,1,400
"Linear Gaussian covariates and Bernoulli SBM, fixed mixed-signal SCAR design",54,"regenerated_from_competing_seeds",20414729,20514747,20614761,400,10,1,355,45,30,15,30,30,15,0.250356912612915,0.59,1.85,400,30,370,0.1,0.08,0.25,39.3,36.85,6826.5,888,108.75,6751,966,111,7828,0,7828,0,39.14,5.7548410480848,39.1027027027027,5.81142163346368,39.6,5.06917663177541,20,57,1,400
"Linear Gaussian covariates and Bernoulli SBM, fixed mixed-signal SCAR design",55,"regenerated_from_competing_seeds",20415729,20515747,20615761,400,10,10,355,45,30,15,30,30,15,0.253746032714844,0.59,0.59,400,30,370,0.1,0.08,0.25,39.3,36.85,6826.5,888,108.75,6840,858,109,7807,0,7807,0,39.035,5.90388980139089,39.2918918918919,5.86951050707101,35.8666666666667,5.47554647459067,23,56,1,400
"Linear Gaussian covariates and Bernoulli SBM, fixed mixed-signal SCAR design",56,"regenerated_from_competing_seeds",20416729,20516747,20616761,400,10,1,355,45,30,15,30,30,15,0.251559019088745,0.59,1.85,400,30,370,0.1,0.08,0.25,39.3,36.85,6826.5,888,108.75,6909,903,110,7922,0,7922,0,39.61,5.77982837462327,39.7864864864865,5.72498267649417,37.4333333333333,6.10643150679072,17,55,1,400
"Linear Gaussian covariates and Bernoulli SBM, fixed mixed-signal SCAR design",57,"regenerated_from_competing_seeds",20417729,20517747,20617761,400,10,2,355,45,30,15,30,30,15,0.25112509727478,0.59,1.31,400,30,370,0.1,0.08,0.25,39.3,36.85,6826.5,888,108.75,6725,874,117,7716,0,7716,0,38.58,5.89580369865999,38.7135135135135,5.84850117051808,36.9333333333333,6.3241918297005,23,54,1,400
"Linear Gaussian covariates and Bernoulli SBM, fixed mixed-signal SCAR design",58,"regenerated_from_competing_seeds",20418729,20518747,20618761,400,10,7,355,45,30,15,30,30,15,0.254094123840332,0.59,0.7,400,30,370,0.1,0.08,0.25,39.3,36.85,6826.5,888,108.75,6782,894,99,7775,0,7775,0,38.875,5.75126661433574,39.0756756756757,5.69359481346791,36.4,5.98042784768609,24,53,1,400
"Linear Gaussian covariates and Bernoulli SBM, fixed mixed-signal SCAR design",59,"regenerated_from_competing_seeds",20419729,20519747,20619761,400,10,5,355,45,30,15,30,30,15,0.253334045410156,0.59,0.83,400,30,370,0.1,0.08,0.25,39.3,36.85,6826.5,888,108.75,6747,870,101,7718,0,7718,0,38.59,5.79878995241944,38.8216216216216,5.66791641575705,35.7333333333333,6.68984476565083,20,57,1,400
"Linear Gaussian covariates and Bernoulli SBM, fixed mixed-signal SCAR design",60,"regenerated_from_competing_seeds",20420729,20520747,20620761,400,10,3,355,45,30,15,30,30,15,0.252956867218018,0.59,1.07,400,30,370,0.1,0.08,0.25,39.3,36.85,6826.5,888,108.75,6847,867,104,7818,0,7818,0,39.09,5.7875417145576,39.3540540540541,5.77974664885785,35.8333333333333,4.89252303103372,24,56,1,400
"Linear Gaussian covariates and Bernoulli SBM, fixed mixed-signal SCAR design",61,"regenerated_from_competing_seeds",20421729,20521747,20621761,400,10,1,355,45,30,15,30,30,15,0.254647016525269,0.59,1.85,400,30,370,0.1,0.08,0.25,39.3,36.85,6826.5,888,108.75,6876,903,116,7895,0,7895,0,39.475,5.96601696242895,39.6081081081081,5.94194489609022,37.8333333333333,6.11996919832982,26,56,1,400
"Linear Gaussian covariates and Bernoulli SBM, fixed mixed-signal SCAR design",62,"regenerated_from_competing_seeds",20422729,20522747,20622761,400,10,6,355,45,30,15,30,30,15,0.251582145690918,0.59,0.76,400,30,370,0.1,0.08,0.25,39.3,36.85,6826.5,888,108.75,6804,921,113,7838,0,7838,0,39.19,6.02741439680208,39.2675675675676,6.11287477130662,38.2333333333333,4.83295678279537,25,59,1,400
"Linear Gaussian covariates and Bernoulli SBM, fixed mixed-signal SCAR design",63,"regenerated_from_competing_seeds",20423729,20523747,20623761,400,10,1,355,45,30,15,30,30,15,0.251132965087891,0.59,1.85,400,30,370,0.1,0.08,0.25,39.3,36.85,6826.5,888,108.75,6890,931,110,7931,0,7931,0,39.655,6.04004805039892,39.7594594594595,6.02739722618314,38.3666666666667,6.15032005521739,23,58,1,400
"Linear Gaussian covariates and Bernoulli SBM, fixed mixed-signal SCAR design",64,"regenerated_from_competing_seeds",20424729,20524747,20624761,400,10,2,355,45,30,15,30,30,15,0.250368118286133,0.59,1.31,400,30,370,0.1,0.08,0.25,39.3,36.85,6826.5,888,108.75,6775,906,116,7797,0,7797,0,38.985,5.71721009130067,39.0702702702703,5.6927122557253,37.9333333333333,6.01110084205325,20,57,1,400
"Linear Gaussian covariates and Bernoulli SBM, fixed mixed-signal SCAR design",65,"regenerated_from_competing_seeds",20425729,20525747,20625761,400,10,2,355,45,30,15,30,30,15,0.25488805770874,0.59,1.31,400,30,370,0.1,0.08,0.25,39.3,36.85,6826.5,888,108.75,6802,916,123,7841,0,7841,0,39.205,5.89064718946713,39.2432432432432,6.00499072206683,38.7333333333333,4.2825494609003,24,55,1,400
"Linear Gaussian covariates and Bernoulli SBM, fixed mixed-signal SCAR design",66,"regenerated_from_competing_seeds",20426729,20526747,20626761,400,10,1,355,45,30,15,30,30,15,0.248637914657593,0.59,1.85,400,30,370,0.1,0.08,0.25,39.3,36.85,6826.5,888,108.75,6878,883,106,7867,0,7867,0,39.335,6.02981522761668,39.5648648648649,6.08809385916952,36.5,4.4314705273174,25,58,1,400
"Linear Gaussian covariates and Bernoulli SBM, fixed mixed-signal SCAR design",67,"regenerated_from_competing_seeds",20427729,20527747,20627761,400,10,1,355,45,30,15,30,30,15,0.255977153778076,0.59,1.85,400,30,370,0.1,0.08,0.25,39.3,36.85,6826.5,888,108.75,6858,918,99,7875,0,7875,0,39.375,6.07095678544386,39.5513513513514,5.99220910721737,37.2,6.70254712262693,22,62,1,400
"Linear Gaussian covariates and Bernoulli SBM, fixed mixed-signal SCAR design",68,"regenerated_from_competing_seeds",20428729,20528747,20628761,400,10,1,355,45,30,15,30,30,15,0.252249002456665,0.59,1.85,400,30,370,0.1,0.08,0.25,39.3,36.85,6826.5,888,108.75,6810,896,107,7813,0,7813,0,39.065,5.82843904955572,39.2324324324324,5.8869224435061,37,4.65351183664478,24,59,1,400
"Linear Gaussian covariates and Bernoulli SBM, fixed mixed-signal SCAR design",69,"regenerated_from_competing_seeds",20429729,20529747,20629761,400,10,3,355,45,30,15,30,30,15,0.244527101516724,0.59,1.07,400,30,370,0.1,0.08,0.25,39.3,36.85,6826.5,888,108.75,6965,920,110,7995,0,7995,0,39.975,5.92428204886349,40.1351351351351,5.91109453481969,38,5.8250351486286,21,59,1,400
"Linear Gaussian covariates and Bernoulli SBM, fixed mixed-signal SCAR design",70,"regenerated_from_competing_seeds",20430729,20530747,20630761,400,10,2,355,45,30,15,30,30,15,0.25395393371582,0.59,1.31,400,30,370,0.1,0.08,0.25,39.3,36.85,6826.5,888,108.75,6796,922,128,7846,0,7846,0,39.23,6.01436042554159,39.227027027027,6.06847327020939,39.2666666666667,5.3943350447217,22,58,1,400
"Linear Gaussian covariates and Bernoulli SBM, fixed mixed-signal SCAR design",71,"regenerated_from_competing_seeds",20431729,20531747,20631761,400,10,1,355,45,30,15,30,30,15,0.250313997268677,0.59,1.85,400,30,370,0.1,0.08,0.25,39.3,36.85,6826.5,888,108.75,6746,918,91,7755,0,7755,0,38.775,5.98321587279375,38.9459459459459,5.97213922600098,36.6666666666667,5.8092276971024,22,56,1,400
"Linear Gaussian covariates and Bernoulli SBM, fixed mixed-signal SCAR design",72,"regenerated_from_competing_seeds",20432729,20532747,20632761,400,10,4,355,45,30,15,30,30,15,0.240822076797485,0.59,0.93,400,30,370,0.1,0.08,0.25,39.3,36.85,6826.5,888,108.75,6795,833,101,7729,0,7729,0,38.645,6.42121913174162,38.9810810810811,6.40732718428867,34.5,5.07019689476889,22,58,1,400
"Linear Gaussian covariates and Bernoulli SBM, fixed mixed-signal SCAR design",73,"regenerated_from_competing_seeds",20433729,20533747,20633761,400,10,3,355,45,30,15,30,30,15,0.235973834991455,0.59,1.07,400,30,370,0.1,0.08,0.25,39.3,36.85,6826.5,888,108.75,6693,875,113,7681,0,7681,0,38.405,5.71336866074946,38.5432432432432,5.77204930146169,36.7,4.68416260502823,23,54,1,400
"Linear Gaussian covariates and Bernoulli SBM, fixed mixed-signal SCAR design",74,"regenerated_from_competing_seeds",20434729,20534747,20634761,400,10,2,355,45,30,15,30,30,15,0.248092174530029,0.59,1.31,400,30,370,0.1,0.08,0.25,39.3,36.85,6826.5,888,108.75,6800,881,110,7791,0,7791,0,38.955,5.77896756916091,39.1378378378378,5.75468944400464,36.7,5.6942196946583,22,57,1,400
"Linear Gaussian covariates and Bernoulli SBM, fixed mixed-signal SCAR design",75,"regenerated_from_competing_seeds",20435729,20535747,20635761,400,10,1,355,45,30,15,30,30,15,0.242427110671997,0.59,1.85,400,30,370,0.1,0.08,0.25,39.3,36.85,6826.5,888,108.75,6975,907,105,7987,0,7987,0,39.935,6.23240581200501,40.1540540540541,6.11724181937783,37.2333333333333,7.0792719932224,22,57,1,400
"Linear Gaussian covariates and Bernoulli SBM, fixed mixed-signal SCAR design",76,"regenerated_from_competing_seeds",20436729,20536747,20636761,400,10,3,355,45,30,15,30,30,15,0.252197027206421,0.59,1.07,400,30,370,0.1,0.08,0.25,39.3,36.85,6826.5,888,108.75,6837,912,108,7857,0,7857,0,39.285,6.00574286565959,39.4216216216216,6.00501755581128,37.6,5.85220265046153,25,57,1,400
"Linear Gaussian covariates and Bernoulli SBM, fixed mixed-signal SCAR design",77,"regenerated_from_competing_seeds",20437729,20537747,20637761,400,10,1,355,45,30,15,30,30,15,0.252835988998413,0.59,1.85,400,30,370,0.1,0.08,0.25,39.3,36.85,6826.5,888,108.75,6805,946,118,7869,0,7869,0,39.345,5.62985017851998,39.3405405405405,5.64224577419318,39.4,5.56838365701611,24,56,1,400
"Linear Gaussian covariates and Bernoulli SBM, fixed mixed-signal SCAR design",78,"regenerated_from_competing_seeds",20438729,20538747,20638761,400,10,1,355,45,30,15,30,30,15,0.243613004684448,0.59,1.85,400,30,370,0.1,0.08,0.25,39.3,36.85,6826.5,888,108.75,6849,880,104,7833,0,7833,0,39.165,5.80534495746704,39.4,5.70237434501907,36.2666666666667,6.36766255676144,26,59,1,400
"Linear Gaussian covariates and Bernoulli SBM, fixed mixed-signal SCAR design",79,"regenerated_from_competing_seeds",20439729,20539747,20639761,400,10,2,355,45,30,15,30,30,15,0.247147083282471,0.59,1.31,400,30,370,0.1,0.08,0.25,39.3,36.85,6826.5,888,108.75,6781,870,120,7771,0,7771,0,38.855,6.06555458148325,39.0054054054054,6.18547761325152,37,3.93919298579168,23,56,1,400
"Linear Gaussian covariates and Bernoulli SBM, fixed mixed-signal SCAR design",80,"regenerated_from_competing_seeds",20440729,20540747,20640761,400,10,4,355,45,30,15,30,30,15,0.248208999633789,0.59,0.93,400,30,370,0.1,0.08,0.25,39.3,36.85,6826.5,888,108.75,6983,878,101,7962,0,7962,0,39.81,6.03240206606927,40.1189189189189,5.97482695094001,36,5.49608010783359,24,61,1,400
"Linear Gaussian covariates and Bernoulli SBM, fixed mixed-signal SCAR design",81,"regenerated_from_competing_seeds",20441729,20541747,20641761,400,10,1,355,45,30,15,30,30,15,0.248551845550537,0.59,1.85,400,30,370,0.1,0.08,0.25,39.3,36.85,6826.5,888,108.75,6828,887,107,7822,0,7822,0,39.11,5.88084695450032,39.3054054054054,5.85379435680708,36.7,5.77240761339429,24,56,1,400
"Linear Gaussian covariates and Bernoulli SBM, fixed mixed-signal SCAR design",82,"regenerated_from_competing_seeds",20442729,20542747,20642761,400,10,3,355,45,30,15,30,30,15,0.249685049057007,0.59,1.07,400,30,370,0.1,0.08,0.25,39.3,36.85,6826.5,888,108.75,6733,884,120,7737,0,7737,0,38.685,5.54912217312167,38.7837837837838,5.57109815886162,37.4666666666667,5.20433064584336,24,54,1,400
"Linear Gaussian covariates and Bernoulli SBM, fixed mixed-signal SCAR design",83,"regenerated_from_competing_seeds",20443729,20543747,20643761,400,10,9,355,45,30,15,30,30,15,0.240231990814209,0.59,0.62,400,30,370,0.1,0.08,0.25,39.3,36.85,6826.5,888,108.75,6746,921,105,7772,0,7772,0,38.86,5.92394571481544,38.9540540540541,5.9801430494077,37.7,5.12700759669339,17,55,1,400
"Linear Gaussian covariates and Bernoulli SBM, fixed mixed-signal SCAR design",84,"regenerated_from_competing_seeds",20444729,20544747,20644761,400,10,1,355,45,30,15,30,30,15,0.246061086654663,0.59,1.85,400,30,370,0.1,0.08,0.25,39.3,36.85,6826.5,888,108.75,6968,852,93,7913,0,7913,0,39.565,6.22234432688402,39.9675675675676,6.15200648318376,34.6,4.85372235399339,23,55,1,400
"Linear Gaussian covariates and Bernoulli SBM, fixed mixed-signal SCAR design",85,"regenerated_from_competing_seeds",20445729,20545747,20645761,400,10,1,355,45,30,15,30,30,15,0.256072044372559,0.59,1.85,400,30,370,0.1,0.08,0.25,39.3,36.85,6826.5,888,108.75,6750,867,110,7727,0,7727,0,38.635,6.09792889775744,38.8297297297297,6.07948101055101,36.2333333333333,5.9054815759325,24,56,1,400
"Linear Gaussian covariates and Bernoulli SBM, fixed mixed-signal SCAR design",86,"regenerated_from_competing_seeds",20446729,20546747,20646761,400,10,1,355,45,30,15,30,30,15,0.297130823135376,0.59,1.85,400,30,370,0.1,0.08,0.25,39.3,36.85,6826.5,888,108.75,6870,873,106,7849,0,7849,0,39.245,6.32851485347286,39.4945945945946,6.28640922085984,36.1666666666667,6.13122777451535,24,55,1,400
"Linear Gaussian covariates and Bernoulli SBM, fixed mixed-signal SCAR design",87,"regenerated_from_competing_seeds",20447729,20547747,20647761,400,10,2,355,45,30,15,30,30,15,0.25265097618103,0.59,1.31,400,30,370,0.1,0.08,0.25,39.3,36.85,6826.5,888,108.75,6956,878,104,7938,0,7938,0,39.69,6.22823226870855,39.972972972973,6.17796805110386,36.2,5.86867781619888,19,64,1,400
"Linear Gaussian covariates and Bernoulli SBM, fixed mixed-signal SCAR design",88,"regenerated_from_competing_seeds",20448729,20548747,20648761,400,10,1,355,45,30,15,30,30,15,0.239999771118164,0.59,1.85,400,30,370,0.1,0.08,0.25,39.3,36.85,6826.5,888,108.75,6801,917,88,7806,0,7806,0,39.03,5.88137538685491,39.2405405405405,5.89832365416195,36.4333333333333,5.06974346989813,21,55,1,400
"Linear Gaussian covariates and Bernoulli SBM, fixed mixed-signal SCAR design",89,"regenerated_from_competing_seeds",20449729,20549747,20649761,400,10,1,355,45,30,15,30,30,15,0.25037407875061,0.59,1.85,400,30,370,0.1,0.08,0.25,39.3,36.85,6826.5,888,108.75,6970,852,109,7931,0,7931,0,39.655,6.05786425221345,39.9783783783784,6.00447597884787,35.6666666666667,5.32614458045912,23,57,1,400
"Linear Gaussian covariates and Bernoulli SBM, fixed mixed-signal SCAR design",90,"regenerated_from_competing_seeds",20450729,20550747,20650761,400,10,16,355,45,30,15,30,30,15,0.25019907951355,0.59,0.46,400,30,370,0.1,0.08,0.25,39.3,36.85,6826.5,888,108.75,6859,917,110,7886,0,7886,0,39.43,6.21584199681132,39.5540540540541,6.21943342144533,37.9,6.06487911014636,22,57,1,400
"Linear Gaussian covariates and Bernoulli SBM, fixed mixed-signal SCAR design",91,"regenerated_from_competing_seeds",20451729,20551747,20651761,400,10,8,355,45,30,15,30,30,15,0.240176916122437,0.59,0.65,400,30,370,0.1,0.08,0.25,39.3,36.85,6826.5,888,108.75,6664,888,96,7648,0,7648,0,38.24,5.91013741894188,38.4216216216216,5.87314568026752,36,6.00574437661489,22,55,1,400
"Linear Gaussian covariates and Bernoulli SBM, fixed mixed-signal SCAR design",92,"regenerated_from_competing_seeds",20452729,20552747,20652761,400,10,4,355,45,30,15,30,30,15,0.249506950378418,0.59,0.93,400,30,370,0.1,0.08,0.25,39.3,36.85,6826.5,888,108.75,6698,851,104,7653,0,7653,0,38.265,6.07098981165618,38.5054054054054,6.12792470721654,35.3,4.41119266068205,22,57,1,400
"Linear Gaussian covariates and Bernoulli SBM, fixed mixed-signal SCAR design",93,"regenerated_from_competing_seeds",20453729,20553747,20653761,400,10,1,355,45,30,15,30,30,15,0.243746995925903,0.59,1.85,400,30,370,0.1,0.08,0.25,39.3,36.85,6826.5,888,108.75,6815,858,109,7782,0,7782,0,38.91,5.89948385661289,39.1567567567568,5.90184117799402,35.8666666666667,5.02911065925065,22,54,1,400
"Linear Gaussian covariates and Bernoulli SBM, fixed mixed-signal SCAR design",94,"regenerated_from_competing_seeds",20454729,20554747,20654761,400,10,4,355,45,30,15,30,30,15,0.247769117355347,0.59,0.93,400,30,370,0.1,0.08,0.25,39.3,36.85,6826.5,888,108.75,6995,937,110,8042,0,8042,0,40.21,5.93202091874693,40.3432432432432,5.91846316665361,38.5666666666667,5.9520111543586,21,55,1,400
"Linear Gaussian covariates and Bernoulli SBM, fixed mixed-signal SCAR design",95,"regenerated_from_competing_seeds",20455729,20555747,20655761,400,10,2,355,45,30,15,30,30,15,0.257203817367554,0.59,1.31,400,30,370,0.1,0.08,0.25,39.3,36.85,6826.5,888,108.75,6951,900,105,7956,0,7956,0,39.78,6.24050958654415,40.0054054054054,6.24087174900307,37,5.62016075362189,21,58,1,400
"Linear Gaussian covariates and Bernoulli SBM, fixed mixed-signal SCAR design",96,"regenerated_from_competing_seeds",20456729,20556747,20656761,400,10,7,355,45,30,15,30,30,15,0.581995964050293,0.59,0.7,400,30,370,0.1,0.08,0.25,39.3,36.85,6826.5,888,108.75,6817,917,110,7844,0,7844,0,39.22,6.31198883138419,39.327027027027,6.26718336602983,37.9,6.81453821138914,24,63,1,400
"Linear Gaussian covariates and Bernoulli SBM, fixed mixed-signal SCAR design",97,"regenerated_from_competing_seeds",20457729,20557747,20657761,400,10,1,355,45,30,15,30,30,15,0.520502805709839,0.59,1.85,400,30,370,0.1,0.08,0.25,39.3,36.85,6826.5,888,108.75,6753,880,125,7758,0,7758,0,38.79,5.99965746724851,38.8810810810811,6.00739552519376,37.6666666666667,5.88588805202066,25,58,1,400
"Linear Gaussian covariates and Bernoulli SBM, fixed mixed-signal SCAR design",98,"regenerated_from_competing_seeds",20458729,20558747,20658761,400,10,10,355,45,30,15,30,30,15,0.526021957397461,0.59,0.59,400,30,370,0.1,0.08,0.25,39.3,36.85,6826.5,888,108.75,6869,887,106,7862,0,7862,0,39.31,6.25833979922843,39.527027027027,6.14509073887192,36.6333333333333,7.09775745708039,25,60,1,400
"Linear Gaussian covariates and Bernoulli SBM, fixed mixed-signal SCAR design",99,"regenerated_from_competing_seeds",20459729,20559747,20659761,400,10,1,355,45,30,15,30,30,15,0.430890083312988,0.59,1.85,400,30,370,0.1,0.08,0.25,39.3,36.85,6826.5,888,108.75,6776,871,105,7752,0,7752,0,38.76,6.09345760335704,38.9810810810811,6.10585652656098,36.0333333333333,5.30766091304033,23,58,1,400
"Linear Gaussian covariates and Bernoulli SBM, fixed mixed-signal SCAR design",100,"regenerated_from_competing_seeds",20460729,20560747,20660761,400,10,1,355,45,30,15,30,30,15,0.554290056228638,0.59,1.85,400,30,370,0.1,0.08,0.25,39.3,36.85,6826.5,888,108.75,6718,885,123,7726,0,7726,0,38.63,5.7915416675716,38.7054054054054,5.78449689313995,37.7,5.89652147602647,24,62,1,400
