"replicate","covariate_seed","network_seed","modularity_seed"
1,20361729,20461747,20561761
2,20362729,20462747,20562761
3,20363729,20463747,20563761
4,20364729,20464747,20564761
5,20365729,20465747,20565761
6,20366729,20466747,20566761
7,20367729,20467747,20567761
8,20368729,20468747,20568761
9,20369729,20469747,20569761
10,20370729,20470747,20570761
11,20371729,20471747,20571761
12,20372729,20472747,20572761
13,20373729,20473747,20573761
14,20374729,20474747,20574761
15,20375729,20475747,20575761
16,20376729,20476747,20576761
17,20377729,20477747,20577761
18,20378729,20478747,20578761
19,20379729,20479747,20579761
20,20380729,20480747,20580761
21,20381729,20481747,20581761
22,20382729,20482747,20582761
23,20383729,20483747,20583761
24,20384729,20484747,20584761
25,20385729,20485747,20585761
26,20386729,20486747,20586761
27,20387729,20487747,20587761
28,20388729,20488747,20588761
29,20389729,20489747,20589761
30,20390729,20490747,20590761
31,20391729,20491747,20591761
32,20392729,20492747,20592761
33,20393729,20493747,20593761
34,20394729,20494747,20594761
35,20395729,20495747,20595761
36,20396729,20496747,20596761
37,20397729,20497747,20597761
38,20398729,20498747,20598761
39,20399729,20499747,20599761
40,20400729,20500747,20600761
41,20401729,20501747,20601761
42,20402729,20502747,20602761
43,20403729,20503747,20603761
44,20404729,20504747,20604761
45,20405729,20505747,20605761
46,20406729,20506747,20606761
47,20407729,20507747,20607761
48,20408729,20508747,20608761
49,20409729,20509747,20609761
50,20410729,20510747,20610761
51,20411729,20511747,20611761
52,20412729,20512747,20612761
53,20413729,20513747,20613761
54,20414729,20514747,20614761
55,20415729,20515747,20615761
56,20416729,20516747,20616761
57,20417729,20517747,20617761
58,20418729,20518747,20618761
59,20419729,20519747,20619761
60,20420729,20520747,20620761
61,20421729,20521747,20621761
62,20422729,20522747,20622761
63,20423729,20523747,20623761
64,20424729,20524747,20624761
65,20425729,20525747,20625761
66,20426729,20526747,20626761
67,20427729,20527747,20627761
68,20428729,20528747,20628761
69,20429729,20529747,20629761
70,20430729,20530747,20630761
71,20431729,20531747,20631761
72,20432729,20532747,20632761
73,20433729,20533747,20633761
74,20434729,20534747,20634761
75,20435729,20535747,20635761
76,20436729,20536747,20636761
77,20437729,20537747,20637761
78,20438729,20538747,20638761
79,20439729,20539747,20639761
80,20440729,20540747,20640761
81,20441729,20541747,20641761
82,20442729,20542747,20642761
83,20443729,20543747,20643761
84,20444729,20544747,20644761
85,20445729,20545747,20645761
86,20446729,20546747,20646761
87,20447729,20547747,20647761
88,20448729,20548747,20648761
89,20449729,20549747,20649761
90,20450729,20550747,20650761
91,20451729,20551747,20651761
92,20452729,20552747,20652761
93,20453729,20553747,20653761
94,20454729,20554747,20654761
95,20455729,20555747,20655761
96,20456729,20556747,20656761
97,20457729,20557747,20657761
98,20458729,20558747,20658761
99,20459729,20559747,20659761
100,20460729,20560747,20660761
