Setting,Target,Replications,Mean_Spearman,SD_Spearman,Min_Spearman,Q05_Spearman,Median_Spearman,Q95_Spearman,Max_Spearman
DEFAULT,All units,100,0.9999999999999999,0.0,0.9999999999999999,0.9999999999999999,0.9999999999999999,0.9999999999999999,0.9999999999999999
DEFAULT,Unlabelled units,100,1.0,0.0,1.0,1.0,1.0,1.0,1.0
SIGMA_CONSERVATIVE,All units,100,0.9927134713471345,0.005196678633868945,0.9666726672667266,0.9843456345634563,0.9935973597359735,0.998157815781578,0.9987398739873985
SIGMA_CONSERVATIVE,Unlabelled units,100,0.9900996249413971,0.008331090453976567,0.9447491795593063,0.9762552742616035,0.9920651664322551,0.9974753867791843,0.9987810595405532
SIGMA_DIFFUSE,All units,100,0.9923225922592258,0.0031624706702987056,0.9845784578457845,0.9865580558055805,0.9927512751275127,0.9968502850285027,0.997971797179718
SIGMA_DIFFUSE,Unlabelled units,100,0.9882327707454291,0.005604402107332732,0.9701828410689171,0.9756938584153774,0.9883966244725739,0.9952695733708393,0.9978902953586499
ELL_CONSERVATIVE,All units,100,0.9979363936393636,0.0015149150794227988,0.9902790279027903,0.9954605460546053,0.9983558355835583,0.9992559255925593,0.9995559555955594
ELL_CONSERVATIVE,Unlabelled units,100,0.9964702297233943,0.0029041083310527567,0.9811298640412565,0.9914099859353025,0.9970932958274731,0.9987388654477263,0.9993905297702766
ELL_DIFFUSE,All units,100,0.9982455445544552,0.001053009433676864,0.9928592859285927,0.9965796579657964,0.9985358535853585,0.999090909090909,0.9994119411941192
ELL_DIFFUSE,Unlabelled units,100,0.996977262072199,0.0020432608495844734,0.9866385372714486,0.9940764181903422,0.9973980309423347,0.9987845757149555,0.9991561181434601
GAMMA_CONSERVATIVE,All units,100,0.9967413141314131,0.0021161270294692033,0.9884788478847883,0.9923642364236424,0.997137713771377,0.9988598859885988,0.9996879687968797
GAMMA_CONSERVATIVE,Unlabelled units,100,0.9943164556962028,0.003755954741251987,0.9785982184716362,0.9867205813408346,0.9950539146741679,0.9980332864510081,0.9994139709329585
GAMMA_DIFFUSE,All units,100,0.9975985598559854,0.0014286245739258995,0.9919831983198318,0.9951179117911789,0.9979177917791777,0.999123912391239,0.9995799579957995
GAMMA_DIFFUSE,Unlabelled units,100,0.9957381622128457,0.002572383024476424,0.9868963900609472,0.991108766994843,0.9963080168776373,0.9985712611345525,0.9992498827941865
BETA0_CONSERVATIVE,All units,100,0.998732313231323,0.0005513396637033098,0.9956075607560754,0.9978811881188118,0.9988718871887188,0.9993165316531651,0.9996039603960395
BETA0_CONSERVATIVE,Unlabelled units,100,0.9977140178152837,0.0010467866644394384,0.9917487107360526,0.9959528832630099,0.9979488982653539,0.9988525550867324,0.9992498827941865
BETA0_DIFFUSE,All units,100,0.9987398739873986,0.000505137364953907,0.9972997299729972,0.9977599759975996,0.9988838883888388,0.9993411341134112,0.9994119411941192
BETA0_DIFFUSE,Unlabelled units,100,0.9977151898734178,0.0009584271780675575,0.9948429442100327,0.9956809657759027,0.9980661040787624,0.9988056727613692,0.9991092358180966
ETA_CONSERVATIVE,All units,100,0.9985324932493248,0.000793725192310854,0.9939393939393938,0.9973393339333934,0.9986738673867386,0.9993297329732972,0.9995079507950793
ETA_CONSERVATIVE,Unlabelled units,100,0.9975825128926396,0.0014156726881676587,0.9885841537740271,0.9953914674167839,0.9977848101265824,0.9989721050164089,0.9993905297702766
ETA_DIFFUSE,All units,100,0.9987883588358833,0.0008178906931761193,0.9947314731473146,0.9969312931293128,0.9989798979897988,0.9994725472547253,0.9995799579957995
ETA_DIFFUSE,Unlabelled units,100,0.9978302859821846,0.0014049271652150346,0.991303328645101,0.9946225972808252,0.998241912798875,0.9990400843881858,0.9992264416315049
JOINT_CONSERVATIVE,All units,100,0.9935996399639965,0.003814632137151695,0.9744854485448544,0.9878823882388238,0.9943774377437743,0.9979495949594959,0.9984638463846383
JOINT_CONSERVATIVE,Unlabelled units,100,0.989433661509611,0.007240297685477087,0.951148616971402,0.9783286451007971,0.99086966713549,0.9970288326300984,0.9976793248945148
JOINT_DIFFUSE,All units,100,0.99513303330333,0.002578113393724918,0.9816621662166216,0.9907074707470747,0.9955955595559556,0.9980348034803479,0.9988118811881187
JOINT_DIFFUSE,Unlabelled units,100,0.9915658696671354,0.004919768144320106,0.9650023441162684,0.9826722925457104,0.9923347398030942,0.9967405063291142,0.9979371776840131
