"scenario","replicate","geometry_source","covariate_seed","network_seed","modularity_seed","n","n_true_zero","n_true_positive","n_observed_positive","n_hidden_positive","n_covariate_signal","n_network_signal","n_both_signal","n_nodes","n_network_signal","n_network_background","n_background_groups","n_signal_groups","n_legal_groups","edges_local","edges_closure","edges_final","mean_degree","mean_degree_network_background","mean_degree_network_signal","n_components","largest_component"
"Fixed mixed-signal hidden-positive design",1,"saved_competing_geometry",20361729,20461747,20561761,400,355,45,30,15,30,30,15,400,30,370,7,3,9,759,99,858,4.29,4.33513513513514,3.73333333333333,12,389
"Fixed mixed-signal hidden-positive design",2,"saved_competing_geometry",20362729,20462747,20562761,400,355,45,30,15,30,30,15,400,30,370,12,7,13,813,161,974,4.87,4.96756756756757,3.66666666666667,9,392
"Fixed mixed-signal hidden-positive design",3,"saved_competing_geometry",20363729,20463747,20563761,400,355,45,30,15,30,30,15,400,30,370,11,5,11,798,168,966,4.83,4.88648648648649,4.13333333333333,10,389
"Fixed mixed-signal hidden-positive design",4,"saved_competing_geometry",20364729,20464747,20564761,400,355,45,30,15,30,30,15,400,30,370,13,5,13,810,157,967,4.835,4.87567567567568,4.33333333333333,7,394
"Fixed mixed-signal hidden-positive design",5,"saved_competing_geometry",20365729,20465747,20565761,400,355,45,30,15,30,30,15,400,30,370,11,6,7,776,149,925,4.625,4.67837837837838,3.96666666666667,7,393
"Fixed mixed-signal hidden-positive design",6,"saved_competing_geometry",20366729,20466747,20566761,400,355,45,30,15,30,30,15,400,30,370,14,7,12,766,125,891,4.455,4.55675675675676,3.2,8,393
"Fixed mixed-signal hidden-positive design",7,"saved_competing_geometry",20367729,20467747,20567761,400,355,45,30,15,30,30,15,400,30,370,11,4,12,761,142,903,4.515,4.54864864864865,4.1,9,392
"Fixed mixed-signal hidden-positive design",8,"saved_competing_geometry",20368729,20468747,20568761,400,355,45,30,15,30,30,15,400,30,370,13,7,15,772,133,905,4.525,4.55945945945946,4.1,11,389
"Fixed mixed-signal hidden-positive design",9,"saved_competing_geometry",20369729,20469747,20569761,400,355,45,30,15,30,30,15,400,30,370,11,8,17,800,154,954,4.77,4.83513513513514,3.96666666666667,13,388
"Fixed mixed-signal hidden-positive design",10,"saved_competing_geometry",20370729,20470747,20570761,400,355,45,30,15,30,30,15,400,30,370,10,11,12,771,153,924,4.62,4.71891891891892,3.4,11,390
"Fixed mixed-signal hidden-positive design",11,"saved_competing_geometry",20371729,20471747,20571761,400,355,45,30,15,30,30,15,400,30,370,7,6,15,827,168,995,4.975,4.96756756756757,5.06666666666667,6,395
"Fixed mixed-signal hidden-positive design",12,"saved_competing_geometry",20372729,20472747,20572761,400,355,45,30,15,30,30,15,400,30,370,15,7,7,762,141,903,4.515,4.54324324324324,4.16666666666667,12,389
"Fixed mixed-signal hidden-positive design",13,"saved_competing_geometry",20373729,20473747,20573761,400,355,45,30,15,30,30,15,400,30,370,11,7,8,792,151,943,4.715,4.80810810810811,3.56666666666667,8,392
"Fixed mixed-signal hidden-positive design",14,"saved_competing_geometry",20374729,20474747,20574761,400,355,45,30,15,30,30,15,400,30,370,14,12,16,743,126,869,4.345,4.4,3.66666666666667,13,388
"Fixed mixed-signal hidden-positive design",15,"saved_competing_geometry",20375729,20475747,20575761,400,355,45,30,15,30,30,15,400,30,370,13,6,9,767,157,924,4.62,4.63513513513514,4.43333333333333,8,393
"Fixed mixed-signal hidden-positive design",16,"saved_competing_geometry",20376729,20476747,20576761,400,355,45,30,15,30,30,15,400,30,370,13,9,13,791,144,935,4.675,4.66216216216216,4.83333333333333,10,391
"Fixed mixed-signal hidden-positive design",17,"saved_competing_geometry",20377729,20477747,20577761,400,355,45,30,15,30,30,15,400,30,370,10,5,17,762,135,897,4.485,4.44864864864865,4.93333333333333,9,392
"Fixed mixed-signal hidden-positive design",18,"saved_competing_geometry",20378729,20478747,20578761,400,355,45,30,15,30,30,15,400,30,370,9,2,11,793,144,937,4.685,4.71351351351351,4.33333333333333,8,393
"Fixed mixed-signal hidden-positive design",19,"saved_competing_geometry",20379729,20479747,20579761,400,355,45,30,15,30,30,15,400,30,370,9,5,12,817,148,965,4.825,4.88918918918919,4.03333333333333,11,389
"Fixed mixed-signal hidden-positive design",20,"saved_competing_geometry",20380729,20480747,20580761,400,355,45,30,15,30,30,15,400,30,370,16,9,7,719,121,840,4.2,4.21351351351351,4.03333333333333,9,392
"Fixed mixed-signal hidden-positive design",21,"saved_competing_geometry",20381729,20481747,20581761,400,355,45,30,15,30,30,15,400,30,370,11,6,10,805,167,972,4.86,4.81621621621622,5.4,3,398
"Fixed mixed-signal hidden-positive design",22,"saved_competing_geometry",20382729,20482747,20582761,400,355,45,30,15,30,30,15,400,30,370,15,5,8,813,149,962,4.81,4.77297297297297,5.26666666666667,12,388
"Fixed mixed-signal hidden-positive design",23,"saved_competing_geometry",20383729,20483747,20583761,400,355,45,30,15,30,30,15,400,30,370,10,5,7,840,174,1014,5.07,5.07567567567568,5,6,395
"Fixed mixed-signal hidden-positive design",24,"saved_competing_geometry",20384729,20484747,20584761,400,355,45,30,15,30,30,15,400,30,370,8,5,11,734,120,854,4.27,4.26756756756757,4.3,9,391
"Fixed mixed-signal hidden-positive design",25,"saved_competing_geometry",20385729,20485747,20585761,400,355,45,30,15,30,30,15,400,30,370,15,4,14,815,155,970,4.85,4.81081081081081,5.33333333333333,8,393
"Fixed mixed-signal hidden-positive design",26,"saved_competing_geometry",20386729,20486747,20586761,400,355,45,30,15,30,30,15,400,30,370,9,7,12,813,151,964,4.82,4.83783783783784,4.6,10,391
"Fixed mixed-signal hidden-positive design",27,"saved_competing_geometry",20387729,20487747,20587761,400,355,45,30,15,30,30,15,400,30,370,10,8,13,793,136,929,4.645,4.68918918918919,4.1,11,390
"Fixed mixed-signal hidden-positive design",28,"saved_competing_geometry",20388729,20488747,20588761,400,355,45,30,15,30,30,15,400,30,370,13,6,13,787,159,946,4.73,4.8,3.86666666666667,8,392
"Fixed mixed-signal hidden-positive design",29,"saved_competing_geometry",20389729,20489747,20589761,400,355,45,30,15,30,30,15,400,30,370,19,6,15,774,143,917,4.585,4.61081081081081,4.26666666666667,10,391
"Fixed mixed-signal hidden-positive design",30,"saved_competing_geometry",20390729,20490747,20590761,400,355,45,30,15,30,30,15,400,30,370,11,3,13,763,131,894,4.47,4.52972972972973,3.73333333333333,11,389
"Fixed mixed-signal hidden-positive design",31,"saved_competing_geometry",20391729,20491747,20591761,400,355,45,30,15,30,30,15,400,30,370,13,4,10,772,149,921,4.605,4.64324324324324,4.13333333333333,11,390
"Fixed mixed-signal hidden-positive design",32,"saved_competing_geometry",20392729,20492747,20592761,400,355,45,30,15,30,30,15,400,30,370,11,3,11,816,127,943,4.715,4.74864864864865,4.3,6,395
"Fixed mixed-signal hidden-positive design",33,"saved_competing_geometry",20393729,20493747,20593761,400,355,45,30,15,30,30,15,400,30,370,13,6,10,810,160,970,4.85,4.85945945945946,4.73333333333333,5,396
"Fixed mixed-signal hidden-positive design",34,"saved_competing_geometry",20394729,20494747,20594761,400,355,45,30,15,30,30,15,400,30,370,13,6,9,848,156,1004,5.02,5.06486486486487,4.46666666666667,5,395
"Fixed mixed-signal hidden-positive design",35,"saved_competing_geometry",20395729,20495747,20595761,400,355,45,30,15,30,30,15,400,30,370,10,5,15,747,141,888,4.44,4.37567567567568,5.23333333333333,7,394
"Fixed mixed-signal hidden-positive design",36,"saved_competing_geometry",20396729,20496747,20596761,400,355,45,30,15,30,30,15,400,30,370,9,6,15,816,163,979,4.895,4.91621621621622,4.63333333333333,8,393
"Fixed mixed-signal hidden-positive design",37,"saved_competing_geometry",20397729,20497747,20597761,400,355,45,30,15,30,30,15,400,30,370,6,4,13,802,138,940,4.7,4.77297297297297,3.8,11,390
"Fixed mixed-signal hidden-positive design",38,"saved_competing_geometry",20398729,20498747,20598761,400,355,45,30,15,30,30,15,400,30,370,9,7,15,807,167,974,4.87,4.86756756756757,4.9,4,397
"Fixed mixed-signal hidden-positive design",39,"saved_competing_geometry",20399729,20499747,20599761,400,355,45,30,15,30,30,15,400,30,370,10,5,7,780,155,935,4.675,4.64324324324324,5.06666666666667,3,398
"Fixed mixed-signal hidden-positive design",40,"saved_competing_geometry",20400729,20500747,20600761,400,355,45,30,15,30,30,15,400,30,370,10,4,8,773,153,926,4.63,4.63243243243243,4.6,10,391
"Fixed mixed-signal hidden-positive design",41,"saved_competing_geometry",20401729,20501747,20601761,400,355,45,30,15,30,30,15,400,30,370,14,4,12,809,155,964,4.82,4.84864864864865,4.46666666666667,8,393
"Fixed mixed-signal hidden-positive design",42,"saved_competing_geometry",20402729,20502747,20602761,400,355,45,30,15,30,30,15,400,30,370,13,4,12,838,141,979,4.895,4.86756756756757,5.23333333333333,4,397
"Fixed mixed-signal hidden-positive design",43,"saved_competing_geometry",20403729,20503747,20603761,400,355,45,30,15,30,30,15,400,30,370,8,3,11,782,130,912,4.56,4.56216216216216,4.53333333333333,13,388
"Fixed mixed-signal hidden-positive design",44,"saved_competing_geometry",20404729,20504747,20604761,400,355,45,30,15,30,30,15,400,30,370,14,6,14,801,131,932,4.66,4.69459459459459,4.23333333333333,8,393
"Fixed mixed-signal hidden-positive design",45,"saved_competing_geometry",20405729,20505747,20605761,400,355,45,30,15,30,30,15,400,30,370,11,9,13,800,164,964,4.82,4.85675675675676,4.36666666666667,8,393
"Fixed mixed-signal hidden-positive design",46,"saved_competing_geometry",20406729,20506747,20606761,400,355,45,30,15,30,30,15,400,30,370,15,5,11,847,198,1045,5.225,5.22702702702703,5.2,7,393
"Fixed mixed-signal hidden-positive design",47,"saved_competing_geometry",20407729,20507747,20607761,400,355,45,30,15,30,30,15,400,30,370,14,3,11,798,147,945,4.725,4.74864864864865,4.43333333333333,8,393
"Fixed mixed-signal hidden-positive design",48,"saved_competing_geometry",20408729,20508747,20608761,400,355,45,30,15,30,30,15,400,30,370,8,7,13,785,143,928,4.64,4.70810810810811,3.8,7,394
"Fixed mixed-signal hidden-positive design",49,"saved_competing_geometry",20409729,20509747,20609761,400,355,45,30,15,30,30,15,400,30,370,13,9,8,753,141,894,4.47,4.54864864864865,3.5,9,389
"Fixed mixed-signal hidden-positive design",50,"saved_competing_geometry",20410729,20510747,20610761,400,355,45,30,15,30,30,15,400,30,370,10,5,9,796,150,946,4.73,4.76216216216216,4.33333333333333,9,392
"Fixed mixed-signal hidden-positive design",51,"saved_competing_geometry",20411729,20511747,20611761,400,355,45,30,15,30,30,15,400,30,370,9,8,15,836,165,1001,5.005,5.06216216216216,4.3,5,395
"Fixed mixed-signal hidden-positive design",52,"saved_competing_geometry",20412729,20512747,20612761,400,355,45,30,15,30,30,15,400,30,370,13,7,11,811,141,952,4.76,4.74324324324324,4.96666666666667,5,396
"Fixed mixed-signal hidden-positive design",53,"saved_competing_geometry",20413729,20513747,20613761,400,355,45,30,15,30,30,15,400,30,370,9,6,10,846,149,995,4.975,5.03783783783784,4.2,7,394
"Fixed mixed-signal hidden-positive design",54,"saved_competing_geometry",20414729,20514747,20614761,400,355,45,30,15,30,30,15,400,30,370,10,8,11,790,159,949,4.745,4.78918918918919,4.2,5,396
"Fixed mixed-signal hidden-positive design",55,"saved_competing_geometry",20415729,20515747,20615761,400,355,45,30,15,30,30,15,400,30,370,11,6,14,769,115,884,4.42,4.41081081081081,4.53333333333333,12,387
"Fixed mixed-signal hidden-positive design",56,"saved_competing_geometry",20416729,20516747,20616761,400,355,45,30,15,30,30,15,400,30,370,13,7,10,799,153,952,4.76,4.78108108108108,4.5,9,392
"Fixed mixed-signal hidden-positive design",57,"saved_competing_geometry",20417729,20517747,20617761,400,355,45,30,15,30,30,15,400,30,370,12,8,11,802,142,944,4.72,4.71891891891892,4.73333333333333,5,396
"Fixed mixed-signal hidden-positive design",58,"saved_competing_geometry",20418729,20518747,20618761,400,355,45,30,15,30,30,15,400,30,370,11,4,18,831,162,993,4.965,4.97297297297297,4.86666666666667,4,397
"Fixed mixed-signal hidden-positive design",59,"saved_competing_geometry",20419729,20519747,20619761,400,355,45,30,15,30,30,15,400,30,370,11,9,10,797,159,956,4.78,4.76756756756757,4.93333333333333,6,395
"Fixed mixed-signal hidden-positive design",60,"saved_competing_geometry",20420729,20520747,20620761,400,355,45,30,15,30,30,15,400,30,370,14,6,12,793,124,917,4.585,4.51621621621622,5.43333333333333,9,392
"Fixed mixed-signal hidden-positive design",61,"saved_competing_geometry",20421729,20521747,20621761,400,355,45,30,15,30,30,15,400,30,370,17,9,14,771,151,922,4.61,4.61081081081081,4.6,14,387
"Fixed mixed-signal hidden-positive design",62,"saved_competing_geometry",20422729,20522747,20622761,400,355,45,30,15,30,30,15,400,30,370,12,6,11,776,169,945,4.725,4.70540540540541,4.96666666666667,10,391
"Fixed mixed-signal hidden-positive design",63,"saved_competing_geometry",20423729,20523747,20623761,400,355,45,30,15,30,30,15,400,30,370,10,6,13,810,163,973,4.865,4.86486486486486,4.86666666666667,6,395
"Fixed mixed-signal hidden-positive design",64,"saved_competing_geometry",20424729,20524747,20624761,400,355,45,30,15,30,30,15,400,30,370,16,6,6,787,155,942,4.71,4.72162162162162,4.56666666666667,3,398
"Fixed mixed-signal hidden-positive design",65,"saved_competing_geometry",20425729,20525747,20625761,400,355,45,30,15,30,30,15,400,30,370,10,6,16,781,138,919,4.595,4.61891891891892,4.3,11,390
"Fixed mixed-signal hidden-positive design",66,"saved_competing_geometry",20426729,20526747,20626761,400,355,45,30,15,30,30,15,400,30,370,13,7,7,816,136,952,4.76,4.83513513513514,3.83333333333333,6,395
"Fixed mixed-signal hidden-positive design",67,"saved_competing_geometry",20427729,20527747,20627761,400,355,45,30,15,30,30,15,400,30,370,11,5,13,799,146,945,4.725,4.72702702702703,4.7,5,395
"Fixed mixed-signal hidden-positive design",68,"saved_competing_geometry",20428729,20528747,20628761,400,355,45,30,15,30,30,15,400,30,370,11,6,10,797,141,938,4.69,4.72702702702703,4.23333333333333,10,388
"Fixed mixed-signal hidden-positive design",69,"saved_competing_geometry",20429729,20529747,20629761,400,355,45,30,15,30,30,15,400,30,370,8,6,16,821,185,1006,5.03,5.10810810810811,4.06666666666667,8,392
"Fixed mixed-signal hidden-positive design",70,"saved_competing_geometry",20430729,20530747,20630761,400,355,45,30,15,30,30,15,400,30,370,7,5,13,778,144,922,4.61,4.63783783783784,4.26666666666667,8,392
"Fixed mixed-signal hidden-positive design",71,"saved_competing_geometry",20431729,20531747,20631761,400,355,45,30,15,30,30,15,400,30,370,9,6,14,761,134,895,4.475,4.53513513513514,3.73333333333333,11,390
"Fixed mixed-signal hidden-positive design",72,"saved_competing_geometry",20432729,20532747,20632761,400,355,45,30,15,30,30,15,400,30,370,11,4,10,805,151,956,4.78,4.77027027027027,4.9,3,398
"Fixed mixed-signal hidden-positive design",73,"saved_competing_geometry",20433729,20533747,20633761,400,355,45,30,15,30,30,15,400,30,370,8,7,7,792,169,961,4.805,4.88918918918919,3.76666666666667,14,386
"Fixed mixed-signal hidden-positive design",74,"saved_competing_geometry",20434729,20534747,20634761,400,355,45,30,15,30,30,15,400,30,370,14,7,9,765,129,894,4.47,4.52162162162162,3.83333333333333,6,394
"Fixed mixed-signal hidden-positive design",75,"saved_competing_geometry",20435729,20535747,20635761,400,355,45,30,15,30,30,15,400,30,370,7,5,10,788,152,940,4.7,4.74324324324324,4.16666666666667,11,390
"Fixed mixed-signal hidden-positive design",76,"saved_competing_geometry",20436729,20536747,20636761,400,355,45,30,15,30,30,15,400,30,370,9,5,10,765,161,926,4.63,4.69189189189189,3.86666666666667,14,386
"Fixed mixed-signal hidden-positive design",77,"saved_competing_geometry",20437729,20537747,20637761,400,355,45,30,15,30,30,15,400,30,370,12,5,11,784,158,942,4.71,4.6972972972973,4.86666666666667,6,395
"Fixed mixed-signal hidden-positive design",78,"saved_competing_geometry",20438729,20538747,20638761,400,355,45,30,15,30,30,15,400,30,370,11,8,5,815,168,983,4.915,4.88378378378378,5.3,5,396
"Fixed mixed-signal hidden-positive design",79,"saved_competing_geometry",20439729,20539747,20639761,400,355,45,30,15,30,30,15,400,30,370,10,6,14,773,149,922,4.61,4.62972972972973,4.36666666666667,11,390
"Fixed mixed-signal hidden-positive design",80,"saved_competing_geometry",20440729,20540747,20640761,400,355,45,30,15,30,30,15,400,30,370,9,9,7,821,183,1004,5.02,5.06756756756757,4.43333333333333,12,389
"Fixed mixed-signal hidden-positive design",81,"saved_competing_geometry",20441729,20541747,20641761,400,355,45,30,15,30,30,15,400,30,370,15,6,7,773,156,929,4.645,4.70540540540541,3.9,8,393
"Fixed mixed-signal hidden-positive design",82,"saved_competing_geometry",20442729,20542747,20642761,400,355,45,30,15,30,30,15,400,30,370,11,4,15,772,156,928,4.64,4.68648648648649,4.06666666666667,8,393
"Fixed mixed-signal hidden-positive design",83,"saved_competing_geometry",20443729,20543747,20643761,400,355,45,30,15,30,30,15,400,30,370,13,4,15,831,149,980,4.9,4.98378378378378,3.86666666666667,10,391
"Fixed mixed-signal hidden-positive design",84,"saved_competing_geometry",20444729,20544747,20644761,400,355,45,30,15,30,30,15,400,30,370,10,5,14,854,160,1014,5.07,5.09459459459459,4.76666666666667,6,395
"Fixed mixed-signal hidden-positive design",85,"saved_competing_geometry",20445729,20545747,20645761,400,355,45,30,15,30,30,15,400,30,370,17,10,13,802,150,952,4.76,4.78648648648649,4.43333333333333,5,396
"Fixed mixed-signal hidden-positive design",86,"saved_competing_geometry",20446729,20546747,20646761,400,355,45,30,15,30,30,15,400,30,370,11,5,11,810,149,959,4.795,4.80540540540541,4.66666666666667,6,395
"Fixed mixed-signal hidden-positive design",87,"saved_competing_geometry",20447729,20547747,20647761,400,355,45,30,15,30,30,15,400,30,370,8,7,6,823,187,1010,5.05,5.04594594594595,5.1,3,398
"Fixed mixed-signal hidden-positive design",88,"saved_competing_geometry",20448729,20548747,20648761,400,355,45,30,15,30,30,15,400,30,370,11,4,9,846,163,1009,5.045,4.89459459459459,6.9,6,394
"Fixed mixed-signal hidden-positive design",89,"saved_competing_geometry",20449729,20549747,20649761,400,355,45,30,15,30,30,15,400,30,370,8,7,14,802,153,955,4.775,4.76216216216216,4.93333333333333,7,394
"Fixed mixed-signal hidden-positive design",90,"saved_competing_geometry",20450729,20550747,20650761,400,355,45,30,15,30,30,15,400,30,370,16,4,16,790,141,931,4.655,4.71351351351351,3.93333333333333,14,387
"Fixed mixed-signal hidden-positive design",91,"saved_competing_geometry",20451729,20551747,20651761,400,355,45,30,15,30,30,15,400,30,370,11,8,11,740,113,853,4.265,4.31351351351351,3.66666666666667,12,388
"Fixed mixed-signal hidden-positive design",92,"saved_competing_geometry",20452729,20552747,20652761,400,355,45,30,15,30,30,15,400,30,370,15,12,11,816,145,961,4.805,4.86216216216216,4.1,7,394
"Fixed mixed-signal hidden-positive design",93,"saved_competing_geometry",20453729,20553747,20653761,400,355,45,30,15,30,30,15,400,30,370,13,6,9,809,134,943,4.715,4.65675675675676,5.43333333333333,11,390
"Fixed mixed-signal hidden-positive design",94,"saved_competing_geometry",20454729,20554747,20654761,400,355,45,30,15,30,30,15,400,30,370,10,7,13,805,203,1008,5.04,5.06216216216216,4.76666666666667,14,387
"Fixed mixed-signal hidden-positive design",95,"saved_competing_geometry",20455729,20555747,20655761,400,355,45,30,15,30,30,15,400,30,370,16,10,12,815,162,977,4.885,4.91891891891892,4.46666666666667,6,395
"Fixed mixed-signal hidden-positive design",96,"saved_competing_geometry",20456729,20556747,20656761,400,355,45,30,15,30,30,15,400,30,370,10,3,11,789,139,928,4.64,4.64054054054054,4.63333333333333,9,392
"Fixed mixed-signal hidden-positive design",97,"saved_competing_geometry",20457729,20557747,20657761,400,355,45,30,15,30,30,15,400,30,370,12,7,7,818,184,1002,5.01,5.01081081081081,5,7,394
"Fixed mixed-signal hidden-positive design",98,"saved_competing_geometry",20458729,20558747,20658761,400,355,45,30,15,30,30,15,400,30,370,16,8,6,784,156,940,4.7,4.78108108108108,3.7,11,390
"Fixed mixed-signal hidden-positive design",99,"saved_competing_geometry",20459729,20559747,20659761,400,355,45,30,15,30,30,15,400,30,370,11,7,13,780,157,937,4.685,4.7,4.5,9,391
"Fixed mixed-signal hidden-positive design",100,"saved_competing_geometry",20460729,20560747,20660761,400,355,45,30,15,30,30,15,400,30,370,9,6,10,778,159,937,4.685,4.64864864864865,5.13333333333333,8,393
