"node","T","Y","X1","X2","X3","X4","X5","X6","X7","X8","X9","X10"
1,0,0,0.199818617539164,-0.58620787471883,-1.27273643129462,-1.1742069780838,0.910313598988245,-1.97285071128587,-0.451588227338848,0.373377279333458,0.759815312564617,-1.60057686632732
2,0,0,-1.33553111610405,-0.263709730348493,2.03090864741649,0.601178458522192,0.606178658428134,0.528603417299803,0.639973987534228,0.932613503764246,0.218441964552376,0.635403820723634
3,0,0,0.642781943801128,-0.690970307829784,1.06180416051624,-0.722888926497134,-0.892748430414067,-0.68838138813913,1.0836482284435,-1.32732124978486,1.03665765878465,0.0739082070633491
4,0,0,-1.50553025821722,0.49223798435248,-0.881644286947925,0.612240460351816,1.67419052091538,-1.6252732364936,0.243612478584172,-0.234727490536952,-1.1049044132706,0.128956091753615
5,0,0,-0.798581285338228,1.78612032496882,-0.0532509452177578,-0.0477520721899204,-0.519532646795856,-0.353504715744166,1.67334241321203,0.157923107409281,0.142860362481862,0.626867250664777
6,0,0,1.16411880450683,1.48202876675951,0.450758669514577,0.114700971068657,0.0424231467065181,1.95825179359859,1.64312100908021,0.684730285167138,-1.11818376215829,0.615458966778223
7,0,0,0.299186610463197,-1.24150161419652,-0.792026334087488,-1.65481357766171,0.626826912084381,-0.238787004914388,1.4662607971219,0.196088878292232,-0.234468744867204,-1.04906874261541
8,0,0,-0.991775513678519,0.844367457543455,0.0169776174513755,0.883770121317326,-0.222721480524432,-0.0319667360854307,-0.729304081192572,-0.296799913265721,0.978602309962965,0.816732514924817
9,0,0,1.47638489084532,-0.744160426386949,-0.743036707291172,0.0240801047776604,-1.49141962665928,-0.972871590175051,-0.823700870376472,0.0594264570804378,1.34375570269372,-0.926912625276988
10,0,0,0.789220595536245,0.546966364675187,0.100825614008177,-0.0319379863115197,-0.315392039814425,-0.467677653060579,-1.06872648306757,0.311696963938091,-2.60553084284142,-0.0438326908817489
11,0,0,0.317614930500077,0.563606671207032,-0.781111690929651,-0.628163831294385,0.4889247155201,-0.884210135308681,0.522966528487971,0.557847847018976,0.666233366578629,-0.0663019948118244
12,0,0,-0.100177672354276,0.670595611248884,0.15812018262417,-0.152373232722651,-1.3277084268128,0.142655535880484,2.37258874524939,-1.62188688881113,0.524145601661793,-0.271791837284356
13,0,0,0.989077687860536,-0.037684856191385,-1.5698809197028,-1.96967340792333,-0.459444286670307,0.626528090109635,-0.888561472362132,1.62993977322111,-1.3463118708643,0.674418294426319
14,0,0,-1.70120620780336,0.249554908378805,-2.10308062970462,-1.46799934694235,-0.0284557710500495,-0.649314480711736,-0.817714909923009,-0.0978110272625223,-1.47362487590153,-0.224543131028842
15,0,0,1.62969693550568,1.23702426311317,-1.72231200918474,1.54846362457774,-0.749517348812463,1.22000578125417,1.70618179188312,-1.09607329972664,0.873651422738564,-0.544947064851308
16,0,0,-0.651630588725639,0.19428668011119,-0.271928166324346,-1.5916926569612,0.407901539198076,-0.0949528730162431,-0.827778109374763,0.494498758332698,2.14666420824359,-1.9394746443989
17,0,0,-1.48277211720388,-0.0612345406978274,0.240938155520819,0.195859602388374,-1.17258896344473,-0.493595955065041,-0.302110200873332,1.81984933446396,-0.0936019730339605,0.522313318829117
18,0,0,0.159188262570005,3.12097945333608,0.387480227083603,-1.10733551547084,0.697751116936273,0.736781849403491,-0.274628293531909,1.91881802719497,0.29194703847313,-0.627766088691736
19,0,0,-1.52241382008206,1.36223499008921,-0.59692439149541,1.58361103766559,1.1350682289324,-1.4478936728284,-0.0638323079573122,-0.658944499956253,-0.0951596256443891,0.777066238404034
20,0,0,0.018826089427584,0.376264955068226,0.664689942217193,-0.565789588626989,-1.29486937179452,-1.37341878476255,-1.11216117042592,-0.604146793914128,-0.483814114272394,-0.639636634014916
21,0,0,-0.623738220224997,1.04827950544933,0.0764957660498568,0.518740661268262,-1.42367803432032,-1.04270010431548,0.587915123446416,0.420878462602651,0.00555206849305536,1.35117845694969
22,0,0,-0.159539872369289,0.212320983807503,0.664516830815844,-2.50700797649615,1.18612783733766,-0.0403205714666445,-0.378800826392728,2.43830091971364,0.63961233848465,-0.440748264501787
23,0,0,0.60811586506359,-1.06023164149657,0.849282231801361,0.755848378932968,-1.12503283946527,-0.192518680929215,0.478260139791083,0.149820688758376,0.0427335955943009,-0.888439271383483
24,0,0,0.682588393561416,-1.18220497814951,1.3299652447725,-0.433196494626379,-1.13108429072721,-0.939698271178528,-0.903977589895466,0.684006293712101,-1.26509493488893,-0.441840620047477
25,0,0,0.663224593391182,0.57275377414667,1.5514952479402,0.867127000208791,0.307776118208815,-0.158912471329716,0.221630183833679,-2.09557413295442,-1.85742029240983,0.284900236861219
26,0,0,0.431863794640804,-0.184142091158318,-0.229094326012377,-0.487533378088068,-0.822977252289057,0.596516691184953,-0.299047432899553,-2.51260559761222,0.640402528989294,0.76626195773911
27,0,0,0.0619428427017901,1.10156313257922,0.752725746722655,0.335161825786679,1.00815934969729,0.154256705316393,-0.150869972503206,2.37456460386939,2.36869504932333,-1.40945908947079
28,0,0,-1.78433758230053,1.28253758969416,0.36853453920757,1.49508824116857,-0.794774823214772,1.45100416194587,-1.30190635312581,1.15311140725736,-1.60987321279706,1.18118488619234
29,0,0,-0.30426342253489,-0.0465557141096971,1.76012206442303,0.0104670059633774,-0.712733741127263,0.111273581337512,-0.594292837931431,1.15031958988012,-0.244402396887965,0.796983882914654
30,0,0,0.292626262777641,0.78425983177083,-0.967876639241235,0.566242651079453,-0.795700146568499,-1.22355384969779,0.223978358508124,-1.02266079977052,0.732368047350563,2.75775461854103
31,0,0,-0.351228771425749,0.632862427898637,-1.34954509577995,0.168095747258596,-0.749080705702363,-1.01743749149651,0.372029396004501,0.593251754772344,-1.18061336498749,-0.683876417198812
32,0,0,0.116665994566879,2.08139833444786,-0.407632993551089,-0.84746482069958,-1.63196585890479,1.71481038135219,0.0303452986144072,1.2253710735703,-1.26630688036806,2.04113546958952
33,0,0,-0.673555262870952,0.561299020225659,0.30436852368615,1.13341475551107,-1.37229529815475,0.283312089664039,-0.464441371482552,1.04110262867541,-3.06363425606919,1.39769181844345
34,0,0,-1.40892443186511,1.02654989834168,-0.156945215509117,-0.195199670387618,-0.90755586542652,0.280812193350911,-0.087388138495121,-0.284976156848392,-1.24576440416298,0.480387621378718
35,0,0,0.594052923200472,-0.108761077212864,-1.31688138030459,-0.875659161240071,0.802600294179434,-0.416930831930093,-1.40189661579665,0.531650393596751,0.647013954704196,1.70639812815412
36,0,0,-0.268997513695096,0.566807061908386,-1.12687934909628,-0.335988407049306,0.985119848626781,-0.390898650262174,-0.469084316593578,-0.402581833456437,0.0946194378701908,0.358759032757211
37,0,0,-0.15533209125162,-0.917784082291883,-0.892331273924193,1.84748350470201,0.315499626163036,-0.461837881660249,0.851761472041834,-2.21531570636109,-0.671056785743723,-1.51806991741137
38,0,0,-0.247182210611752,-1.55375349287938,-1.32814227148282,0.678858143297448,-1.15746198272971,-0.852890157547648,0.541506550745549,0.0172043389427068,1.22146343884972,-1.04971064500988
39,0,0,0.570614243011817,1.42864950776188,1.87748716395524,1.52870801552945,1.51456487121555,0.159142828005579,0.634195368728056,1.68595488425105,0.072272765930602,-0.693936257608235
40,0,0,0.202878554166,-0.913637873933114,1.59821152096995,1.08986650715506,0.825829794369795,-0.454230770326986,1.10791008550905,-0.511071039964455,-0.357398232549204,-1.39332132552418
41,0,0,-0.465145095639432,0.49932671747536,-1.05833514640908,-1.19104766295315,0.814384536393337,0.0618121700568414,1.32054338636946,0.634566481068143,-0.295590596090232,-0.947746651317184
42,0,0,-1.1120409531505,0.514531742954416,0.769806758749885,-0.408079645954758,-0.21131164445148,0.987582808488478,0.899654440609629,0.497972085965062,2.37904509677268,-1.09887670664453
43,0,0,-0.219369535612428,0.706587360823159,0.232784216547922,-1.32997765777169,-0.986774694631866,0.912056281177896,-0.103246054432756,1.30958478842805,-0.471769095368977,-0.0343474455236208
44,0,0,0.194640099394395,-0.114265554677512,-0.735734287895994,0.721803732431529,-0.0160887597625594,-1.15212491481222,-0.850893450134794,-0.118753243881782,-1.26644116816948,-0.575257487502265
45,0,0,-1.68100426940355,0.684156391913908,0.993852300502791,-0.58945160099992,0.376687977480068,-0.813408427243557,-1.22396092608167,-1.31201374887501,-0.694509298955999,0.679694828774171
46,0,0,-1.3702360447516,-1.10972762910961,-0.250244708196046,1.4997379857245,0.176046369234243,1.5814105449232,-0.499443753930248,-1.11148987887715,1.12000302787753,1.88220003498986
47,0,0,0.482444604374516,1.56771040524502,-0.0760858326935027,-0.966238826440773,0.353615400375928,-0.352872483842558,-0.817609527694001,0.496603901129237,1.10038562700844,1.05265292185067
48,0,0,-0.451245702898946,0.911473052361175,0.491815517804081,-0.47366415626076,0.193180485446982,-0.242529285689815,-0.713082346357647,1.31441456105798,0.441793193161844,-0.966871853644255
49,0,0,0.971172437229834,0.79370484225238,0.442165934809337,-0.631258542571334,2.09925309588333,0.906674207766704,0.802655116622955,-0.0323078407441249,0.412167125947086,-0.459768466855891
50,0,0,-0.924619109100517,-0.391237167516457,-1.40986103926704,0.241653285017314,1.74943898219833,0.590625759379904,-2.2075557451832,1.41341293234947,0.805180371809871,2.77933909237503
51,0,0,-0.590384447768899,-1.78855254452492,0.11523004466967,2.346339413477,2.44952903009391,0.401184672201806,-1.6867518720305,0.155248075807218,1.47468733215724,-0.406335276783714
52,0,0,0.702965124321668,0.545923446547962,0.52107167985487,0.297218424568227,-0.851053073988987,0.679231314081008,1.57038787572766,0.802054314397302,1.6973757883598,-1.73841970075196
53,0,0,-0.943489629519081,0.239113709327313,-1.22679455638749,1.0419475980522,0.201566979691423,-0.218843135730115,-1.23268536068197,0.411407047460841,-0.86783461913019,0.797165419355643
54,0,0,-0.47376536514882,0.826801031131046,0.858304171924544,-0.239590016858806,-0.94930800112445,-1.13991053663135,-1.95240796555969,-1.31218531238517,-1.09704978083616,0.660799852727613
55,0,0,-2.09885612766924,-1.26148706747238,-1.29622357931155,-1.44572171417297,-0.756788247586119,0.850754423854282,0.361330523431147,0.283415700748528,0.157106790836284,-1.13449517955297
56,0,0,1.41690840358307,-0.590661998349552,-0.518442423923417,-0.151580031416846,0.17196390920027,-0.0365256244925473,-1.67454861898418,0.929375369831469,0.0365373260505826,-1.19274950063488
57,0,0,-0.0861661673658987,2.10841935634116,-0.188772993604738,0.300169054267461,0.40956375129385,0.919195944225576,-0.591993051551322,0.0648264132989115,0.910912302970028,0.41403605068702
58,0,0,-0.973360631005242,1.98479191986824,0.116075037436812,-0.818152198380493,-0.159713693938307,0.287856260620388,1.41796603005133,-0.706747787119552,-0.0259516733599721,-1.03758084117019
59,0,0,1.15707766372094,0.656941389117223,0.294706404185447,-1.72526827135173,1.15021549402496,1.66298261950069,-0.676296760139798,-0.268338642354509,0.472267940155771,-0.0624644924934564
60,0,0,-0.694654816935209,0.233084029493038,-0.808886449450931,-1.55647259619418,-0.645739894216676,-1.18355907988203,-1.3886549604053,-1.05774820638317,0.972306373593113,-0.540920001950102
61,0,0,-1.01570713451288,-1.90843823062519,-1.27463514927808,-0.935749048426237,0.950889630791446,-0.387832399135535,-0.195650390941063,-0.378278476382915,0.87273913869246,-1.29592836442343
62,0,0,0.807525659578649,1.23198586819357,0.875612244201499,-0.0471681230128317,-0.200614649622052,0.361386369672436,0.449447744635261,0.478539817418557,-0.232564191796879,-0.836618777180183
63,0,0,0.259487068628456,0.465376163939609,0.504443250093708,0.222980792026269,-1.00719807773166,-0.233685099537848,0.241560338313922,0.370582911133024,0.538424656753373,-1.88738150805521
64,0,0,1.12141002572899,0.484117744565258,0.840358864134272,-0.703207456378049,-1.61244482534469,-0.153256143120571,0.0125829776103108,0.707519361518399,-0.0430866476609409,-0.133419326060617
65,0,0,-0.89742056434184,-0.63290472087339,0.509354024605803,-0.734939843883279,0.653601021526969,1.04346344482376,-1.70684429793181,-0.0376984265009714,1.56624703978363,-0.744533037435273
66,0,0,-1.09887034241238,0.94535290886995,0.980209496905871,-0.520524619939481,0.71263752582621,0.346960358784162,-1.11528343546088,-1.38389938479032,-0.637089590987077,-2.49670908223882
67,0,0,-1.55488446942972,0.149359619352153,0.450954631709648,-0.448228192197148,1.73015650076827,-1.73618149012139,0.824026323555986,-1.6454207480495,-0.0758679133405675,1.3876941422892
68,0,0,-0.372922412244435,0.703740643395183,1.68304571125566,-0.926599724370028,-0.508210059341006,-0.364074754123721,0.587186240783303,-0.314345808295144,-0.720393913523872,1.34045857530117
69,0,0,0.724008247439797,0.427897940471193,0.663751659606373,0.0527175845055005,-1.43278107731772,-1.51864443811793,0.518437359783464,0.831608214645275,-0.0616496885930715,-0.986423151539039
70,0,0,-1.30050278042149,0.556051092209799,-0.971623652758133,0.868260968610222,0.563352592878044,-0.445680013797297,3.14421263477621,0.47572494007267,-0.324056248977562,-2.25724941950262
71,1,0,-1.27386729964355,-0.97583721932505,-0.443300134750342,0.18832565818996,-0.597847856809605,0.952503743748399,1.33064594580461,1.47242423271276,-0.651898127903973,1.33515954735864
72,1,0,0.25969904756093,1.04566748562435,-0.811350152964648,1.76082008943022,0.313611786934391,0.832842226500693,1.48405757010405,1.3961517849922,1.35287901232126,1.3061465115757
73,1,0,0.58899977245637,-0.549284142867952,2.19540269644198,0.847427702406105,1.9892437710813,0.295746802426427,-0.382768962254419,1.03980161655654,-0.635432697142932,2.07311088819317
74,1,0,-0.485135720932043,1.8207679225445,1.88421899026242,1.01237883035117,0.191407620107296,-0.975739979463659,-0.914432821813667,0.9889760584053,1.17858425555391,0.680225222150736
75,1,0,-0.624436227459514,-0.781556746158353,0.664808180187918,1.31005515378585,-0.888152058139626,0.750938996938741,1.90742261775506,0.226185681132301,1.51229700118795,2.53134174314864
76,1,0,-0.600240099253176,-0.3178856196945,1.99169141288047,0.29233157710394,0.826311588620607,0.779404185030943,0.403969689790141,-0.446988371681391,0.698499128366854,1.35662642326959
77,1,0,1.2398050106649,-0.806337494393965,0.712384797630423,2.017801626229,1.35877740686613,2.04426439334586,1.39945108226218,2.83615154469991,-0.465825194039492,-0.60892585483378
78,1,0,-0.954068208469707,0.135033177299806,0.633615819509212,1.03620689507428,-0.0700264547664415,-0.768165639319678,1.7054243031544,-0.0845701242745317,-1.03756528531595,-0.894049828044588
79,1,0,-0.484089115975097,0.44165962602175,-0.0688722176762457,-0.683772944847798,2.10594353975804,-0.131861965648285,0.163777421965058,1.68418576185399,0.605448104835494,0.415429874499223
80,1,0,1.52744882483334,2.25749802542122,0.767846750444547,0.689612072607642,1.9665921936266,0.71472949235287,-0.1686915660195,0.780844759235146,-2.04484876668497,-0.526552794113015
81,1,1,1.04206075255882,0.799786311875922,1.41816715019374,-0.110888509828363,-0.141043944540895,2.03615541999478,0.422230861519595,-0.27843946487495,2.40539255978225,2.57959666344933
82,1,1,1.55580802102502,1.57206956981049,0.300263258766084,0.412633244380403,-0.0053841002244901,2.05011510563114,0.44823898751246,2.36561170330489,2.12287171471475,-0.672006056687381
83,1,1,-1.12420804263199,-0.6435724134536,0.323402697201031,0.513721597616123,0.987001961440796,1.65735820553213,-0.423634434731057,1.65029577683424,1.05959439028983,0.696184459924392
84,1,1,0.585605128369413,0.167461845311279,0.696286335190055,0.906559099840342,0.989596873512014,-0.6170800388007,1.38693886467569,0.836613997093971,1.29488768588724,-0.503002342871531
85,1,1,-0.838884228767628,0.988701588047317,0.00316787083757758,0.978964247596243,1.33315818281216,-0.0759281010748091,0.340636061010851,0.818108356417779,1.45431062204371,-0.995398173785814
86,1,1,0.509523669013688,0.0944894424939969,0.130936393136558,1.42174698463477,1.01995632519886,3.66913004147144,1.8484348929303,-0.289408760276605,0.204891934066984,0.653878559471664
87,1,1,0.396234265375108,0.245221925802037,0.25308840483573,1.54909900204104,0.763877576704374,0.904851676853302,-0.888177277198328,-0.693957646339624,2.14370466213635,0.59389718696519
88,1,1,-0.0415365390077924,-0.673299771663833,0.753400788248261,-1.02014506179339,-0.61621317051479,1.23775008871745,0.604502079617883,1.42562074345111,1.54689522337405,-0.0167238190123311
89,1,1,1.45620411350338,-0.414991748953003,-0.660756479040146,-0.00251887566576059,0.797852428752936,-1.01120443100748,0.428566074903261,-1.53949689845178,0.0813859813932039,1.18129983673242
90,1,1,0.861514239771034,0.880909583448997,1.92400626614873,-0.219832084271751,0.512605154233251,0.693942353572558,1.38707343232605,-0.908614132642652,-0.323335221315306,-0.227242459895549
91,1,1,-0.0500962613814427,-1.12120678877117,0.203928570428272,-1.18487479930329,-0.0968579882772669,1.45552247372496,0.466038889538209,1.13783500429286,1.2948271743087,0.824966387369245
92,1,1,1.08826208919932,-0.61151283561353,-0.0828979966655616,-0.0370441811915454,1.45113293200592,1.42788802364147,0.00353587358129875,1.84491734356539,-0.645811652475271,0.174092419846466
93,1,1,0.332144773482925,0.0178126997534676,2.28320029645128,-0.267465254600213,0.184867265487955,0.930749951884809,0.39378649965555,0.917712362732041,1.55972067379412,-0.00478952654310816
94,1,1,-0.70263184502526,-0.528756197542476,-1.25427621180859,0.36166595927655,1.50904936435445,-0.307765992764264,0.380404155787201,1.12906750283784,0.366520191121866,1.80502819882771
95,1,1,-0.155141157021065,0.667119431340778,-1.86287885054973,0.0439145129737447,0.935188606174173,0.0592294347202103,1.08566920116826,0.337784409444068,-0.512890306218888,-0.319888451309871
96,1,1,3.42820253118205,-0.489841084445026,-0.744936591735267,-0.689711149879426,-0.018174146990297,1.69384845592663,2.96757753505731,0.998165912901307,0.0887679359933837,-0.637573620999563
97,1,1,0.619846299007794,-0.859973362028237,-0.606312110078223,0.616464374169717,1.13924385991666,0.184100009697797,0.70913168943892,-0.281236425317426,-0.0244554737689825,0.660820173565404
98,1,1,-0.686668711828201,1.21483404408307,-0.263818991015908,0.83228127731501,2.52012269978706,0.0640234419894588,1.08240231670219,2.76771960962604,-0.102563150092485,0.498268294482053
99,1,1,1.03826542370472,0.397751188637638,1.7594443320984,-0.798334759678364,0.0192359322237595,1.22342547640755,0.854959397836717,1.41031800449491,1.12697614434771,1.16714317074115
100,1,1,0.383096963059275,0.549511699318184,1.2997436759621,1.09923108874574,1.17883193815755,1.05294587419929,-0.102723500725374,-0.0120630059053255,0.882925578582954,1.83448464605648
