"scenario","replicate","covariate_seed","network_seed","modularity_seed","sar_seed","lambda_SAR","n","n_true_zero","n_true_positive","n_observed_positive","n_hidden_positive","hidden_covariates_only","hidden_network_only","hidden_both","mean_oracle_score_hidden","mean_oracle_score_observed","observed_minus_hidden_score","n_covariate_signal","n_network_signal","n_both_signal","n_nodes","n_network_signal","n_network_background","n_background_groups","n_signal_groups","n_legal_groups","edges_local","edges_closure","edges_final","mean_degree","mean_degree_network_background","mean_degree_network_signal","n_components","largest_component"
"Fixed mixed-signal covariate-driven SAR design, lambda = 2",1,20361729,20461747,20561761,20611789,2,400,355,45,30,15,1,10,4,-7.80760656119268,7.2749096622154,15.0825162234081,30,30,15,400,30,370,7,3,9,759,99,858,4.29,4.33513513513514,3.73333333333333,12,389
"Fixed mixed-signal covariate-driven SAR design, lambda = 2",2,20362729,20462747,20562761,20612789,2,400,355,45,30,15,1,12,2,-9.19730319608033,8.5930726703272,17.7903758664075,30,30,15,400,30,370,12,7,13,813,161,974,4.87,4.96756756756757,3.66666666666667,9,392
"Fixed mixed-signal covariate-driven SAR design, lambda = 2",3,20363729,20463747,20563761,20613789,2,400,355,45,30,15,1,13,1,-6.90958025661209,8.33984245440658,15.2494227110187,30,30,15,400,30,370,11,5,11,798,168,966,4.83,4.88648648648649,4.13333333333333,10,389
"Fixed mixed-signal covariate-driven SAR design, lambda = 2",4,20364729,20464747,20564761,20614789,2,400,355,45,30,15,6,9,0,-5.23595618820189,7.98250059972846,13.2184567879304,30,30,15,400,30,370,13,5,13,810,157,967,4.835,4.87567567567568,4.33333333333333,7,394
"Fixed mixed-signal covariate-driven SAR design, lambda = 2",5,20365729,20465747,20565761,20615789,2,400,355,45,30,15,4,11,0,-10.5485274518122,7.78927298312449,18.3378004349366,30,30,15,400,30,370,11,6,7,776,149,925,4.625,4.67837837837838,3.96666666666667,7,393
"Fixed mixed-signal covariate-driven SAR design, lambda = 2",6,20366729,20466747,20566761,20616789,2,400,355,45,30,15,2,11,2,-7.53010624306711,6.83060716777722,14.3607134108443,30,30,15,400,30,370,14,7,12,766,125,891,4.455,4.55675675675676,3.2,8,393
"Fixed mixed-signal covariate-driven SAR design, lambda = 2",7,20367729,20467747,20567761,20617789,2,400,355,45,30,15,3,10,2,-10.8549918050032,8.21353326351825,19.0685250685215,30,30,15,400,30,370,11,4,12,761,142,903,4.515,4.54864864864865,4.1,9,392
"Fixed mixed-signal covariate-driven SAR design, lambda = 2",8,20368729,20468747,20568761,20618789,2,400,355,45,30,15,0,12,3,-11.8896016006608,6.66724765627757,18.5568492569384,30,30,15,400,30,370,13,7,15,772,133,905,4.525,4.55945945945946,4.1,11,389
"Fixed mixed-signal covariate-driven SAR design, lambda = 2",9,20369729,20469747,20569761,20619789,2,400,355,45,30,15,3,11,1,-6.42464326505972,8.16473655004029,14.5893798151,30,30,15,400,30,370,11,8,17,800,154,954,4.77,4.83513513513514,3.96666666666667,13,388
"Fixed mixed-signal covariate-driven SAR design, lambda = 2",10,20370729,20470747,20570761,20620789,2,400,355,45,30,15,3,11,1,-8.62234527309723,7.86389011982155,16.4862353929188,30,30,15,400,30,370,10,11,12,771,153,924,4.62,4.71891891891892,3.4,11,390
"Fixed mixed-signal covariate-driven SAR design, lambda = 2",11,20371729,20471747,20571761,20621789,2,400,355,45,30,15,1,11,3,-8.83196949568077,7.85171509587596,16.6836845915567,30,30,15,400,30,370,7,6,15,827,168,995,4.975,4.96756756756757,5.06666666666667,6,395
"Fixed mixed-signal covariate-driven SAR design, lambda = 2",12,20372729,20472747,20572761,20622789,2,400,355,45,30,15,3,12,0,-6.24146338825646,9.92879057301846,16.1702539612749,30,30,15,400,30,370,15,7,7,762,141,903,4.515,4.54324324324324,4.16666666666667,12,389
"Fixed mixed-signal covariate-driven SAR design, lambda = 2",13,20373729,20473747,20573761,20623789,2,400,355,45,30,15,1,12,2,-9.53688187051131,7.8597654202945,17.3966472908058,30,30,15,400,30,370,11,7,8,792,151,943,4.715,4.80810810810811,3.56666666666667,8,392
"Fixed mixed-signal covariate-driven SAR design, lambda = 2",14,20374729,20474747,20574761,20624789,2,400,355,45,30,15,0,14,1,-8.75937817707932,8.78127338335555,17.5406515604349,30,30,15,400,30,370,14,12,16,743,126,869,4.345,4.4,3.66666666666667,13,388
"Fixed mixed-signal covariate-driven SAR design, lambda = 2",15,20375729,20475747,20575761,20625789,2,400,355,45,30,15,3,11,1,-13.9864849214232,7.89095406865469,21.8774389900779,30,30,15,400,30,370,13,6,9,767,157,924,4.62,4.63513513513514,4.43333333333333,8,393
"Fixed mixed-signal covariate-driven SAR design, lambda = 2",16,20376729,20476747,20576761,20626789,2,400,355,45,30,15,3,10,2,-11.3969638585615,5.88288693624276,17.2798507948043,30,30,15,400,30,370,13,9,13,791,144,935,4.675,4.66216216216216,4.83333333333333,10,391
"Fixed mixed-signal covariate-driven SAR design, lambda = 2",17,20377729,20477747,20577761,20627789,2,400,355,45,30,15,2,10,3,-11.5275613300508,8.83670741092356,20.3642687409744,30,30,15,400,30,370,10,5,17,762,135,897,4.485,4.44864864864865,4.93333333333333,9,392
"Fixed mixed-signal covariate-driven SAR design, lambda = 2",18,20378729,20478747,20578761,20628789,2,400,355,45,30,15,1,12,2,-11.417488526221,8.13476452764583,19.5522530538669,30,30,15,400,30,370,9,2,11,793,144,937,4.685,4.71351351351351,4.33333333333333,8,393
"Fixed mixed-signal covariate-driven SAR design, lambda = 2",19,20379729,20479747,20579761,20629789,2,400,355,45,30,15,1,11,3,-13.9749517454296,8.74981276693261,22.7247645123622,30,30,15,400,30,370,9,5,12,817,148,965,4.825,4.88918918918919,4.03333333333333,11,389
"Fixed mixed-signal covariate-driven SAR design, lambda = 2",20,20380729,20480747,20580761,20630789,2,400,355,45,30,15,3,10,2,-11.8394127261072,8.96378346141164,20.8031961875188,30,30,15,400,30,370,16,9,7,719,121,840,4.2,4.21351351351351,4.03333333333333,9,392
"Fixed mixed-signal covariate-driven SAR design, lambda = 2",21,20381729,20481747,20581761,20631789,2,400,355,45,30,15,1,11,3,-12.0167066464916,9.68380740970488,21.7005140561965,30,30,15,400,30,370,11,6,10,805,167,972,4.86,4.81621621621622,5.4,3,398
"Fixed mixed-signal covariate-driven SAR design, lambda = 2",22,20382729,20482747,20582761,20632789,2,400,355,45,30,15,3,11,1,-7.72165720605913,7.29948394534883,15.021141151408,30,30,15,400,30,370,15,5,8,813,149,962,4.81,4.77297297297297,5.26666666666667,12,388
"Fixed mixed-signal covariate-driven SAR design, lambda = 2",23,20383729,20483747,20583761,20633789,2,400,355,45,30,15,0,12,3,-9.55985246559525,6.32884399446136,15.8886964600566,30,30,15,400,30,370,10,5,7,840,174,1014,5.07,5.07567567567568,5,6,395
"Fixed mixed-signal covariate-driven SAR design, lambda = 2",24,20384729,20484747,20584761,20634789,2,400,355,45,30,15,4,11,0,-11.332759783403,6.19309674373771,17.5258565271407,30,30,15,400,30,370,8,5,11,734,120,854,4.27,4.26756756756757,4.3,9,391
"Fixed mixed-signal covariate-driven SAR design, lambda = 2",25,20385729,20485747,20585761,20635789,2,400,355,45,30,15,1,11,3,-7.11995333761315,10.1132101796308,17.2331635172439,30,30,15,400,30,370,15,4,14,815,155,970,4.85,4.81081081081081,5.33333333333333,8,393
"Fixed mixed-signal covariate-driven SAR design, lambda = 2",26,20386729,20486747,20586761,20636789,2,400,355,45,30,15,2,12,1,-11.9863944652414,8.34325495176755,20.3296494170089,30,30,15,400,30,370,9,7,12,813,151,964,4.82,4.83783783783784,4.6,10,391
"Fixed mixed-signal covariate-driven SAR design, lambda = 2",27,20387729,20487747,20587761,20637789,2,400,355,45,30,15,2,11,2,-14.9680082061174,10.558373048338,25.5263812544554,30,30,15,400,30,370,10,8,13,793,136,929,4.645,4.68918918918919,4.1,11,390
"Fixed mixed-signal covariate-driven SAR design, lambda = 2",28,20388729,20488747,20588761,20638789,2,400,355,45,30,15,1,14,0,-12.4304587496827,10.0829579944712,22.5134167441539,30,30,15,400,30,370,13,6,13,787,159,946,4.73,4.8,3.86666666666667,8,392
"Fixed mixed-signal covariate-driven SAR design, lambda = 2",29,20389729,20489747,20589761,20639789,2,400,355,45,30,15,5,9,1,-6.82445015619693,8.15359097894586,14.9780411351428,30,30,15,400,30,370,19,6,15,774,143,917,4.585,4.61081081081081,4.26666666666667,10,391
"Fixed mixed-signal covariate-driven SAR design, lambda = 2",30,20390729,20490747,20590761,20640789,2,400,355,45,30,15,4,11,0,-6.20691650754795,8.6652796881416,14.8721961956895,30,30,15,400,30,370,11,3,13,763,131,894,4.47,4.52972972972973,3.73333333333333,11,389
"Fixed mixed-signal covariate-driven SAR design, lambda = 2",31,20391729,20491747,20591761,20641789,2,400,355,45,30,15,3,12,0,-6.48853032277519,8.62164879069843,15.1101791134736,30,30,15,400,30,370,13,4,10,772,149,921,4.605,4.64324324324324,4.13333333333333,11,390
"Fixed mixed-signal covariate-driven SAR design, lambda = 2",32,20392729,20492747,20592761,20642789,2,400,355,45,30,15,2,10,3,-8.47237216922977,9.38217727413066,17.8545494433604,30,30,15,400,30,370,11,3,11,816,127,943,4.715,4.74864864864865,4.3,6,395
"Fixed mixed-signal covariate-driven SAR design, lambda = 2",33,20393729,20493747,20593761,20643789,2,400,355,45,30,15,3,11,1,-7.14891540811582,6.85919402687324,14.0081094349891,30,30,15,400,30,370,13,6,10,810,160,970,4.85,4.85945945945946,4.73333333333333,5,396
"Fixed mixed-signal covariate-driven SAR design, lambda = 2",34,20394729,20494747,20594761,20644789,2,400,355,45,30,15,1,13,1,-9.31168355635841,9.67816435961893,18.9898479159773,30,30,15,400,30,370,13,6,9,848,156,1004,5.02,5.06486486486487,4.46666666666667,5,395
"Fixed mixed-signal covariate-driven SAR design, lambda = 2",35,20395729,20495747,20595761,20645789,2,400,355,45,30,15,3,11,1,-7.28564248510477,8.41580890221247,15.7014513873172,30,30,15,400,30,370,10,5,15,747,141,888,4.44,4.37567567567568,5.23333333333333,7,394
"Fixed mixed-signal covariate-driven SAR design, lambda = 2",36,20396729,20496747,20596761,20646789,2,400,355,45,30,15,0,11,4,-10.7795930281169,8.42179852848004,19.201391556597,30,30,15,400,30,370,9,6,15,816,163,979,4.895,4.91621621621622,4.63333333333333,8,393
"Fixed mixed-signal covariate-driven SAR design, lambda = 2",37,20397729,20497747,20597761,20647789,2,400,355,45,30,15,2,12,1,-9.03258914244408,9.09265195626725,18.1252410987113,30,30,15,400,30,370,6,4,13,802,138,940,4.7,4.77297297297297,3.8,11,390
"Fixed mixed-signal covariate-driven SAR design, lambda = 2",38,20398729,20498747,20598761,20648789,2,400,355,45,30,15,3,10,2,-4.76420454831612,9.13910352206519,13.9033080703813,30,30,15,400,30,370,9,7,15,807,167,974,4.87,4.86756756756757,4.9,4,397
"Fixed mixed-signal covariate-driven SAR design, lambda = 2",39,20399729,20499747,20599761,20649789,2,400,355,45,30,15,2,12,1,-10.2068056294714,10.6834605380078,20.8902661674792,30,30,15,400,30,370,10,5,7,780,155,935,4.675,4.64324324324324,5.06666666666667,3,398
"Fixed mixed-signal covariate-driven SAR design, lambda = 2",40,20400729,20500747,20600761,20650789,2,400,355,45,30,15,1,11,3,-7.78411574722111,7.86809335127319,15.6522090984943,30,30,15,400,30,370,10,4,8,773,153,926,4.63,4.63243243243243,4.6,10,391
"Fixed mixed-signal covariate-driven SAR design, lambda = 2",41,20401729,20501747,20601761,20651789,2,400,355,45,30,15,1,11,3,-9.7190138190263,6.0744636723554,15.7934774913817,30,30,15,400,30,370,14,4,12,809,155,964,4.82,4.84864864864865,4.46666666666667,8,393
"Fixed mixed-signal covariate-driven SAR design, lambda = 2",42,20402729,20502747,20602761,20652789,2,400,355,45,30,15,2,12,1,-13.2487402377267,11.3402260126707,24.5889662503973,30,30,15,400,30,370,13,4,12,838,141,979,4.895,4.86756756756757,5.23333333333333,4,397
"Fixed mixed-signal covariate-driven SAR design, lambda = 2",43,20403729,20503747,20603761,20653789,2,400,355,45,30,15,2,12,1,-12.4884862944266,7.30445795041302,19.7929442448396,30,30,15,400,30,370,8,3,11,782,130,912,4.56,4.56216216216216,4.53333333333333,13,388
"Fixed mixed-signal covariate-driven SAR design, lambda = 2",44,20404729,20504747,20604761,20654789,2,400,355,45,30,15,1,13,1,-8.05959402012151,7.32078961191516,15.3803836320367,30,30,15,400,30,370,14,6,14,801,131,932,4.66,4.69459459459459,4.23333333333333,8,393
"Fixed mixed-signal covariate-driven SAR design, lambda = 2",45,20405729,20505747,20605761,20655789,2,400,355,45,30,15,1,12,2,-7.14333654632949,7.94681760014137,15.0901541464709,30,30,15,400,30,370,11,9,13,800,164,964,4.82,4.85675675675676,4.36666666666667,8,393
"Fixed mixed-signal covariate-driven SAR design, lambda = 2",46,20406729,20506747,20606761,20656789,2,400,355,45,30,15,1,14,0,-10.4487518208005,9.14534989361976,19.5941017144203,30,30,15,400,30,370,15,5,11,847,198,1045,5.225,5.22702702702703,5.2,7,393
"Fixed mixed-signal covariate-driven SAR design, lambda = 2",47,20407729,20507747,20607761,20657789,2,400,355,45,30,15,3,12,0,-7.66931762095257,12.251249016833,19.9205666377855,30,30,15,400,30,370,14,3,11,798,147,945,4.725,4.74864864864865,4.43333333333333,8,393
"Fixed mixed-signal covariate-driven SAR design, lambda = 2",48,20408729,20508747,20608761,20658789,2,400,355,45,30,15,2,10,3,-6.66131402070042,9.43320842437326,16.0945224450737,30,30,15,400,30,370,8,7,13,785,143,928,4.64,4.70810810810811,3.8,7,394
"Fixed mixed-signal covariate-driven SAR design, lambda = 2",49,20409729,20509747,20609761,20659789,2,400,355,45,30,15,3,10,2,-6.08393021037773,4.91866559664223,11.00259580702,30,30,15,400,30,370,13,9,8,753,141,894,4.47,4.54864864864865,3.5,9,389
"Fixed mixed-signal covariate-driven SAR design, lambda = 2",50,20410729,20510747,20610761,20660789,2,400,355,45,30,15,1,10,4,-7.77690476945643,7.40883848243398,15.1857432518904,30,30,15,400,30,370,10,5,9,796,150,946,4.73,4.76216216216216,4.33333333333333,9,392
"Fixed mixed-signal covariate-driven SAR design, lambda = 2",51,20411729,20511747,20611761,20661789,2,400,355,45,30,15,1,11,3,-9.05054739236544,7.10635133143035,16.1568987237958,30,30,15,400,30,370,9,8,15,836,165,1001,5.005,5.06216216216216,4.3,5,395
"Fixed mixed-signal covariate-driven SAR design, lambda = 2",52,20412729,20512747,20612761,20662789,2,400,355,45,30,15,3,10,2,-4.67437201993726,9.89937418172833,14.5737462016656,30,30,15,400,30,370,13,7,11,811,141,952,4.76,4.74324324324324,4.96666666666667,5,396
"Fixed mixed-signal covariate-driven SAR design, lambda = 2",53,20413729,20513747,20613761,20663789,2,400,355,45,30,15,2,11,2,-8.88955762472851,7.43306182321646,16.322619447945,30,30,15,400,30,370,9,6,10,846,149,995,4.975,5.03783783783784,4.2,7,394
"Fixed mixed-signal covariate-driven SAR design, lambda = 2",54,20414729,20514747,20614761,20664789,2,400,355,45,30,15,2,10,3,-4.38914296802242,7.82599534360197,12.2151383116244,30,30,15,400,30,370,10,8,11,790,159,949,4.745,4.78918918918919,4.2,5,396
"Fixed mixed-signal covariate-driven SAR design, lambda = 2",55,20415729,20515747,20615761,20665789,2,400,355,45,30,15,3,11,1,-5.2019479188779,8.5387135777021,13.74066149658,30,30,15,400,30,370,11,6,14,769,115,884,4.42,4.41081081081081,4.53333333333333,12,387
"Fixed mixed-signal covariate-driven SAR design, lambda = 2",56,20416729,20516747,20616761,20666789,2,400,355,45,30,15,3,9,3,-13.1551147312354,5.4759254775382,18.6310402087736,30,30,15,400,30,370,13,7,10,799,153,952,4.76,4.78108108108108,4.5,9,392
"Fixed mixed-signal covariate-driven SAR design, lambda = 2",57,20417729,20517747,20617761,20667789,2,400,355,45,30,15,2,10,3,-9.47113119024213,8.37449534181606,17.8456265320582,30,30,15,400,30,370,12,8,11,802,142,944,4.72,4.71891891891892,4.73333333333333,5,396
"Fixed mixed-signal covariate-driven SAR design, lambda = 2",58,20418729,20518747,20618761,20668789,2,400,355,45,30,15,2,12,1,-12.5018543125826,8.84640992806358,21.3482642406462,30,30,15,400,30,370,11,4,18,831,162,993,4.965,4.97297297297297,4.86666666666667,4,397
"Fixed mixed-signal covariate-driven SAR design, lambda = 2",59,20419729,20519747,20619761,20669789,2,400,355,45,30,15,1,12,2,-8.14764405812752,9.32302419281982,17.4706682509473,30,30,15,400,30,370,11,9,10,797,159,956,4.78,4.76756756756757,4.93333333333333,6,395
"Fixed mixed-signal covariate-driven SAR design, lambda = 2",60,20420729,20520747,20620761,20670789,2,400,355,45,30,15,4,9,2,-5.84619248906178,5.749921833645,11.5961143227068,30,30,15,400,30,370,14,6,12,793,124,917,4.585,4.51621621621622,5.43333333333333,9,392
"Fixed mixed-signal covariate-driven SAR design, lambda = 2",61,20421729,20521747,20621761,20671789,2,400,355,45,30,15,3,12,0,-8.34966993140939,7.47219863087057,15.82186856228,30,30,15,400,30,370,17,9,14,771,151,922,4.61,4.61081081081081,4.6,14,387
"Fixed mixed-signal covariate-driven SAR design, lambda = 2",62,20422729,20522747,20622761,20672789,2,400,355,45,30,15,1,11,3,-10.1525067497,6.7895091753234,16.9420159250234,30,30,15,400,30,370,12,6,11,776,169,945,4.725,4.70540540540541,4.96666666666667,10,391
"Fixed mixed-signal covariate-driven SAR design, lambda = 2",63,20423729,20523747,20623761,20673789,2,400,355,45,30,15,1,11,3,-8.53878905144682,6.80591907481894,15.3447081262658,30,30,15,400,30,370,10,6,13,810,163,973,4.865,4.86486486486486,4.86666666666667,6,395
"Fixed mixed-signal covariate-driven SAR design, lambda = 2",64,20424729,20524747,20624761,20674789,2,400,355,45,30,15,3,11,1,-7.94173907998321,7.55925155296603,15.5009906329492,30,30,15,400,30,370,16,6,6,787,155,942,4.71,4.72162162162162,4.56666666666667,3,398
"Fixed mixed-signal covariate-driven SAR design, lambda = 2",65,20425729,20525747,20625761,20675789,2,400,355,45,30,15,2,12,1,-7.79011080617049,7.14809118500219,14.9382019911727,30,30,15,400,30,370,10,6,16,781,138,919,4.595,4.61891891891892,4.3,11,390
"Fixed mixed-signal covariate-driven SAR design, lambda = 2",66,20426729,20526747,20626761,20676789,2,400,355,45,30,15,4,10,1,-5.96622377159529,7.77703917325922,13.7432629448545,30,30,15,400,30,370,13,7,7,816,136,952,4.76,4.83513513513514,3.83333333333333,6,395
"Fixed mixed-signal covariate-driven SAR design, lambda = 2",67,20427729,20527747,20627761,20677789,2,400,355,45,30,15,2,11,2,-4.96287405851077,6.38839422514867,11.3512682836594,30,30,15,400,30,370,11,5,13,799,146,945,4.725,4.72702702702703,4.7,5,395
"Fixed mixed-signal covariate-driven SAR design, lambda = 2",68,20428729,20528747,20628761,20678789,2,400,355,45,30,15,3,10,2,-5.74212940794854,8.07300254788446,13.815131955833,30,30,15,400,30,370,11,6,10,797,141,938,4.69,4.72702702702703,4.23333333333333,10,388
"Fixed mixed-signal covariate-driven SAR design, lambda = 2",69,20429729,20529747,20629761,20679789,2,400,355,45,30,15,1,12,2,-8.1846233739802,7.93993481422594,16.1245581882061,30,30,15,400,30,370,8,6,16,821,185,1006,5.03,5.10810810810811,4.06666666666667,8,392
"Fixed mixed-signal covariate-driven SAR design, lambda = 2",70,20430729,20530747,20630761,20680789,2,400,355,45,30,15,1,11,3,-5.17723832331162,10.5627967810606,15.7400351043723,30,30,15,400,30,370,7,5,13,778,144,922,4.61,4.63783783783784,4.26666666666667,8,392
"Fixed mixed-signal covariate-driven SAR design, lambda = 2",71,20431729,20531747,20631761,20681789,2,400,355,45,30,15,0,14,1,-8.95407874650228,8.11544562289883,17.0695243694011,30,30,15,400,30,370,9,6,14,761,134,895,4.475,4.53513513513514,3.73333333333333,11,390
"Fixed mixed-signal covariate-driven SAR design, lambda = 2",72,20432729,20532747,20632761,20682789,2,400,355,45,30,15,2,12,1,-8.47916956881699,5.96885845375328,14.4480280225703,30,30,15,400,30,370,11,4,10,805,151,956,4.78,4.77027027027027,4.9,3,398
"Fixed mixed-signal covariate-driven SAR design, lambda = 2",73,20433729,20533747,20633761,20683789,2,400,355,45,30,15,0,12,3,-8.57189500413667,6.71559215653686,15.2874871606735,30,30,15,400,30,370,8,7,7,792,169,961,4.805,4.88918918918919,3.76666666666667,14,386
"Fixed mixed-signal covariate-driven SAR design, lambda = 2",74,20434729,20534747,20634761,20684789,2,400,355,45,30,15,4,11,0,-8.85937168050982,9.12818988772416,17.987561568234,30,30,15,400,30,370,14,7,9,765,129,894,4.47,4.52162162162162,3.83333333333333,6,394
"Fixed mixed-signal covariate-driven SAR design, lambda = 2",75,20435729,20535747,20635761,20685789,2,400,355,45,30,15,2,12,1,-8.86520356534305,6.44196598738436,15.3071695527274,30,30,15,400,30,370,7,5,10,788,152,940,4.7,4.74324324324324,4.16666666666667,11,390
"Fixed mixed-signal covariate-driven SAR design, lambda = 2",76,20436729,20536747,20636761,20686789,2,400,355,45,30,15,0,14,1,-12.1737721049447,9.7525686961758,21.9263408011205,30,30,15,400,30,370,9,5,10,765,161,926,4.63,4.69189189189189,3.86666666666667,14,386
"Fixed mixed-signal covariate-driven SAR design, lambda = 2",77,20437729,20537747,20637761,20687789,2,400,355,45,30,15,1,11,3,-8.48038320797986,7.11605201799397,15.5964352259738,30,30,15,400,30,370,12,5,11,784,158,942,4.71,4.6972972972973,4.86666666666667,6,395
"Fixed mixed-signal covariate-driven SAR design, lambda = 2",78,20438729,20538747,20638761,20688789,2,400,355,45,30,15,3,10,2,-6.15531060143969,9.59280884702085,15.7481194484605,30,30,15,400,30,370,11,8,5,815,168,983,4.915,4.88378378378378,5.3,5,396
"Fixed mixed-signal covariate-driven SAR design, lambda = 2",79,20439729,20539747,20639761,20689789,2,400,355,45,30,15,1,12,2,-10.8786569925286,8.60184241919233,19.4804994117209,30,30,15,400,30,370,10,6,14,773,149,922,4.61,4.62972972972973,4.36666666666667,11,390
"Fixed mixed-signal covariate-driven SAR design, lambda = 2",80,20440729,20540747,20640761,20690789,2,400,355,45,30,15,2,11,2,-8.59318850493226,7.98566879996647,16.5788573048987,30,30,15,400,30,370,9,9,7,821,183,1004,5.02,5.06756756756757,4.43333333333333,12,389
"Fixed mixed-signal covariate-driven SAR design, lambda = 2",81,20441729,20541747,20641761,20691789,2,400,355,45,30,15,0,14,1,-10.1164354616721,7.57846888028519,17.6949043419573,30,30,15,400,30,370,15,6,7,773,156,929,4.645,4.70540540540541,3.9,8,393
"Fixed mixed-signal covariate-driven SAR design, lambda = 2",82,20442729,20542747,20642761,20692789,2,400,355,45,30,15,4,10,1,-7.408034560423,8.61866370522875,16.0266982656517,30,30,15,400,30,370,11,4,15,772,156,928,4.64,4.68648648648649,4.06666666666667,8,393
"Fixed mixed-signal covariate-driven SAR design, lambda = 2",83,20443729,20543747,20643761,20693789,2,400,355,45,30,15,2,11,2,-12.5808312635036,5.85796718615981,18.4387984496634,30,30,15,400,30,370,13,4,15,831,149,980,4.9,4.98378378378378,3.86666666666667,10,391
"Fixed mixed-signal covariate-driven SAR design, lambda = 2",84,20444729,20544747,20644761,20694789,2,400,355,45,30,15,2,11,2,-9.32968541508439,10.8657404791831,20.1954258942675,30,30,15,400,30,370,10,5,14,854,160,1014,5.07,5.09459459459459,4.76666666666667,6,395
"Fixed mixed-signal covariate-driven SAR design, lambda = 2",85,20445729,20545747,20645761,20695789,2,400,355,45,30,15,2,12,1,-7.31813806828341,8.41332136661005,15.7314594348935,30,30,15,400,30,370,17,10,13,802,150,952,4.76,4.78648648648649,4.43333333333333,5,396
"Fixed mixed-signal covariate-driven SAR design, lambda = 2",86,20446729,20546747,20646761,20696789,2,400,355,45,30,15,2,11,2,-9.87043071853565,8.24715371338811,18.1175844319238,30,30,15,400,30,370,11,5,11,810,149,959,4.795,4.80540540540541,4.66666666666667,6,395
"Fixed mixed-signal covariate-driven SAR design, lambda = 2",87,20447729,20547747,20647761,20697789,2,400,355,45,30,15,1,12,2,-9.76068911443952,10.7205594791989,20.4812485936384,30,30,15,400,30,370,8,7,6,823,187,1010,5.05,5.04594594594595,5.1,3,398
"Fixed mixed-signal covariate-driven SAR design, lambda = 2",88,20448729,20548747,20648761,20698789,2,400,355,45,30,15,2,11,2,-11.0545492402881,9.21368066812675,20.2682299084149,30,30,15,400,30,370,11,4,9,846,163,1009,5.045,4.89459459459459,6.9,6,394
"Fixed mixed-signal covariate-driven SAR design, lambda = 2",89,20449729,20549747,20649761,20699789,2,400,355,45,30,15,1,11,3,-10.0458823424831,8.95379415167174,18.9996764941549,30,30,15,400,30,370,8,7,14,802,153,955,4.775,4.76216216216216,4.93333333333333,7,394
"Fixed mixed-signal covariate-driven SAR design, lambda = 2",90,20450729,20550747,20650761,20700789,2,400,355,45,30,15,2,10,3,-5.80420900210294,8.13566935584229,13.9398783579452,30,30,15,400,30,370,16,4,16,790,141,931,4.655,4.71351351351351,3.93333333333333,14,387
"Fixed mixed-signal covariate-driven SAR design, lambda = 2",91,20451729,20551747,20651761,20701789,2,400,355,45,30,15,2,13,0,-9.57434168386045,9.82516933204125,19.3995110159017,30,30,15,400,30,370,11,8,11,740,113,853,4.265,4.31351351351351,3.66666666666667,12,388
"Fixed mixed-signal covariate-driven SAR design, lambda = 2",92,20452729,20552747,20652761,20702789,2,400,355,45,30,15,1,12,2,-10.71769083029,7.62901011701915,18.3467009473092,30,30,15,400,30,370,15,12,11,816,145,961,4.805,4.86216216216216,4.1,7,394
"Fixed mixed-signal covariate-driven SAR design, lambda = 2",93,20453729,20553747,20653761,20703789,2,400,355,45,30,15,2,10,3,-5.07594050522678,6.49253289850059,11.5684734037274,30,30,15,400,30,370,13,6,9,809,134,943,4.715,4.65675675675676,5.43333333333333,11,390
"Fixed mixed-signal covariate-driven SAR design, lambda = 2",94,20454729,20554747,20654761,20704789,2,400,355,45,30,15,1,12,2,-10.1230930833438,9.13657611085986,19.2596691942037,30,30,15,400,30,370,10,7,13,805,203,1008,5.04,5.06216216216216,4.76666666666667,14,387
"Fixed mixed-signal covariate-driven SAR design, lambda = 2",95,20455729,20555747,20655761,20705789,2,400,355,45,30,15,2,13,0,-10.2496048994226,9.21165605103453,19.4612609504571,30,30,15,400,30,370,16,10,12,815,162,977,4.885,4.91891891891892,4.46666666666667,6,395
"Fixed mixed-signal covariate-driven SAR design, lambda = 2",96,20456729,20556747,20656761,20706789,2,400,355,45,30,15,2,11,2,-8.36152059438994,5.81590520732117,14.1774258017111,30,30,15,400,30,370,10,3,11,789,139,928,4.64,4.64054054054054,4.63333333333333,9,392
"Fixed mixed-signal covariate-driven SAR design, lambda = 2",97,20457729,20557747,20657761,20707789,2,400,355,45,30,15,3,9,3,-5.33984285612128,7.08438846692997,12.4242313230512,30,30,15,400,30,370,12,7,7,818,184,1002,5.01,5.01081081081081,5,7,394
"Fixed mixed-signal covariate-driven SAR design, lambda = 2",98,20458729,20558747,20658761,20708789,2,400,355,45,30,15,2,11,2,-7.98951898889434,8.54762810276491,16.5371470916592,30,30,15,400,30,370,16,8,6,784,156,940,4.7,4.78108108108108,3.7,11,390
"Fixed mixed-signal covariate-driven SAR design, lambda = 2",99,20459729,20559747,20659761,20709789,2,400,355,45,30,15,2,12,1,-8.23699130334341,7.95274252164491,16.1897338249883,30,30,15,400,30,370,11,7,13,780,157,937,4.685,4.7,4.5,9,391
"Fixed mixed-signal covariate-driven SAR design, lambda = 2",100,20460729,20560747,20660761,20710789,2,400,355,45,30,15,2,13,0,-9.89786091153588,7.14909524715172,17.0469561586876,30,30,15,400,30,370,9,6,10,778,159,937,4.685,4.64864864864865,5.13333333333333,8,393
