"scenario","replicate","model_key","method","Overall_AUC","Hidden_AUC","Hidden_at_15","Hidden_Recall_at_15","Overall_Recall_at_45","Overall_LogLoss","Hidden_LogLoss","Overall_Brier","Hidden_Brier","Overall_Coverage_80","Hidden_Coverage_80","Overall_Interval_Score_80","Hidden_Interval_Score_80","Overall_Interval_Width_80","Hidden_Interval_Width_80","Overall_Coverage_95","Hidden_Coverage_95","Overall_Interval_Score_95","Hidden_Interval_Score_95","Overall_Interval_Width_95","Hidden_Interval_Width_95","eta_posterior_mean","eta_posterior_sd","eta_q10","eta_q50","eta_q90","eta_q025","eta_q975","anchor_max_mean","anchor_max_median","anchor_max_q025","anchor_max_q975","anchor_Pr_over_090","anchor_Pr_over_095","anchor_Pr_over_099","anchor_q99_median","anchor_top5_median","beta0_posterior_mean","tau_cov_posterior_mean","tau_network_posterior_mean","ell_cov_posterior_mean","sigma_cov_posterior_mean","ell_network_posterior_mean","sigma_network_posterior_mean","network_mean_feature_count","acc_blocked_f","acc_blocked_cov","acc_blocked_network","acc_joint_tune","acc_joint_sampling","acc_f_refresh_sampling","eta_moved_sampling","delta_final","kappa_cov_final","kappa_network_final","joint_theta_scale_final","runtime_sec"
"Fixed mixed-signal hidden-positive design",1,"full_pu_poe","PU-PoE",0.97170579029734,0.92169014084507,8,0.533333333333333,0.844444444444444,0.176982780543517,1.69277292322933,0.0503553210941534,0.620978127062227,0.9925,0.8,0.295,2.8,0.22,0.8,1,1,0.755,1,0.755,1,0.204279473053114,0.114999617655184,0.0645817976721029,0.18947246747153,0.361722620450019,0.0331442112454731,0.460770424243705,0.957757568584026,0.977943851585093,0.805196430382805,0.999742826986624,0.88,0.706,0.3345,0.877698774956302,0.926143787935193,-3.1645979721117,0.189784948126448,0.54025043598162,2.31494671552692,2.28100602004793,0.213978346117654,16.1788787543656,2,0.4744,0.0574,0.1136,0.2307,0.2593,0.423625,1,2.78514698025934,0.727260908783328,0.798179342813122,0.92409053163649,5318.91909193993
"Fixed mixed-signal hidden-positive design",2,"full_pu_poe","PU-PoE",0.939217527386542,0.826291079812207,5,0.333333333333333,0.777777777777778,0.183747936656174,2.04811659642464,0.0511359686386413,0.673728209609392,0.9825,0.533333333333333,0.37,5.2,0.195,0.533333333333333,1,1,0.6925,1,0.6925,1,0.197823889553947,0.105107842539106,0.0697129094202487,0.186294781370266,0.345025270842834,0.0332299881804673,0.420133235707203,0.977387519555028,0.991076504727401,0.882560161501748,0.999918911554617,0.9585,0.864,0.5175,0.92787250337883,0.959258887487758,-3.27555440884199,0.150297218701448,0.44293416250635,2.43833665486254,1.91452982486935,0.224960911770522,19.418270979994,5,0.4616,0.076,0.1054,0.2583,0.25335,0.450325,1,2.7594516412028,0.733840763301049,0.79542651195582,1.0155823108969,5169.93520617485
"Fixed mixed-signal hidden-positive design",3,"full_pu_poe","PU-PoE",0.938090766823161,0.817652582159624,5,0.333333333333333,0.777777777777778,0.19270191458044,2.16587458598939,0.0539763044931361,0.739349765437231,0.9825,0.533333333333333,0.415,5.2,0.24,0.533333333333333,0.9975,0.933333333333333,0.8725,3.6,0.7725,0.933333333333333,0.195732640473453,0.113458121710328,0.0641152632338291,0.1783079610245,0.360361032782661,0.0293332996911133,0.453602263344176,0.96950930759164,0.986137138359668,0.843977373871847,0.999999952165626,0.923,0.8035,0.432,0.894656230965616,0.93933461677399,-3.46846932493068,0.16246552583179,1.06531294137218,2.45860255839119,2.30693525175773,0.225373735593134,15.7178588047326,1,0.4272,0.0552,0.1342,0.2472,0.2617,0.43715,1,2.69510359414275,0.726385561539836,0.819534570285908,0.939238864445897,5122.93623709679
"Fixed mixed-signal hidden-positive design",4,"full_pu_poe","PU-PoE",0.952112676056338,0.866854460093897,8,0.533333333333333,0.844444444444444,0.171818083192668,2.11517093029345,0.0480265060915552,0.710936826108985,0.9825,0.6,0.345,4.6,0.17,0.6,0.9975,0.933333333333333,0.7725,3.6,0.6725,0.933333333333333,0.146543656007435,0.0875387579805167,0.0449414395931619,0.133623648517987,0.266694284989075,0.0225179865006414,0.350231967539247,0.987023114213264,0.995163271993772,0.928565387190019,0.999990194442431,0.986,0.944,0.654,0.940847037606849,0.969320920830778,-3.20471584095794,0.149998762790879,0.999938672943815,2.44315942507386,2.21573965478189,0.228130518988864,18.0955777468657,1,0.4556,0.066,0.0884,0.232,0.265875,0.439925,1,2.75202848441251,0.729153477665066,0.790815722302263,0.895344486837307,5193.16779589653
"Fixed mixed-signal hidden-positive design",5,"full_pu_poe","PU-PoE",0.926322378716745,0.787793427230047,4,0.266666666666667,0.733333333333333,0.195254678868451,2.30288892530661,0.0548227074694729,0.735720472213398,0.9825,0.533333333333333,0.375,5.2,0.2,0.533333333333333,0.995,0.866666666666667,0.895,6.19999999999999,0.695,0.866666666666667,0.17857157756415,0.102170928962536,0.059729668379793,0.162839861185828,0.319335595488543,0.0268067196474493,0.415604903919435,0.967909051534266,0.985362640322416,0.849406783382587,0.999991419125838,0.922,0.7845,0.413,0.901346978885146,0.943073318180213,-2.94397023900279,0.18081689830403,0.595377790368099,2.51073338945874,1.85429554581538,0.222611307027867,22.2740690195047,2,0.4316,0.0582,0.1104,0.2574,0.23565,0.465775,1,2.70441807205082,0.725471761980335,0.801923335680928,1.0827595860772,5171.22278785706
"Fixed mixed-signal hidden-positive design",6,"full_pu_poe","PU-PoE",0.970892018779343,0.91849765258216,7,0.466666666666667,0.8,0.16930311546588,1.60129633572545,0.0481617282362296,0.571042888086826,0.9925,0.8,0.27,2.8,0.195,0.8,1,1,0.7175,1,0.7175,1,0.194516972322817,0.106076633934038,0.066477043289548,0.183001860577089,0.337393789167609,0.0338386398237749,0.429783128021959,0.971446243044645,0.988040155134474,0.848042203667022,0.999929987407084,0.928,0.821,0.459,0.908216521798098,0.947676660034941,-3.16100849873757,0.168221428787512,1.04481189282344,2.4316596802603,2.18754091471515,0.211376796064804,15.3698858377384,1,0.4502,0.0566,0.138,0.2533,0.250825,0.4471,1,2.72898345351008,0.724460753405085,0.822700822368723,1.0306012627427,5182.36554884911
"Fixed mixed-signal hidden-positive design",7,"full_pu_poe","PU-PoE",0.931392801251956,0.796995305164319,4,0.266666666666667,0.755555555555556,0.19271431055128,2.14333127280173,0.0536782743669807,0.702808323635825,0.985,0.6,0.37,4.6,0.22,0.6,0.9975,0.933333333333333,0.85,3.6,0.75,0.933333333333333,0.193022950454362,0.10922493979235,0.0647196359875839,0.177790145699659,0.341878637307262,0.0318587170838999,0.443817364976644,0.964149801501045,0.982854969613905,0.815907595206894,0.999875679213159,0.904,0.7705,0.365,0.891770558983344,0.935879184800933,-3.23307485447293,0.198423770442246,0.965744339735581,2.431888770138,2.33643616631308,0.218326392807277,15.4418916746257,1,0.431,0.0644,0.1264,0.239,0.2519,0.4378,1,2.72022569571267,0.72751400298648,0.808594883202892,0.979525713634604,5878.72005820274
"Fixed mixed-signal hidden-positive design",8,"full_pu_poe","PU-PoE",0.913051643192488,0.747042253521127,3,0.2,0.711111111111111,0.192587412658745,2.5440355619401,0.0521012856943473,0.770690737914592,0.9775,0.4,0.42,6.4,0.195,0.4,0.9925,0.8,0.91,8.79999999999999,0.61,0.8,0.15385566710074,0.0919448630063979,0.0444709186511052,0.140209472726981,0.282207783702554,0.0165744200832322,0.371048770603651,0.983465876505311,0.993506559465883,0.911941333846398,0.999960066880695,0.9805,0.9275,0.588,0.9279379655659,0.960871955758072,-3.271293342766,0.455958368381906,1.24962131496701,2.7073535450309,2.91321807853862,0.204620762755905,12.0090851599422,1,0.4216,0.0546,0.1604,0.2582,0.2485,0.45085,1,2.69279880039171,0.724039355523153,0.816612693205331,1.06556497414302,5931.61739110947
"Fixed mixed-signal hidden-positive design",9,"full_pu_poe","PU-PoE",0.941721439749609,0.828356807511737,5,0.333333333333333,0.777777777777778,0.177644514974093,2.15256866124596,0.0490732411295416,0.698411228653296,0.9825,0.533333333333333,0.3675,5.2,0.1925,0.533333333333333,0.995,0.866666666666667,0.8375,6.19999999999999,0.6375,0.866666666666667,0.167752520023112,0.101314326828041,0.0528810201516934,0.150192915752471,0.305952784527447,0.0241682597273937,0.404275409018857,0.975095687936986,0.988205288866804,0.877053060199822,0.999897761950454,0.9575,0.8395,0.464,0.91199514392047,0.95015905672354,-3.28747257352945,0.189447338036972,0.758188931045003,2.5126004197294,2.49796838346203,0.225344248339859,15.7627756258674,3,0.4106,0.0562,0.1386,0.253,0.24605,0.442525,1,2.67923973312949,0.724205958573276,0.816282294869098,1.00034595378112,5890.29822897911
"Fixed mixed-signal hidden-positive design",10,"full_pu_poe","PU-PoE",0.927636932707355,0.788169014084507,4,0.266666666666667,0.733333333333333,0.196796351475246,2.38590255827572,0.0551308301181414,0.778224344085808,0.98,0.466666666666667,0.3775,5.8,0.1775,0.466666666666667,0.9975,0.933333333333333,0.83,3.6,0.73,0.933333333333333,0.165266155490071,0.100112286686493,0.051144607542613,0.147076113666114,0.306202467430733,0.0239478794413849,0.399434602485376,0.96825007200279,0.98729542275597,0.827557894607585,0.999934327623604,0.9135,0.806,0.452,0.893660710037601,0.939282366690582,-3.01992108788419,0.225776320455071,1.11071532887098,2.39469858677094,2.54578469777111,0.214709729500978,16.2635533191266,1,0.4088,0.0514,0.1146,0.2526,0.238725,0.437325,1,2.68059583530922,0.721003003890365,0.801662239783263,0.978506809817975,5880.35593414307
"Fixed mixed-signal hidden-positive design",11,"full_pu_poe","PU-PoE",0.943787167449139,0.856713615023474,6,0.4,0.777777777777778,0.200109896662272,1.72827601074147,0.0561641689662318,0.613866013162655,0.99,0.8,0.4025,2.8,0.3025,0.8,0.9975,0.933333333333333,0.93,3.6,0.83,0.933333333333333,0.2519366470529,0.138914479508495,0.0844879484638846,0.234016141822104,0.438651590802619,0.0385685176342633,0.58066120419691,0.953368909620579,0.976900963886656,0.775098611380266,0.999940475007368,0.852,0.7055,0.341,0.860522412566273,0.914287700321211,-3.4824398826188,0.272730220276402,1.04237387331703,2.47779132100354,1.63969705661928,0.225121548371041,16.4423946712217,1,0.4448,0.0618,0.1062,0.2593,0.252625,0.466175,1,2.72112336894467,0.725325452249897,0.806727151900169,1.09886095551512,5997.52539014816
"Fixed mixed-signal hidden-positive design",12,"full_pu_poe","PU-PoE",0.949358372456964,0.849201877934272,5,0.333333333333333,0.777777777777778,0.168285571751219,2.31702511347918,0.0463178968112364,0.748937763581211,0.9775,0.4,0.37,6.4,0.145,0.4,1,1,0.5925,1,0.5925,1,0.128226450693369,0.0833457242918381,0.0358290750520282,0.113213952223657,0.24712183251406,0.0174027826321257,0.333513479682024,0.993097158787539,0.997839101798152,0.960421994471367,0.999986324405674,0.9965,0.9825,0.8025,0.955916988400602,0.9783526922549,-3.28831313808982,0.233831631442158,1.08693361448675,2.58820599762964,2.30626257851454,0.227507181401721,20.4396430699549,1,0.4388,0.0702,0.0922,0.2468,0.2442,0.45665,1,2.72782521617993,0.732682456094403,0.791071688020886,0.956049801482329,5904.01776409149
"Fixed mixed-signal hidden-positive design",13,"full_pu_poe","PU-PoE",0.939780907668232,0.830422535211268,5,0.333333333333333,0.777777777777778,0.194733613546712,2.08914048038106,0.0552030547345568,0.718269219999286,0.9875,0.666666666666667,0.35,4,0.225,0.666666666666667,1,1,0.8225,1,0.8225,1,0.211704894668662,0.115131848821297,0.0717998216837238,0.197592558400996,0.370360338681642,0.0362275022359644,0.465267076532686,0.981090451085122,0.995150867084849,0.877872444749331,0.999999940921205,0.964,0.8945,0.631,0.919938572240484,0.959767262652316,-3.16308427978217,0.195225913050596,1.03502507278147,2.38643491919327,2.30475644582247,0.23040206383503,15.4283726254349,1,0.4622,0.0648,0.1188,0.2507,0.247,0.437825,1,2.71916038446877,0.725059376398699,0.817938764085315,1.0091899132255,5954.54946208
"Fixed mixed-signal hidden-positive design",14,"full_pu_poe","PU-PoE",0.961877934272301,0.894460093896714,8,0.533333333333333,0.822222222222222,0.190103728936621,1.76136661574356,0.0546977243413134,0.637658159915699,0.9925,0.8,0.3225,2.8,0.2475,0.8,1,1,0.83,1,0.83,1,0.212430629872563,0.119480649637856,0.0713647794495368,0.196935539625934,0.378074477824561,0.0343132199397267,0.493594541868806,0.944591591710715,0.968231361074682,0.761221869920843,0.999281053897205,0.8285,0.6315,0.2225,0.849283440407502,0.904780595813779,-3.17439322431657,0.171807376049307,1.05974294120624,2.37872543617751,1.82154641950121,0.223721316964247,18.2561524132312,1,0.4712,0.0664,0.084,0.2488,0.254775,0.43035,1,2.81891311984251,0.728748604178586,0.789902930151336,0.979525604628403,5883.90989804268
"Fixed mixed-signal hidden-positive design",15,"full_pu_poe","PU-PoE",0.921439749608764,0.779530516431925,4,0.266666666666667,0.711111111111111,0.199584869444313,2.09735636156371,0.0553158595029157,0.68591410915542,0.985,0.6,0.3775,4.6,0.2275,0.6,1,1,0.7825,1,0.7825,1,0.204678956612288,0.115137085471816,0.0667148221855549,0.187527099155251,0.363399959187847,0.0317308150125088,0.469721435979737,0.970366980919644,0.985758652551814,0.850831242158609,0.999802427467025,0.943,0.81,0.4075,0.891620389945019,0.938026927883026,-3.57757139116358,0.242121997841481,0.186098559557511,2.61193669114861,1.7432586771153,0.21822597760836,18.1770933415163,6,0.4492,0.0648,0.1014,0.2655,0.251275,0.461825,1,2.75177458027714,0.727050419401712,0.795473041202084,1.08778678065738,6008.09957814217
"Fixed mixed-signal hidden-positive design",16,"full_pu_poe","PU-PoE",0.976150234741784,0.931830985915493,7,0.466666666666667,0.822222222222222,0.16142262185453,1.71074127240613,0.0463572193715525,0.624454819645184,0.99,0.733333333333333,0.3075,3.4,0.2075,0.733333333333333,1,1,0.625,1,0.625,1,0.180689052587525,0.101725268197017,0.0585120673391739,0.166376777227918,0.325596848297633,0.0253888422689376,0.407389789578971,0.978100523260919,0.990131185747743,0.888595026356674,0.999933285443058,0.9685,0.867,0.503,0.925481235937634,0.958507792594434,-3.3634792991558,0.280502602601035,0.586334958256447,2.47123032917279,2.68660556081749,0.210870417397184,13.50039816962,3,0.4196,0.0502,0.1442,0.2523,0.2471,0.443175,1,2.69849654258348,0.719234443711335,0.820258420055418,1.00588272116323,5932.55469894409
"Fixed mixed-signal hidden-positive design",17,"full_pu_poe","PU-PoE",0.968513302034429,0.911549295774648,7,0.466666666666667,0.8,0.16832476331648,1.63081115573357,0.0472488096967135,0.579804966055224,0.9925,0.8,0.295,2.8,0.22,0.8,1,1,0.7075,1,0.7075,1,0.213866562199096,0.113866439772238,0.0759711916145255,0.201373898679041,0.378278606527454,0.0356012016324309,0.457764848178613,0.976889204569635,0.991245824889295,0.873298066138104,0.999971742831654,0.956,0.864,0.53,0.924443349056396,0.957408713440207,-3.59796761549688,0.239941711841179,0.554738828933231,2.51223635408839,1.87733370950856,0.216642611123717,17.8659769728055,2,0.4158,0.062,0.1368,0.2632,0.249275,0.473525,1,2.67547321929949,0.725807926888458,0.822815945589503,1.07863477851818,5945.2600581646
"Fixed mixed-signal hidden-positive design",18,"full_pu_poe","PU-PoE",0.941533646322379,0.828544600938967,4,0.266666666666667,0.755555555555556,0.185914027623028,2.27904339169728,0.0523101765092286,0.76050143626087,0.9825,0.533333333333333,0.345,5.2,0.17,0.533333333333333,0.9975,0.933333333333333,0.8175,3.6,0.7175,0.933333333333333,0.15729258391531,0.0958139076923959,0.0458970497893425,0.138779608449777,0.29080810970967,0.0218875897002661,0.370642276519256,0.978516937955869,0.990541823162016,0.889099113382629,0.999867214887978,0.9675,0.8775,0.5145,0.912559460766037,0.952363352293155,-3.30070223109011,0.171316428149297,0.564612746618991,2.45868939229919,2.23138148060513,0.225575184074444,19.5866678713642,2,0.4158,0.069,0.1292,0.2364,0.2625,0.449325,1,2.66711422626163,0.729448148531226,0.815651628812287,0.909552572228,5963.09614706039
"Fixed mixed-signal hidden-positive design",19,"full_pu_poe","PU-PoE",0.949107981220657,0.858779342723005,6,0.4,0.777777777777778,0.193122113056089,2.01908655571647,0.0555494754362175,0.698359289270919,0.9875,0.666666666666667,0.345,4,0.22,0.666666666666667,1,1,0.7575,1,0.7575,1,0.189652878460687,0.108331361580255,0.0608206392602957,0.177190175932812,0.337293761598557,0.0309371407831272,0.441972602118106,0.981702099608929,0.995794604385361,0.879808157359756,0.999999999984563,0.9605,0.89,0.6325,0.911614079818634,0.955536146593183,-3.17157936169359,0.210557929248681,0.486388551588316,2.46966093599252,1.8977698243485,0.226853193939683,16.1204133854209,3,0.4564,0.068,0.1086,0.2705,0.241825,0.453525,1,2.76180990158933,0.729366094773239,0.800766914897381,1.11312475825562,5920.12048792839
"Fixed mixed-signal hidden-positive design",20,"full_pu_poe","PU-PoE",0.946666666666667,0.858591549295775,6,0.4,0.733333333333333,0.190539429089943,1.70176471077014,0.0538068725988554,0.586218436377809,0.99,0.733333333333333,0.3725,3.4,0.2725,0.733333333333333,1,1,0.745,1,0.745,1,0.243132184847346,0.124085186418243,0.0836980727818944,0.232355203253915,0.414424054686526,0.0425409688053296,0.499784405654174,0.978203357022622,0.993776601679937,0.862615690483496,0.999982633658201,0.955,0.8685,0.5825,0.913803836037348,0.953906296111078,-3.43944490605174,0.353974579137043,0.373267389311745,2.52888649394754,1.5143109472759,0.20457499097545,17.204394761578,3,0.473,0.061,0.1156,0.2567,0.284825,0.48705,1,2.77086566968292,0.726834415359862,0.806535657811854,1.07809094233482,5954.62661600113
"Fixed mixed-signal hidden-positive design",21,"full_pu_poe","PU-PoE",0.965633802816901,0.896901408450704,7,0.466666666666667,0.822222222222222,0.160697645993732,1.71417704353989,0.0438503303880331,0.590856988352955,0.99,0.733333333333333,0.3025,3.4,0.2025,0.733333333333333,1,1,0.7175,1,0.7175,1,0.208917044796076,0.110254057987007,0.0760186301421484,0.195712437745783,0.361601455644073,0.0355187855706706,0.452888003365699,0.98275588958373,0.994414173892423,0.898987599652498,0.999970266996153,0.974,0.905,0.623,0.937749637797522,0.966477506850853,-3.20865366850964,0.223627481311619,1.01799789972785,2.50668628663557,2.18654739752757,0.235046865699717,18.4981248568138,1,0.4198,0.057,0.1282,0.2491,0.245825,0.4462,1,2.70845622791993,0.719852691250492,0.810791353682439,0.966726472325141,6055.41475176811
"Fixed mixed-signal hidden-positive design",22,"full_pu_poe","PU-PoE",0.934585289514867,0.811079812206573,4,0.266666666666667,0.733333333333333,0.190951691516285,2.25277730062486,0.0532710228866895,0.758691008199007,0.985,0.6,0.3625,4.6,0.2125,0.6,0.9975,0.933333333333333,0.865,3.6,0.765,0.933333333333333,0.174912460028394,0.102308536065691,0.0545791262472627,0.160794547895242,0.314438456441811,0.0267903158530039,0.401498561632582,0.973513352299537,0.987418907215651,0.872705083185615,0.999930328103973,0.953,0.8395,0.4415,0.905376717216595,0.946396761468553,-3.40692248784411,0.176261129545599,0.580168719846104,2.49410222482804,2.55428885218418,0.225417123645512,15.5832906897441,2,0.4128,0.0646,0.1368,0.2521,0.2512,0.4429,1,2.65612929508076,0.728772520659052,0.813646718301607,0.940183897664498,5928.21965003014
"Fixed mixed-signal hidden-positive design",23,"full_pu_poe","PU-PoE",0.931267605633803,0.807699530516432,4,0.266666666666667,0.733333333333333,0.200174667183214,2.01253307054735,0.0563301782573426,0.689349442156656,0.985,0.6,0.4,4.6,0.25,0.6,1,1,0.7725,1,0.7725,1,0.247490214634008,0.130646259969343,0.084776100651926,0.234073912507817,0.426786125662756,0.0426769866291443,0.521727906488208,0.96411887624373,0.984906658154374,0.81824894607416,0.999955676643414,0.901,0.768,0.4125,0.897285190867131,0.940033835576221,-3.42925726798375,0.231773185881558,1.31369399267102,2.58401905895682,1.65557750110498,0.241396821647387,18.2187682692972,1,0.464,0.0816,0.0916,0.2659,0.23935,0.468475,1,2.73439952106476,0.733006160564553,0.796918779032418,1.13518117370126,5979.22139716148
"Fixed mixed-signal hidden-positive design",24,"full_pu_poe","PU-PoE",0.919311424100157,0.765258215962441,5,0.333333333333333,0.755555555555556,0.174815138699735,2.28553234356761,0.0458755075829838,0.683773345881307,0.98,0.466666666666667,0.37,5.8,0.17,0.466666666666667,0.995,0.866666666666667,0.8175,6.19999999999999,0.6175,0.866666666666667,0.190788763012293,0.0986880714197272,0.066534053352335,0.180148355916034,0.323280081055926,0.034941480498259,0.403101958167248,0.990321161461329,0.996749454738545,0.940910724135727,0.999979437846626,0.996,0.963,0.724,0.966732450802735,0.982302031962858,-3.48600058465155,0.310221621482848,0.569001591983182,2.56531807208311,1.72363517368203,0.222582022558883,21.6221719281465,2,0.4958,0.073,0.0738,0.251,0.251475,0.476175,1,2.82609220311698,0.729630214308367,0.780816900666369,1.02494106588148,5908.02167105675
"Fixed mixed-signal hidden-positive design",25,"full_pu_poe","PU-PoE",0.938090766823161,0.825164319248826,7,0.466666666666667,0.822222222222222,0.181748495650861,1.81171317769585,0.0498509745610068,0.602127340432292,0.9875,0.666666666666667,0.3925,4,0.2675,0.666666666666667,0.9975,0.933333333333333,0.82,3.6,0.72,0.933333333333333,0.249254101136122,0.119722248726333,0.0960512305269676,0.242309946102677,0.412577955677169,0.0470645171366369,0.507402036330633,0.97770375778941,0.993780235539562,0.856403783380946,0.999956989164848,0.952,0.866,0.5935,0.92812996839824,0.960714369884565,-3.38223696913473,0.166494611967187,0.696333545568295,2.5945962638039,1.92592779296627,0.229057388565045,18.7395962334096,2,0.4516,0.0582,0.1196,0.2605,0.2381,0.454475,1,2.75839367212496,0.723761724811335,0.795962039104094,1.09817657395871,5972.30254197121
"Fixed mixed-signal hidden-positive design",26,"full_pu_poe","PU-PoE",0.92150234741784,0.790610328638498,4,0.266666666666667,0.733333333333333,0.191312752385681,2.3637489787481,0.0530858834660632,0.756731763454889,0.985,0.666666666666667,0.34,4,0.19,0.666666666666667,0.995,0.866666666666667,0.81,6.19999999999999,0.61,0.866666666666667,0.153243918968456,0.0943333809296366,0.0461971282165803,0.136655581432451,0.281738570103886,0.0214097397734988,0.37826011183632,0.982069000603984,0.991735160114249,0.909913486285112,0.999884891740093,0.9795,0.9035,0.5495,0.91924701145769,0.956127505908092,-3.3080276555187,0.365947889958304,0.496552841430344,2.44793781503463,2.37327505825527,0.214781517242861,13.4480264907597,4,0.4396,0.0568,0.1474,0.2518,0.262975,0.4432,1,2.71924599847859,0.726094975254119,0.815241522843608,0.99526454992714,5985.87775707245
"Fixed mixed-signal hidden-positive design",27,"full_pu_poe","PU-PoE",0.951611893583725,0.855962441314554,6,0.4,0.8,0.165475446685758,2.11871562830116,0.0451300750944625,0.699215814350494,0.985,0.6,0.325,4.6,0.175,0.6,0.9975,0.933333333333333,0.7075,3.6,0.6075,0.933333333333333,0.168380072841061,0.090849943891926,0.0595778860035359,0.156701044262514,0.297542406165416,0.0263827721176655,0.374411533702285,0.989051882626614,0.996896984966861,0.932393628398121,0.999992150085199,0.99,0.95,0.7195,0.951655157387321,0.975006763401895,-3.43219611515098,0.356170124578364,0.538922695790834,2.38977865967838,2.9830810928014,0.210657968270149,15.3733486403426,2,0.4154,0.061,0.1512,0.2512,0.23585,0.452,1,2.66915877258173,0.727913512632675,0.821621710202924,1.0016486311714,5834.93269491196
"Fixed mixed-signal hidden-positive design",28,"full_pu_poe","PU-PoE",0.937089201877934,0.812769953051643,5,0.333333333333333,0.777777777777778,0.179239539302565,2.28358572617547,0.049363851609164,0.740788911787825,0.98,0.466666666666667,0.37,5.8,0.17,0.466666666666667,0.9975,0.933333333333333,0.7675,3.6,0.6675,0.933333333333333,0.159608380309847,0.0953720420850433,0.0497089833200135,0.145568636026176,0.29190231338344,0.0224778532295684,0.385304586626332,0.98603547926044,0.995454124451722,0.917018216843919,0.999986210719777,0.987,0.93,0.66,0.936276993057434,0.967463390291829,-3.23789169231033,0.192041424020487,0.274612217337693,2.53007499024729,2.14345169179202,0.230877883533731,18.7215125219981,6,0.4286,0.0682,0.1276,0.2506,0.243975,0.4497,1,2.69523595356543,0.731479754434222,0.812635010497075,0.999662351534782,5933.55917310715
"Fixed mixed-signal hidden-positive design",29,"full_pu_poe","PU-PoE",0.963755868544601,0.904037558685446,6,0.4,0.777777777777778,0.179270612673589,1.9054314966144,0.0513116925396182,0.676238445315671,0.985,0.666666666666667,0.325,4,0.175,0.666666666666667,1,1,0.7475,1,0.7475,1,0.181183833862172,0.103214420517764,0.0574044044042349,0.166554555760513,0.325620105951301,0.0232854116871044,0.411866652809012,0.972888254407859,0.98836360079228,0.857869401250582,0.999892433580989,0.9455,0.8485,0.4585,0.900967145674035,0.944905338546005,-3.27309057241457,0.175268692877868,0.545600012467841,2.40876007660146,2.36432933817262,0.20928890786513,16.6264296013292,2,0.4484,0.0624,0.128,0.2527,0.24295,0.43985,1,2.72767672090184,0.726885891045698,0.808562691770827,1.01297284230463,5909.77084517479
"Fixed mixed-signal hidden-positive design",30,"full_pu_poe","PU-PoE",0.975774647887324,0.927323943661972,8,0.533333333333333,0.844444444444444,0.148052869434893,1.817833007135,0.0414096238905487,0.631446601788616,0.9875,0.666666666666667,0.2725,4,0.1475,0.666666666666667,1,1,0.59,1,0.59,1,0.155213890270793,0.0934523028656278,0.0478000443994518,0.140647683043489,0.281382818925114,0.0214810504164034,0.366845711959751,0.996606184487384,0.999926810082813,0.971599821668689,0.999999999999302,0.9985,0.9915,0.902,0.957698074750946,0.981208374719471,-3.41385677437129,0.173254241012963,0.499179725996978,2.44940193668011,2.54084938805953,0.222421502415998,18.5351446800886,3,0.4246,0.0604,0.1344,0.2517,0.242125,0.45705,1,2.69141287486116,0.725989115052719,0.812261978119277,0.97201337283238,5878.97120094299
"Fixed mixed-signal hidden-positive design",31,"full_pu_poe","PU-PoE",0.955430359937402,0.883192488262911,5,0.333333333333333,0.755555555555556,0.18461554861254,1.94896080542963,0.0533355990209707,0.680352422799898,0.9875,0.666666666666667,0.3375,4,0.2125,0.666666666666667,1,1,0.725,1,0.725,1,0.200839663043644,0.109410635763254,0.0692447972498684,0.18773964076792,0.354205992791042,0.0334019047990019,0.446080198903168,0.978763215912393,0.99173556416655,0.882828784127601,0.999989693669882,0.962,0.8775,0.536,0.918453528797035,0.954676483301031,-3.52065113937522,0.167403528346213,0.597438519873891,2.46123034494538,1.62385151158634,0.22454664686818,18.6772031322667,2,0.4752,0.0704,0.1118,0.256,0.2326,0.463925,1,2.77357562325056,0.732099173137174,0.806930302748605,1.13542738483782,5409.11695790291
"Fixed mixed-signal hidden-positive design",32,"full_pu_poe","PU-PoE",0.959561815336463,0.893521126760563,5,0.333333333333333,0.733333333333333,0.188905458283872,1.9579682418211,0.0557926340625967,0.706221799351283,0.9875,0.666666666666667,0.3475,4,0.2225,0.666666666666667,1,1,0.72,1,0.72,1,0.178696766446708,0.104344994040973,0.0558925037907945,0.163390159253481,0.32508428625479,0.0244083638797815,0.41225497494203,0.97148750301097,0.987326429841484,0.849523273137487,0.999887653316253,0.937,0.816,0.4505,0.88233311930497,0.934185919294408,-3.11554164188132,0.161478759537777,1.75899135429746,2.3172269031992,2.15502570103745,0.216019130421501,12.786293544619,1,0.4348,0.0614,0.1566,0.2562,0.258425,0.4385,1,2.72633254431569,0.726361064523145,0.822935053663839,1.03237524931442,5353.19917201996
"Fixed mixed-signal hidden-positive design",33,"full_pu_poe","PU-PoE",0.955492957746479,0.900845070422535,7,0.466666666666667,0.755555555555556,0.198145845593695,1.89321892154493,0.0571756692659468,0.677626237744916,0.9875,0.733333333333333,0.335,3.4,0.21,0.733333333333333,1,1,0.8425,1,0.8425,1,0.169069401637295,0.101718751953586,0.0509018986940765,0.151382591052506,0.306753962602026,0.0222460528770502,0.404738271282815,0.962630650985381,0.97883881439139,0.827428027403618,0.999544203272896,0.9145,0.7585,0.3245,0.854221908647974,0.914619953730542,-3.17991754945967,0.197771885450918,0.374153991202931,2.53401692802864,2.0213268837763,0.211016647951074,14.2040540830982,3,0.4082,0.0608,0.1714,0.2678,0.2632,0.452475,1,2.67990108171785,0.724296936394063,0.827781424186812,1.09040619125282,5992.97166609764
"Fixed mixed-signal hidden-positive design",34,"full_pu_poe","PU-PoE",0.942222222222222,0.827417840375587,9,0.6,0.866666666666667,0.182102147382545,2.02394010605415,0.0507673301678899,0.685035058887424,0.9875,0.666666666666667,0.3025,4,0.1775,0.666666666666667,0.9975,0.933333333333333,0.9025,3.6,0.8025,0.933333333333333,0.169257479891726,0.100335726844619,0.0508713957103682,0.153085400568154,0.302826230497124,0.0240005495883286,0.410691303190469,0.971108158391157,0.987194351011576,0.861344853737904,0.999991384104146,0.9325,0.814,0.451,0.893450923244373,0.939465957359967,-3.29088944913767,0.177838915805514,1.18983299515789,2.40701036789875,2.31839221048536,0.227835288664327,17.8277958108135,1,0.423,0.0614,0.113,0.2484,0.2459,0.4326,1,2.68754602930729,0.724414473522006,0.804149552561225,0.961230984455459,5963.57814502716
"Fixed mixed-signal hidden-positive design",35,"full_pu_poe","PU-PoE",0.919186228482003,0.766009389671361,4,0.266666666666667,0.733333333333333,0.19781367109522,2.26650497663805,0.0544190282415828,0.719258736752269,0.985,0.6,0.385,4.6,0.235,0.6,0.9975,0.933333333333333,0.7975,3.6,0.6975,0.933333333333333,0.185770886730098,0.108763641042145,0.0572074443448634,0.167901115417279,0.334384100604566,0.0273989961369721,0.433647963611322,0.966633669372719,0.982868819002428,0.835449232594666,0.999659677367324,0.9295,0.784,0.358,0.881828354970656,0.929843953177561,-3.4654344209989,0.279171366400548,0.475655372628484,2.57997529621268,2.12536949948747,0.209916289448372,15.274172431943,3,0.4382,0.0612,0.116,0.249,0.25885,0.444025,1,2.75742666452068,0.725648763985782,0.801445840722587,0.997413697741539,5965.01567482948
"Fixed mixed-signal hidden-positive design",36,"full_pu_poe","PU-PoE",0.944287949921753,0.836619718309859,5,0.333333333333333,0.755555555555556,0.182271298972839,2.31959289551187,0.0509066635775475,0.767232519139969,0.975,0.333333333333333,0.4075,7,0.1575,0.333333333333333,1,1,0.715,1,0.715,1,0.157588813819129,0.0929653207740147,0.0508093005719153,0.143053914670998,0.28229588402638,0.0212701589862231,0.386135527915361,0.985288934552615,0.995304640828767,0.910809123934074,0.99999855987203,0.979,0.9225,0.643,0.927273047386593,0.962401489830973,-3.22740172561184,0.153640148407682,0.484928229349761,2.39894676757538,2.35820832772627,0.233709003199136,20.244767737309,2,0.4386,0.0712,0.1034,0.2481,0.24155,0.43535,1,2.71568988916802,0.730805168508332,0.797955502249109,0.927210536996339,5896.05510592461
"Fixed mixed-signal hidden-positive design",37,"full_pu_poe","PU-PoE",0.944100156494523,0.83962441314554,5,0.333333333333333,0.755555555555556,0.193846605594227,2.16094383058845,0.0551557631731539,0.734003798067611,0.985,0.6,0.335,4.6,0.185,0.6,1,1,0.775,1,0.775,1,0.163579734715171,0.0941999009751422,0.0540075638262737,0.149900607621802,0.29417332832723,0.0226946648383842,0.380380891264784,0.978492758424387,0.990366129679228,0.885135570741791,0.999898695007143,0.969,0.878,0.5095,0.902382470052261,0.948724611468005,-3.39927026899752,0.178027978877014,0.226379586034321,2.55465125898539,2.06446737501935,0.219817116075755,15.7670704561331,5,0.4298,0.0608,0.1444,0.249,0.262875,0.458625,1,2.69240997466225,0.723959061037537,0.818933862417387,1.01926907976177,5928.09510993958
"Fixed mixed-signal hidden-positive design",38,"full_pu_poe","PU-PoE",0.957934272300469,0.885446009389671,6,0.4,0.755555555555556,0.191090397253488,2.11815949565089,0.0554470312673577,0.747387209740838,0.985,0.6,0.3275,4.6,0.1775,0.6,1,1,0.7575,1,0.7575,1,0.15905175134695,0.0971591636020485,0.0489257732073936,0.142052250828338,0.292541009664132,0.0229422731115155,0.391146465506843,0.967551425986598,0.984116408102181,0.838153511331053,0.999790314463615,0.9185,0.7915,0.389,0.875045796868112,0.92807345750278,-3.15381188606317,0.196898873134591,0.117401189288952,2.64116217789841,2.38627304555534,0.224078871484482,16.4822234793819,18,0.4266,0.0544,0.137,0.2579,0.23625,0.439375,1,2.7052338736348,0.723847533789893,0.810078529557545,1.05325415372231,6111.17194914818
"Fixed mixed-signal hidden-positive design",39,"full_pu_poe","PU-PoE",0.979906103286385,0.95906103286385,9,0.6,0.8,0.149949516058453,1.08017435422814,0.0406017120517898,0.387228708114394,0.9975,0.933333333333333,0.23,1.4,0.205,0.733333333333333,1,1,0.7575,1,0.7575,1,0.316311526948153,0.115962243883437,0.161681664371851,0.316882488021157,0.471438042209656,0.099553730595825,0.541690563923723,0.998589996855756,0.999985969630224,0.985332881358021,0.999999999779007,0.999,0.9945,0.965,0.997903880944455,0.99923506734665,-3.25061657672997,0.172974104598376,2.23987607797954,2.44947781531811,1.84237788374632,0.220506019270672,14.8338756686062,1,0.4962,0.0658,0.1072,0.271,0.25525,0.5104,1,2.81378641757093,0.725673343000526,0.80574509175147,1.19108752431805,6017.11472296715
"Fixed mixed-signal hidden-positive design",40,"full_pu_poe","PU-PoE",0.93358372456964,0.846384976525822,5,0.333333333333333,0.733333333333333,0.220543263669844,1.82909842793842,0.0631071936978564,0.648764665842043,0.9925,0.866666666666667,0.3675,2.2,0.2925,0.866666666666667,1,1,0.94,1,0.94,1,0.233736852877868,0.126658970247228,0.0787145135706208,0.219919052690034,0.412042610341091,0.0388075273344522,0.511022569606458,0.910578898341446,0.938758684385852,0.671167046161307,0.9985122712635,0.6615,0.4395,0.1405,0.774165029130412,0.849305802347238,-3.11619143816912,0.186427870594735,0.856275786543788,2.49215253552167,2.01679801562953,0.209485698911747,12.437694112256,1,0.4164,0.0568,0.1536,0.2777,0.2425,0.468325,1,2.66813335715072,0.72474616514963,0.824373956266623,1.21418453930693,5932.81755399704
"Fixed mixed-signal hidden-positive design",41,"full_pu_poe","PU-PoE",0.931830985915493,0.808826291079812,5,0.333333333333333,0.733333333333333,0.195921744243736,2.27997472747667,0.0562253451234163,0.752387961677474,0.9825,0.533333333333333,0.3725,5.2,0.1975,0.533333333333333,0.995,0.866666666666667,0.8625,6.19999999999999,0.6625,0.866666666666667,0.153502404456031,0.0931142124227485,0.0451968029382804,0.13973904820795,0.28764157797068,0.0210993586224817,0.367677069347255,0.97870634806554,0.990234893256255,0.890907648475633,0.999915398063052,0.9645,0.877,0.504,0.913683480161252,0.954799466753262,-3.20572295689186,0.241237564457575,1.12305126034919,2.52833131302453,2.17430903225619,0.217910520166443,15.1212906934948,2,0.4688,0.0622,0.142,0.2586,0.25365,0.4519,1,2.75122738161365,0.72756661595572,0.822733926513109,1.07409920277804,5959.79850506783
"Fixed mixed-signal hidden-positive design",42,"full_pu_poe","PU-PoE",0.959687010954617,0.884319248826291,7,0.466666666666667,0.822222222222222,0.165241703051786,1.93536618313019,0.0464285422640077,0.662317929747913,0.9875,0.666666666666667,0.315,4,0.19,0.666666666666667,1,1,0.6475,1,0.6475,1,0.170585435796158,0.0987029787243547,0.0560948133909507,0.152582599307067,0.315565069929782,0.0271957378765098,0.393163295059304,0.983677764878776,0.992763925335629,0.912452465308752,0.999927970364276,0.982,0.919,0.5925,0.935806293641848,0.964996249569277,-3.29244911295478,0.323621039379686,0.881626687535746,2.49462883109767,2.58256217420454,0.217242688082123,15.5523402337263,2,0.4348,0.0592,0.141,0.2406,0.27065,0.44695,1,2.6907886191989,0.723149780760034,0.81637332093878,0.915339231473571,6012.76930212975
"Fixed mixed-signal hidden-positive design",43,"full_pu_poe","PU-PoE",0.966948356807512,0.907230046948357,7,0.466666666666667,0.822222222222222,0.164939039726411,1.72815018158037,0.0458444582314362,0.609173252416296,0.99,0.733333333333333,0.29,3.4,0.19,0.733333333333333,1,1,0.695,1,0.695,1,0.196341645642848,0.108754168186166,0.0651127210022533,0.181614132583498,0.349057619003843,0.0315981924476562,0.429817692972765,0.983931069213921,0.994178730113374,0.908884724448316,0.999978163693276,0.98,0.911,0.6235,0.933894807892473,0.965136439255287,-3.26912832726286,0.19666103697506,0.685510121451993,2.48988406025099,2.01640530991354,0.233384306535725,17.5133162263379,2,0.4254,0.061,0.1174,0.2567,0.236375,0.451425,1,2.69880738854474,0.726126248809472,0.80453155387628,1.04689838280074,5863.74012994766
"Fixed mixed-signal hidden-positive design",44,"full_pu_poe","PU-PoE",0.953239436619718,0.863474178403756,6,0.4,0.8,0.189910203122236,2.04562616167022,0.0542978991752379,0.726358467787999,0.985,0.6,0.3825,4.6,0.2325,0.6,1,1,0.7525,1,0.7525,1,0.19788670742135,0.107638398140244,0.064019917201492,0.185802327063102,0.348710034286351,0.0287186628540082,0.436908108571998,0.959366593845189,0.979582069505509,0.802993866565754,0.999600635744021,0.882,0.7425,0.3295,0.884257888371229,0.930884434239051,-3.27926625660345,0.167577384121914,0.48221765102774,2.30918195303459,2.49127413458073,0.221801863217026,16.0724062305989,2,0.4104,0.056,0.157,0.2412,0.2463,0.4315,1,2.66964409427983,0.72596896827502,0.826800128188592,0.940100848970568,5939.41026496887
"Fixed mixed-signal hidden-positive design",45,"full_pu_poe","PU-PoE",0.925821596244131,0.79849765258216,4,0.266666666666667,0.733333333333333,0.20321814981423,2.17338490866335,0.0573044421209559,0.727334474298873,0.9825,0.6,0.4025,4.6,0.2275,0.6,1,1,0.83,1,0.83,1,0.177615575054791,0.104418547332232,0.0562607684935827,0.160280743189074,0.329714819821896,0.0248267261663951,0.409346017631818,0.964196672516659,0.983058145837878,0.821051557859575,0.999819012507909,0.9085,0.769,0.3915,0.872153938987311,0.928469300886404,-3.25785154537777,0.163174654345494,0.950300979976456,2.45140758866541,1.91888173842086,0.224280515174824,16.0814299719949,1,0.4204,0.0624,0.116,0.2585,0.252825,0.4506,1,2.70930541872453,0.727126044176329,0.805064978342043,1.03984527392247,5948.10970497131
"Fixed mixed-signal hidden-positive design",46,"full_pu_poe","PU-PoE",0.955430359937402,0.8781220657277,7,0.466666666666667,0.8,0.191380115472143,1.97276566301801,0.0546142678683076,0.702469124596268,0.9825,0.6,0.3825,4.6,0.2075,0.6,1,1,0.8225,1,0.8225,1,0.183800558245985,0.106821556729247,0.0587026986098385,0.166560664923145,0.330284686787358,0.0279828995844682,0.424004754131479,0.953516788346066,0.972223554570384,0.805890115934695,0.999497179022077,0.874,0.668,0.2465,0.866242270117246,0.917264199424413,-3.43471683287038,0.184841254881878,1.04024532109603,2.43834692375896,1.89211337963149,0.242604912751281,15.1378380459235,1,0.4296,0.0692,0.1234,0.2469,0.257025,0.440575,1,2.68614119563339,0.728093317963323,0.803436518411217,0.971635122785447,6021.35776901245
"Fixed mixed-signal hidden-positive design",47,"full_pu_poe","PU-PoE",0.954491392801252,0.873427230046948,7,0.466666666666667,0.8,0.16335951344787,2.13854056121878,0.044899583072736,0.706570662293332,0.9775,0.466666666666667,0.3775,5.8,0.1525,0.466666666666667,1,1,0.59,1,0.59,1,0.163453850273574,0.090126619253166,0.0566146558424179,0.1523740970175,0.28658062564127,0.0256872951980104,0.368175542018975,0.990143582863635,0.997515516298529,0.934114027329026,0.999991517447768,0.9915,0.956,0.7495,0.960977326098109,0.980331167731875,-3.37034976464409,0.256082411206564,0.588991996006777,2.53763726518111,2.21400444827022,0.226288599247021,21.2829781970531,2,0.4336,0.0596,0.1432,0.2385,0.27155,0.468675,1,2.70612401533137,0.727977157697792,0.817369904201596,0.90770773748369,5948.27247309685
"Fixed mixed-signal hidden-positive design",48,"full_pu_poe","PU-PoE",0.958372456964006,0.88169014084507,6,0.4,0.777777777777778,0.173885267825026,2.07394649796456,0.049910763640795,0.714423015610624,0.99,0.733333333333333,0.2775,3.4,0.1775,0.733333333333333,0.9975,0.933333333333333,0.7025,3.6,0.6025,0.933333333333333,0.156578692143827,0.0954312226427832,0.0462157682728189,0.140401714480205,0.289331494582112,0.0196860016017094,0.375744055149713,0.986087385341485,0.996031453810279,0.906417876709648,0.999991260274104,0.9785,0.9355,0.6525,0.932917230199623,0.965514122240968,-3.24758077605085,0.210793011105608,1.15826430544164,2.5080113001201,2.1744634577964,0.227583633474726,16.8866798428048,1,0.4358,0.061,0.1288,0.2524,0.2378,0.45065,1,2.69535098399973,0.725021079078592,0.814760490735649,1.04024829766669,5925.93744492531
"Fixed mixed-signal hidden-positive design",49,"full_pu_poe","PU-PoE",0.938904538341158,0.854084507042253,4,0.266666666666667,0.733333333333333,0.209295724436662,2.02993908032442,0.0602687670586859,0.707694551067931,0.985,0.666666666666667,0.3775,4,0.2275,0.666666666666667,1,1,0.875,1,0.875,1,0.188789383919558,0.108072962640851,0.0633011235266849,0.174051077223692,0.337569006864516,0.0301110985024201,0.436604917289062,0.983234885756883,0.996588432110088,0.884745624973072,0.999999985958269,0.969,0.8985,0.6605,0.878319338920948,0.942851103636314,-3.29604412520809,0.200206703038316,0.969563864936844,2.61454696056865,1.4182574216495,0.22042483396563,15.7886244836353,1,0.4808,0.0622,0.094,0.2701,0.248575,0.4807,1,2.77694787977233,0.72666685136205,0.793714426984827,1.19906972815719,5905.02121496201
"Fixed mixed-signal hidden-positive design",50,"full_pu_poe","PU-PoE",0.949358372456964,0.885446009389671,7,0.466666666666667,0.777777777777778,0.203259342438129,1.96996426595613,0.0585979709080875,0.704786292704478,0.985,0.666666666666667,0.3575,4,0.2075,0.666666666666667,1,1,0.855,1,0.855,1,0.190625025658674,0.109901229924057,0.0614759679260358,0.175473558611493,0.34093607360327,0.0286284556511884,0.438378175225878,0.949763921182539,0.973482796133428,0.763972115335269,0.99981674181011,0.852,0.6675,0.288,0.839064306185051,0.902432574792832,-3.22615041273483,0.224300303272453,0.957548037417293,2.42970401400037,1.99293081696815,0.22072836765714,14.5849742969507,1,0.4508,0.0562,0.1398,0.256,0.23185,0.44665,1,2.72823378658319,0.725324154071553,0.812946564393682,1.14954938450018,5545.94810891151
"Fixed mixed-signal hidden-positive design",51,"full_pu_poe","PU-PoE",0.956870109546166,0.876244131455399,6,0.4,0.8,0.179570518746195,1.85649746328909,0.0509535826151859,0.650382790821016,0.99,0.733333333333333,0.335,3.4,0.235,0.733333333333333,1,1,0.725,1,0.725,1,0.204485406470974,0.114325490082742,0.0685043170567351,0.187938188368319,0.365834470954773,0.0354278279383415,0.460612773444619,0.973158475894216,0.988679834795618,0.856802770473267,0.999973929436766,0.9435,0.837,0.4755,0.905033158506773,0.946561458020421,-3.17893709749684,0.219832003368078,0.991852332505279,2.47454278722643,2.03160228606539,0.226414588339351,17.8523863589551,1,0.4342,0.0594,0.1238,0.2554,0.255075,0.45115,1,2.69952252772443,0.725154241108149,0.816307607966159,1.00520569136109,6048.43614983559
"Fixed mixed-signal hidden-positive design",52,"full_pu_poe","PU-PoE",0.924444444444444,0.784788732394366,4,0.266666666666667,0.711111111111111,0.195023247408865,2.4140236172383,0.0545504116578549,0.769873284288316,0.98,0.466666666666667,0.3925,5.8,0.1925,0.466666666666667,0.9975,0.933333333333333,0.7425,3.6,0.6425,0.933333333333333,0.166423147673547,0.101125470633848,0.0482315659551478,0.152607567982054,0.304013466223696,0.0220571797012616,0.416135549438799,0.984123860607566,0.993897570120125,0.913877194610031,0.999912487058494,0.9845,0.921,0.612,0.93544818931147,0.96586736777709,-3.357137795521,0.260554683843673,1.0604122471055,2.53122542187732,2.53282685266904,0.216395630536588,13.9997040958254,2,0.4402,0.0564,0.1462,0.2593,0.2484,0.456175,1,2.70399256511016,0.724181267600298,0.816102248160431,1.04154107629895,5980.18343710899
"Fixed mixed-signal hidden-positive design",53,"full_pu_poe","PU-PoE",0.952801251956181,0.858967136150235,8,0.533333333333333,0.844444444444444,0.172087117273514,1.73248313441618,0.0470553080594801,0.573464479560319,0.9875,0.666666666666667,0.35,4,0.225,0.666666666666667,0.9975,0.933333333333333,0.81,3.6,0.71,0.933333333333333,0.209251847829925,0.112348492340075,0.0706164533731818,0.199031002307668,0.358660049721415,0.0328181241056898,0.464753655871791,0.978861448353915,0.992745142476944,0.878150007679191,0.999978038258534,0.9575,0.8685,0.5715,0.924124175882093,0.958716505664435,-3.23987734012363,0.343116089297134,0.913002977023681,2.49680121931472,2.06812678867695,0.22710800517682,17.1470789809009,1,0.4388,0.0664,0.1312,0.2511,0.259725,0.461,1,2.73601322976227,0.728707989241785,0.808667407613919,0.999992683681703,5952.96463704109
"Fixed mixed-signal hidden-positive design",54,"full_pu_poe","PU-PoE",0.903974960876369,0.724507042253521,4,0.266666666666667,0.755555555555556,0.202554510264263,2.53718747645986,0.0563694288227431,0.800885132833097,0.9725,0.266666666666667,0.435,7.6,0.16,0.266666666666667,0.9975,0.933333333333333,0.8525,3.6,0.7525,0.933333333333333,0.172310293831124,0.103659329192476,0.0542559760695955,0.156530776441971,0.31876482483988,0.0279955050113346,0.415152240420769,0.993074248579859,0.999013309092903,0.944030950294452,0.999999698499766,0.992,0.9715,0.8295,0.939516579894673,0.971170041468054,-3.45376665519462,0.155016656649933,0.94533400165355,2.44907016258458,2.36673896974865,0.212508908315683,15.3722084634309,2,0.447,0.0592,0.1376,0.2537,0.252125,0.45365,1,2.74183278862162,0.726794229356113,0.811252110058377,1.03453739205026,5978.55304694176
"Fixed mixed-signal hidden-positive design",55,"full_pu_poe","PU-PoE",0.960438184663537,0.885070422535211,5,0.333333333333333,0.777777777777778,0.188647294819534,1.92807895986428,0.0541575324810864,0.691563532950829,0.9875,0.666666666666667,0.3675,4,0.2425,0.666666666666667,1,1,0.7575,1,0.7575,1,0.196603234960492,0.112719171163074,0.0652218111741859,0.178412469565047,0.348276116208105,0.0292286951673529,0.459569583554881,0.961440152448465,0.980703776326983,0.822034187261905,0.999801480800662,0.8955,0.757,0.345,0.878484274213099,0.92838146128875,-3.26782683364389,0.180044332174999,1.08796364238512,2.45650558828087,2.39957835574357,0.220958622959179,13.6999571596171,1,0.4166,0.056,0.1446,0.2536,0.239075,0.436725,1,2.69573902823376,0.722428602203233,0.819180566708969,1.02028281323111,5856.79660582542
"Fixed mixed-signal hidden-positive design",56,"full_pu_poe","PU-PoE",0.956932707355243,0.889201877934272,5,0.333333333333333,0.733333333333333,0.203102928676673,1.90509227799731,0.0592799109563435,0.69852801518378,0.9875,0.666666666666667,0.3725,4,0.2475,0.666666666666667,1,1,0.835,1,0.835,1,0.206619789887274,0.120731380287358,0.0643545944614101,0.190468109042826,0.375126948897153,0.0316563300195392,0.485805207568079,0.939069158160497,0.964173710264942,0.737444510660986,0.999630676022965,0.794,0.605,0.2325,0.833265226917049,0.894569702294021,-3.3315404219111,0.182553224940559,0.25327168294785,2.54187002352146,1.63509063181818,0.234259467705831,16.3254295643016,4,0.429,0.0624,0.099,0.2628,0.24785,0.4558,1,2.71912356596413,0.728108569904173,0.797878433585877,1.10798638954178,5982.87274694443
"Fixed mixed-signal hidden-positive design",57,"full_pu_poe","PU-PoE",0.929389671361502,0.826854460093897,4,0.266666666666667,0.666666666666667,0.219236059300974,2.10864815424276,0.0638169455056203,0.729843894594589,0.9825,0.666666666666667,0.4,4,0.225,0.666666666666667,1,1,0.8475,1,0.8475,1,0.177896324283344,0.104449204527573,0.0591951804701363,0.160606358058702,0.329602118188193,0.0265069363987984,0.419721810508012,0.960378973788648,0.982226984729431,0.796429067058397,0.999740890858291,0.891,0.748,0.385,0.825315760009598,0.901249538673341,-3.08475602658552,0.128036940934449,1.69497263286936,2.42560949817676,1.80306638193414,0.21462303337761,12.2245922809255,1,0.4464,0.0628,0.1318,0.2666,0.2548,0.45565,1,2.74235962362406,0.725282910478365,0.81787967179681,1.17186406810841,6063.78232693672
"Fixed mixed-signal hidden-positive design",58,"full_pu_poe","PU-PoE",0.979843505477308,0.944976525821596,7,0.466666666666667,0.822222222222222,0.167520343236568,1.42911949972983,0.0476155466278547,0.528992683502752,0.9925,0.8,0.32,2.8,0.245,0.8,1,1,0.7725,1,0.7725,1,0.234667034601459,0.118328056769768,0.0875973337298716,0.222894721213387,0.399114132011171,0.0436087823443524,0.485341443471233,0.967045870306925,0.986605578900392,0.827652845211106,0.999920281660152,0.92,0.788,0.4405,0.908561278371818,0.945678190412257,-3.29867146808488,0.199959228819744,0.996914383680815,2.44046105161857,1.89132933871188,0.224409444990008,18.2626655176059,1,0.4406,0.059,0.122,0.2506,0.244375,0.455625,1,2.73043502602646,0.723632747693132,0.802755984379348,1.06281533750458,6002.22028899193
"Fixed mixed-signal hidden-positive design",59,"full_pu_poe","PU-PoE",0.925946791862285,0.782723004694836,6,0.4,0.8,0.198687376000238,2.04810790851717,0.0553169806293013,0.673288616521159,0.985,0.6,0.3925,4.6,0.2425,0.6,1,1,0.8125,1,0.8125,1,0.205945702655041,0.11125342140717,0.0735890089585615,0.193019801278039,0.360685511699551,0.0325026503681412,0.45957993594799,0.964973809041363,0.983573039542475,0.82655114120906,0.999826689545609,0.9135,0.763,0.399,0.88511687823435,0.933372239993936,-3.22349095018211,0.225037421905631,1.09935721781478,2.48892862983315,1.87282288462719,0.221520436898464,16.628297433097,1,0.43,0.0612,0.1438,0.2568,0.253925,0.45215,1,2.69546929405576,0.72444826257798,0.829216290826857,1.05785115472983,5917.24311089516
"Fixed mixed-signal hidden-positive design",60,"full_pu_poe","PU-PoE",0.957433489827856,0.885258215962441,6,0.4,0.755555555555556,0.195873539732992,1.82248732547023,0.0563761314130136,0.657148555868704,0.995,0.866666666666667,0.3175,2.2,0.2675,0.866666666666667,1,1,0.825,1,0.825,1,0.218183367886691,0.12239841683894,0.0735317382858341,0.199538252554125,0.385345103055794,0.0357106045728555,0.508115509233575,0.956570282829562,0.976506351203266,0.801988080934755,0.999610521377168,0.8835,0.7095,0.31,0.858449956093005,0.917306575237192,-3.32072367959024,0.206386901533945,1.34591185251399,2.40054342986148,1.82332771589591,0.22963661812277,14.769651755723,1,0.4404,0.0516,0.1566,0.2522,0.2592,0.4477,1,2.71967157298409,0.721920120542436,0.824768088010847,1.03237505525822,5932.1967830658
"Fixed mixed-signal hidden-positive design",61,"full_pu_poe","PU-PoE",0.962942097026604,0.908732394366197,8,0.533333333333333,0.8,0.169617687415361,1.85687816806806,0.0477472248987825,0.659359967533209,0.985,0.666666666666667,0.33,4,0.18,0.666666666666667,1,1,0.695,1,0.695,1,0.154975168603708,0.0912503693015909,0.0492113403500239,0.139924591473028,0.281553023553744,0.0221742437907376,0.358766711146915,0.975979761447221,0.98815774222193,0.875566093726871,0.999862080301869,0.957,0.8555,0.4585,0.909055998610131,0.948515750924138,-3.42764422867291,0.200301806604211,1.55048024163575,2.45572922233009,2.66026937990086,0.211111226288637,13.4769125957317,1,0.415,0.0462,0.161,0.256,0.2327,0.440525,1,2.68469879980439,0.7189106670543,0.82683196088167,1.05447282715214,5865.24868106842
"Fixed mixed-signal hidden-positive design",62,"full_pu_poe","PU-PoE",0.942347417840376,0.834178403755868,6,0.4,0.777777777777778,0.185750322436008,1.98919462548768,0.0518328910057193,0.659365910146086,0.9875,0.666666666666667,0.3525,4,0.2275,0.666666666666667,0.9975,0.933333333333333,0.8275,3.6,0.7275,0.933333333333333,0.206228770913803,0.117522746902124,0.0672953477908759,0.187981291076486,0.370122189447341,0.0328198391011842,0.468876393095017,0.97374030879932,0.988965549918162,0.873400839696601,0.999960148890197,0.9415,0.8325,0.485,0.911825112933902,0.951046795617856,-3.46701590682792,0.196927365019565,1.20220864855658,2.54917066394958,1.6691334147369,0.229094358884886,20.0265808714557,1,0.4508,0.0682,0.099,0.262,0.257125,0.4666,1,2.72740753478317,0.724824058792631,0.80709605147467,1.04888350808179,5918.86332392693
"Fixed mixed-signal hidden-positive design",63,"full_pu_poe","PU-PoE",0.940594679186229,0.824037558685446,7,0.466666666666667,0.8,0.159801748189012,1.90660699281138,0.0414676106181571,0.588064052548667,0.985,0.6,0.3375,4.6,0.1875,0.6,0.9975,0.933333333333333,0.7375,3.6,0.6375,0.933333333333333,0.193326960775847,0.0992849230516453,0.0715877130194146,0.183133341138455,0.3312475756012,0.0376287590832226,0.409263869132261,0.988500260528397,0.996263692025143,0.927697034457466,0.999960750929065,0.99,0.9505,0.7065,0.957098288799136,0.977579529982322,-3.50244089193391,0.314263128242092,1.33950199670042,2.58530437817101,1.94687184746071,0.227350271238857,19.6623234511197,1,0.464,0.0742,0.092,0.2523,0.254875,0.4758,1,2.77897421384551,0.731606011159565,0.788149133067321,1.04365337769729,5987.63185119629
"Fixed mixed-signal hidden-positive design",64,"full_pu_poe","PU-PoE",0.951674491392801,0.861408450704225,8,0.533333333333333,0.822222222222222,0.167709076096223,1.76664871111288,0.0462949813619964,0.590157852908258,0.985,0.6,0.355,4.6,0.205,0.6,1,1,0.6625,1,0.6625,1,0.196176137357779,0.106269708860452,0.067915397522165,0.184601703279359,0.341957077764198,0.0333225544777207,0.430857681597154,0.981456417264127,0.992911379037051,0.901877750611877,0.999969732529994,0.9765,0.898,0.5765,0.939421167853754,0.966738797423042,-3.40350240791099,0.262760156405917,0.539976088346904,2.55678393513887,1.97819098437966,0.216389492889114,17.1441981863405,4,0.4426,0.0538,0.1182,0.2552,0.259775,0.470925,1,2.74267882066391,0.72432625640471,0.804276081227097,1.05322690433488,6046.20838904381
"Fixed mixed-signal hidden-positive design",65,"full_pu_poe","PU-PoE",0.953615023474178,0.862910798122066,8,0.533333333333333,0.822222222222222,0.196991809684216,1.87394252511706,0.0567184901875047,0.668818471403882,0.9925,0.8,0.31,2.8,0.235,0.8,1,1,0.8375,1,0.8375,1,0.196676472878164,0.111999873494919,0.0641936549962017,0.180203981600752,0.354014994273746,0.0305051227013409,0.444147278680373,0.939512036776334,0.963519791029345,0.751760969122904,0.998961942888499,0.801,0.5955,0.198,0.825531859048573,0.890414106375047,-3.12038454548539,0.203100267301335,0.27805064332827,2.38289827034217,2.36053259753847,0.20692733297458,13.4626033887778,3,0.3998,0.0612,0.1704,0.2416,0.256225,0.4295,1,2.67146563037365,0.725849740922757,0.826615977041958,0.983148082061589,5924.27862691879
"Fixed mixed-signal hidden-positive design",66,"full_pu_poe","PU-PoE",0.977589984350548,0.933145539906103,6,0.4,0.8,0.157589889324094,1.85290341559032,0.0445827184038068,0.66356492710742,0.99,0.733333333333333,0.265,3.4,0.165,0.733333333333333,1,1,0.6575,1,0.6575,1,0.17100127609552,0.0989253776497496,0.0558886462066087,0.155252921613097,0.308719293255715,0.0255706460651929,0.387600905193094,0.985542469358249,0.995092965486864,0.909485422543576,0.999990272873756,0.9815,0.9345,0.6385,0.941439987470846,0.96906860683752,-3.26512068388712,0.207902164605666,1.02858471740143,2.45767465613655,2.58943042844241,0.230381155763198,18.0232726699719,1,0.4276,0.0696,0.1094,0.2468,0.2496,0.448725,1,2.69283358747105,0.73014489520292,0.803594508955836,0.92198216087545,5972.67229104042
"Fixed mixed-signal hidden-positive design",67,"full_pu_poe","PU-PoE",0.95906103286385,0.88018779342723,4,0.266666666666667,0.755555555555556,0.178628719752438,2.01792868397999,0.0507276297459346,0.700119314026566,0.9875,0.666666666666667,0.3275,4,0.2025,0.666666666666667,1,1,0.71,1,0.71,1,0.176884048513134,0.1020572728338,0.0547248572092763,0.163312199766824,0.315430375056789,0.0265418118178972,0.418644755974229,0.974807823028956,0.988487248905692,0.872148537026246,0.999897062231804,0.9495,0.8475,0.4695,0.912124851678035,0.95001911294786,-3.35878936581208,0.189352248275734,0.898033339366,2.47994402647724,2.43640431554826,0.223338388565862,15.5360581389946,1,0.4338,0.0698,0.1098,0.2446,0.245025,0.4393,1,2.70587908142524,0.728494162541266,0.803152412037964,0.989605128495976,5998.40638494492
"Fixed mixed-signal hidden-positive design",68,"full_pu_poe","PU-PoE",0.965070422535211,0.902910798122066,6,0.4,0.777777777777778,0.182422187627834,1.88133271588616,0.0517882174184843,0.682567735017303,0.99,0.733333333333333,0.32,3.4,0.22,0.733333333333333,1,1,0.8025,1,0.8025,1,0.196192580399645,0.113358029014771,0.060177409055826,0.181830039957289,0.35238355616887,0.027736169536319,0.448730499380626,0.971699337959622,0.988505785399053,0.850393178667292,0.999984213128998,0.9295,0.822,0.4725,0.902889874703391,0.94587726237512,-3.40136676653108,0.201942180216314,1.03035155542655,2.36870193403512,2.22760918138448,0.227628245471433,15.2608626505345,1,0.4074,0.0584,0.1406,0.2482,0.247325,0.451125,1,2.65540780515798,0.726599312631815,0.823297718813163,0.994940868067983,5880.03156590462
"Fixed mixed-signal hidden-positive design",69,"full_pu_poe","PU-PoE",0.942660406885759,0.830046948356807,8,0.533333333333333,0.844444444444444,0.190067327297627,2.07043588666394,0.0538435463979587,0.706400668874476,0.985,0.6,0.3225,4.6,0.1725,0.6,0.9975,0.933333333333333,0.9325,3.6,0.8325,0.933333333333333,0.166903538000926,0.0983918696088824,0.0502594098377225,0.152379883906084,0.302794766821856,0.023387490203267,0.397977133280702,0.964216843948549,0.982155673354978,0.823790926012073,0.999857064280751,0.907,0.7595,0.377,0.87244548898065,0.925447533056224,-3.0990297685911,0.14024969327915,0.497037799087825,2.31098534557318,2.46752110170948,0.221902248716876,14.0055717717866,2,0.4214,0.0608,0.1424,0.2395,0.254325,0.424725,1,2.68256547553395,0.72602069465021,0.824090302596798,0.921049005936369,5946.15240311623
"Fixed mixed-signal hidden-positive design",70,"full_pu_poe","PU-PoE",0.973145539906103,0.931079812206573,8,0.533333333333333,0.844444444444444,0.182266873647679,1.58253995241169,0.0524599610832375,0.590681015710168,0.9975,0.933333333333333,0.2825,1.6,0.2575,0.933333333333333,1,1,0.82,1,0.82,1,0.213388653932949,0.121207499729579,0.0683709960839538,0.194292577110866,0.381413766942569,0.0330626725189287,0.493930172074105,0.96480561100862,0.982209771277193,0.833264871291475,0.99992612507564,0.9105,0.7655,0.3805,0.878917247356537,0.92880473002159,-3.3350501056035,0.194597986262559,0.506953507656832,2.58397928568501,1.67032483122462,0.229130965202369,16.3046180799794,3,0.436,0.067,0.1196,0.2539,0.265925,0.4606,1,2.73916788016412,0.727806771625294,0.800240768633895,1.0384296700456,5955.34241700172
"Fixed mixed-signal hidden-positive design",71,"full_pu_poe","PU-PoE",0.972957746478873,0.91924882629108,7,0.466666666666667,0.822222222222222,0.172108553481826,1.89315086896597,0.0493552573204847,0.682307860881028,0.9875,0.666666666666667,0.295,4,0.17,0.666666666666667,1,1,0.775,1,0.775,1,0.170248314912238,0.0994391666492394,0.05418159055126,0.15552532732892,0.306389393501292,0.0256355504040815,0.391948568810665,0.981662518182397,0.994442881519615,0.892223226130204,0.999993383650261,0.9715,0.8895,0.6125,0.914843147537424,0.956174240566767,-3.30068094220606,0.184722178004472,0.456753487057371,2.34516604584583,2.48016233770919,0.233447743640635,15.6480194855505,3,0.4188,0.0602,0.1342,0.229,0.264025,0.4387,1,2.65374114423791,0.724310737620706,0.823788172578649,0.873138453485687,5953.91077589989
"Fixed mixed-signal hidden-positive design",72,"full_pu_poe","PU-PoE",0.964757433489828,0.900469483568075,6,0.4,0.777777777777778,0.176702990354228,1.89986021932637,0.0502282153591371,0.674862662058388,0.9875,0.666666666666667,0.3175,4,0.1925,0.666666666666667,1,1,0.74,1,0.74,1,0.178586632003319,0.102282810792292,0.0573564286671587,0.165233014249636,0.321274800856008,0.0276592449698804,0.41732840385449,0.97199599159437,0.98446724806532,0.884016035296834,0.999607627771912,0.954,0.8205,0.3745,0.902717309548338,0.94098668853405,-3.40815987512767,0.175915092530072,0.477237429495394,2.36213530693163,2.13367713092335,0.223756249611398,16.7059908791027,2,0.4284,0.0576,0.1376,0.2524,0.231975,0.4386,1,2.67893005351061,0.723304189669554,0.814316068968449,1.03936275996035,6042.09872102737
"Fixed mixed-signal hidden-positive design",73,"full_pu_poe","PU-PoE",0.913802816901408,0.757183098591549,3,0.2,0.711111111111111,0.219308291487916,2.24209889704308,0.0619456855607775,0.751063608957922,0.9775,0.4,0.4725,6.4,0.2475,0.4,1,1,0.8625,1,0.8625,1,0.214312368974258,0.115121552103476,0.0761078582314981,0.201785571046449,0.370271036901833,0.0371745076868562,0.470639252412964,0.961101424984024,0.986822251817932,0.783883528302491,0.999999997404567,0.88,0.7465,0.457,0.844091244651502,0.915143171972593,-3.24425911098037,0.160084928113607,0.558413357729597,2.41645846242495,2.0093035474051,0.223812535081793,13.2122783184931,2,0.4288,0.0574,0.1404,0.2577,0.25105,0.444225,1,2.70958680036201,0.72553751838138,0.814314876544363,1.11183180044726,5857.24700713158
"Fixed mixed-signal hidden-positive design",74,"full_pu_poe","PU-PoE",0.929327073552426,0.790234741784038,8,0.533333333333333,0.844444444444444,0.16301517600954,2.27763064010175,0.0433915885786615,0.672573573519281,0.985,0.6,0.3075,4.6,0.1575,0.6,0.9925,0.8,0.8225,8.79999999999999,0.5225,0.8,0.143531445320993,0.0868417068381887,0.0441905191112091,0.129091792573251,0.264721751861466,0.0211133081060489,0.352236499462714,0.994233270822725,0.998821549607797,0.957749744292552,0.999998986983516,0.9975,0.9815,0.844,0.97300670274896,0.986513721090858,-3.39478844268282,0.214256362208094,0.316106415755673,2.61615678931995,1.86592443261637,0.22255360974865,20.3694162874726,9,0.4756,0.0694,0.0852,0.2654,0.219425,0.479725,1,2.79539793763173,0.731079759548761,0.787351381164233,1.18361237817173,5983.60801100731
"Fixed mixed-signal hidden-positive design",75,"full_pu_poe","PU-PoE",0.915993740219092,0.748356807511737,4,0.266666666666667,0.755555555555556,0.185996910364461,2.42293594613017,0.0486325352339981,0.718283523661189,0.9775,0.4,0.4225,6.4,0.1975,0.4,0.995,0.866666666666667,0.8475,6.19999999999999,0.6475,0.866666666666667,0.183428453437,0.102102452674544,0.0627777560320366,0.168044666394489,0.328628922324606,0.0314888340412388,0.416697713521469,0.981363000239301,0.992643547781647,0.898109865385501,0.999956028255418,0.973,0.892,0.5785,0.932457437073252,0.962188075927567,-3.38858469622918,0.193604722029654,0.96238712326058,2.49105433512224,2.19668972788086,0.226974528813138,19.2640069747185,1,0.4372,0.0598,0.1282,0.2533,0.225325,0.444125,1,2.72239650242848,0.724621458010281,0.808453930067245,1.06642668545098,6125.69554615021
"Fixed mixed-signal hidden-positive design",76,"full_pu_poe","PU-PoE",0.924632237871674,0.789859154929577,5,0.333333333333333,0.755555555555556,0.207023854984955,2.16593914590359,0.0585785594098173,0.713132512214629,0.975,0.4,0.445,6.4,0.195,0.4,1,1,0.8325,1,0.8325,1,0.186868512158115,0.106949609585463,0.0590432325823794,0.170430287855581,0.335338224396021,0.0261012888427943,0.429360099444893,0.97131391409373,0.988590945895462,0.832451006708638,0.99997282849142,0.9265,0.828,0.4735,0.886286730328125,0.939322362280562,-3.09883857450216,0.196681915333698,0.964006084616628,2.48244700661596,1.8200592097756,0.223825134709666,15.8927295051901,1,0.435,0.0604,0.1342,0.2448,0.278325,0.4694,1,2.68296806886753,0.72674670456616,0.815813149356588,0.984452892602968,5837.80874109268
"Fixed mixed-signal hidden-positive design",77,"full_pu_poe","PU-PoE",0.979342723004695,0.944225352112676,7,0.466666666666667,0.822222222222222,0.167504835650501,1.70762788525491,0.0480776202551375,0.62950933129698,0.9925,0.8,0.255,2.8,0.18,0.8,1,1,0.74,1,0.74,1,0.202534460576778,0.109945181554924,0.0689874936800443,0.187393715687765,0.356269736606461,0.0330035586445103,0.438979849144428,0.980528335064403,0.993224477011274,0.890731988486432,0.999998647364028,0.9675,0.8905,0.581,0.923681874628713,0.959329885451603,-3.28361735754671,0.160534059602875,0.575514006322826,2.40095756611492,2.42974564393566,0.217598785930043,16.6226827660983,3,0.4216,0.0584,0.1338,0.2409,0.260425,0.453175,1,2.67290751753512,0.726535084957574,0.812243976009504,0.952171329573171,5957.80363178253
"Fixed mixed-signal hidden-positive design",78,"full_pu_poe","PU-PoE",0.960250391236307,0.885070422535211,6,0.4,0.777777777777778,0.161913093619316,2.06726944197866,0.0459397315345627,0.707825434353915,0.99,0.733333333333333,0.28,3.4,0.18,0.733333333333333,0.9975,0.933333333333333,0.65,3.6,0.55,0.933333333333333,0.143719279090334,0.0886799218735376,0.043071917386071,0.127322420897242,0.267025688087612,0.0209169839130831,0.355406054936201,0.99300374878225,0.998637548665963,0.947180795407253,0.999993793393422,0.995,0.9735,0.8165,0.953312711818179,0.977390870310011,-3.3330186997081,0.500508540565742,1.03044477071757,2.54081972417792,2.54787707594219,0.219143026894203,17.1111522070554,2,0.4378,0.0524,0.1498,0.2603,0.2482,0.453675,1,2.7121487682161,0.723486059123727,0.828930650239812,0.995420174552786,5976.94538092613
"Fixed mixed-signal hidden-positive design",79,"full_pu_poe","PU-PoE",0.949170579029734,0.863849765258216,6,0.4,0.777777777777778,0.184371061314763,1.77133048894832,0.0521098613019057,0.606654548024166,0.9875,0.666666666666667,0.31,4,0.185,0.666666666666667,0.9975,0.933333333333333,0.9075,3.6,0.8075,0.933333333333333,0.21118161601973,0.116666823968206,0.0709987404133778,0.19757250775415,0.371929832050965,0.0341648742932346,0.487575076368888,0.973788974103315,0.989502920345995,0.853908657981948,0.999984919507036,0.941,0.8395,0.4905,0.915223369403637,0.95318492787138,-3.13027563840489,0.169457321118851,1.18858966131283,2.39538438369961,1.74673303381317,0.220825692961481,16.4983823365062,1,0.4394,0.0692,0.1076,0.2582,0.280175,0.473875,1,2.70504799175854,0.73076863229348,0.802755656252351,0.981949520013576,5869.93266105652
"Fixed mixed-signal hidden-positive design",80,"full_pu_poe","PU-PoE",0.965007824726135,0.895774647887324,9,0.6,0.866666666666667,0.164983222087351,1.79370389506073,0.0461562048472906,0.632275642267815,0.9925,0.8,0.2675,2.8,0.1925,0.8,0.9975,0.933333333333333,0.835,3.6,0.735,0.933333333333333,0.182453077229311,0.1043773819976,0.0595467196025719,0.167038432290866,0.328647382126475,0.0284646679212442,0.419456274624679,0.975312698781067,0.989998611081103,0.867282325653902,0.999932740069277,0.9485,0.852,0.5,0.917138184208048,0.954577026735177,-3.31235190352901,0.148959638760918,0.402656760248595,2.39844719853767,2.19657532600449,0.239951387307025,19.3752004546613,3,0.4428,0.073,0.0996,0.2539,0.231275,0.443325,1,2.70798750733581,0.728729297836587,0.797458227309332,1.01338717919055,5861.53022098541
"Fixed mixed-signal hidden-positive design",81,"full_pu_poe","PU-PoE",0.956306729264476,0.87981220657277,6,0.4,0.733333333333333,0.186629451369984,1.86909014949268,0.0525889658750502,0.656121295161365,0.99,0.733333333333333,0.305,3.4,0.205,0.733333333333333,1,1,0.8525,1,0.8525,1,0.189704325280093,0.110458309118632,0.0621749761055614,0.171944781256645,0.342751614264984,0.0260969585144937,0.447596480745409,0.968897130697891,0.984675441715061,0.844539560379047,0.999894604618697,0.932,0.803,0.404,0.884869574628079,0.93384638949145,-3.35210576569082,0.149753399042811,0.960648682988568,2.40158435212214,1.88575053513216,0.225454069756789,16.6194682751853,1,0.4408,0.0636,0.0984,0.2547,0.255525,0.44915,1,2.71114892140269,0.726298909323562,0.799432473563689,0.995687460161144,5975.59417510033
"Fixed mixed-signal hidden-positive design",82,"full_pu_poe","PU-PoE",0.94810641627543,0.852957746478873,7,0.466666666666667,0.8,0.191671664979217,1.85552332673893,0.0542732135905703,0.637287301321029,0.9875,0.666666666666667,0.3475,4,0.2225,0.666666666666667,1,1,0.8075,1,0.8075,1,0.205612654046975,0.114856178125378,0.067489490882591,0.190354235221384,0.363417427386883,0.0309163781420123,0.464454630879541,0.956196328103005,0.977268344334567,0.799214824584362,0.999814759509447,0.868,0.708,0.3135,0.87146785142368,0.921428289515906,-3.13874810120051,0.206116005779537,0.954942194762571,2.64842315034712,1.89127922525565,0.221379038312851,17.2684730120843,1,0.4556,0.0666,0.1062,0.2499,0.2592,0.4563,1,2.77148916572398,0.730008200288988,0.795900284808377,1.01808166434248,6002.95017504692
"Fixed mixed-signal hidden-positive design",83,"full_pu_poe","PU-PoE",0.924694835680751,0.790610328638498,6,0.4,0.755555555555556,0.196504320417964,2.22462222649069,0.0549962356857553,0.716105624006782,0.9875,0.666666666666667,0.3275,4,0.2025,0.666666666666667,0.9925,0.8,0.9925,8.79999999999999,0.6925,0.8,0.162590516928813,0.0982274543013501,0.0492782832303799,0.144450022226538,0.297459562299749,0.0211432691832315,0.394262215999481,0.969560096838945,0.984942535653596,0.850308852531313,0.999712688118187,0.9345,0.805,0.4075,0.897080084804346,0.940900452339567,-3.12569690051567,0.206629563988667,0.502807526592278,2.45690906939109,2.18465284090669,0.214262744186853,14.5061721463783,4,0.4168,0.0524,0.1848,0.2505,0.257575,0.4553,1,2.68468302291288,0.725031263509879,0.831630023496102,1.05149341862953,5919.12256193161
"Fixed mixed-signal hidden-positive design",84,"full_pu_poe","PU-PoE",0.982785602503912,0.950422535211268,8,0.533333333333333,0.844444444444444,0.174506064754599,1.58828874617424,0.0498955614269884,0.590842314550048,0.995,0.866666666666667,0.2675,2.2,0.2175,0.866666666666667,1,1,0.81,1,0.81,1,0.209949535193863,0.113525884880078,0.070791132938325,0.198741115990187,0.370929904501158,0.0298451655316111,0.453798477967565,0.96773157988313,0.988123157810596,0.817871940838149,0.999983520547549,0.91,0.803,0.4745,0.899399977605782,0.945182968443684,-3.32290330436394,0.163922100470252,0.73454090864114,2.33461658372639,2.045397506638,0.233998686462029,16.6860044704845,2,0.421,0.061,0.1604,0.2549,0.264775,0.44825,1,2.68358092119021,0.723884780788954,0.832950324939805,0.957581630137948,5926.84541010857
"Fixed mixed-signal hidden-positive design",85,"full_pu_poe","PU-PoE",0.963192488262911,0.900093896713615,7,0.466666666666667,0.8,0.192955768859108,1.81433960765324,0.0559728981286977,0.650224988432546,0.99,0.733333333333333,0.2975,3.4,0.1975,0.733333333333333,1,1,0.86,1,0.86,1,0.195882269160852,0.107817033819043,0.0629433300375596,0.183098669682629,0.342782737262968,0.0287093284585846,0.430033733403986,0.965587825679718,0.98526185035839,0.829305389154013,0.999864598716967,0.907,0.7795,0.415,0.874155002911159,0.931223000597834,-3.28989491963871,0.143555422665461,0.881333196894937,2.37981227212936,2.15299295939213,0.210119635635105,14.9544752176552,1,0.4778,0.0554,0.1112,0.2594,0.244075,0.43905,1,2.74948326714046,0.721676511312308,0.809591337046199,1.06528444404426,5974.8796107769
"Fixed mixed-signal hidden-positive design",86,"full_pu_poe","PU-PoE",0.973521126760563,0.922816901408451,7,0.466666666666667,0.822222222222222,0.158502602702716,1.73403364975901,0.0444730619936669,0.605364509702487,0.9875,0.666666666666667,0.305,4,0.18,0.666666666666667,1,1,0.685,1,0.685,1,0.179992173245039,0.0995663197577871,0.0611231983889623,0.164473760244607,0.321107788197195,0.032605773877914,0.398146223259524,0.979073855070597,0.990949787179712,0.888043697642023,0.999916106708705,0.9675,0.883,0.52,0.928989719733813,0.960154731947245,-3.25063133734824,0.2537077277635,1.0500960601,2.55689645234107,2.02700287840405,0.230758652310758,19.1223295417611,1,0.4354,0.0682,0.1042,0.2535,0.26915,0.465825,1,2.70738095701239,0.726326842499341,0.805548492659006,0.925291328750759,5955.04895806313
"Fixed mixed-signal hidden-positive design",87,"full_pu_poe","PU-PoE",0.922629107981221,0.775962441314554,3,0.2,0.711111111111111,0.196312424201089,2.53013429695841,0.0547256777263805,0.815058299604596,0.9775,0.4,0.415,6.4,0.19,0.4,0.9975,0.933333333333333,0.76,3.6,0.66,0.933333333333333,0.152819891039236,0.0923900901009101,0.0470894636409198,0.136627829850689,0.284772481540395,0.0211042142675547,0.371347163437875,0.977030332018524,0.989128344626543,0.888368176786282,0.999877979205205,0.9625,0.8645,0.4805,0.911042930278938,0.949741416258659,-3.21442983979638,0.202987325000559,1.08615365730414,2.54859900118609,2.06774294234715,0.234938004436897,19.4617676483044,1,0.4532,0.0712,0.0908,0.2433,0.255,0.4409,1,2.70485946552843,0.729776892019409,0.796781332219492,0.938455664408657,6025.40873408318
"Fixed mixed-signal hidden-positive design",88,"full_pu_poe","PU-PoE",0.945602503912363,0.853145539906103,4,0.266666666666667,0.755555555555556,0.172236406561567,2.18233135272898,0.0485333060987793,0.71263667396034,0.98,0.533333333333333,0.3975,5.2,0.1975,0.533333333333333,0.995,0.866666666666667,0.6975,6.19999999999999,0.4975,0.866666666666667,0.152208904467179,0.0990831412992456,0.0427387831454692,0.130593484259853,0.287878226848228,0.0204296508771827,0.388369140063605,0.988758565281824,0.995624458482466,0.935487820680854,0.999959491470656,0.9915,0.9585,0.6905,0.955286663680662,0.976765030610688,-3.3006664010157,0.532971671673147,1.11899624159626,2.55822560052279,2.42318715031172,0.215343915226478,11.634820399009,4,0.452,0.053,0.174,0.2603,0.274525,0.47525,1,2.71491301098094,0.722717173330363,0.844669689602323,1.05512838983511,5976.62179994583
"Fixed mixed-signal hidden-positive design",89,"full_pu_poe","PU-PoE",0.943724569640063,0.83830985915493,6,0.4,0.8,0.18569275710258,1.90308948968221,0.0517270206494964,0.644742252521029,0.9875,0.666666666666667,0.335,4,0.21,0.666666666666667,1,1,0.8225,1,0.8225,1,0.203160277801277,0.112767329845797,0.0648757010891464,0.190736500535813,0.361104646757561,0.0304072897590195,0.445248568186886,0.968851151066008,0.985143399051382,0.839159046584291,0.999849817782888,0.926,0.7995,0.4075,0.89391896312277,0.940055970551032,-3.52098213137616,0.159463319765447,0.535631467764731,2.34119489861242,1.81034418656353,0.2314610068661,17.5905640314077,2,0.411,0.0598,0.1368,0.2554,0.25025,0.46235,1,2.67849450335355,0.724267743906574,0.814526454739091,1.02816811702922,5957.52737808228
"Fixed mixed-signal hidden-positive design",90,"full_pu_poe","PU-PoE",0.962190923317684,0.893896713615023,7,0.466666666666667,0.777777777777778,0.196325972969188,1.82222786686136,0.0576241926875885,0.661453833656004,0.995,0.866666666666667,0.3075,2.2,0.2575,0.866666666666667,1,1,0.795,1,0.795,1,0.192478249799238,0.113420559957317,0.0642764410324108,0.172753080601806,0.347819634623072,0.0278584811747891,0.455712760550439,0.94763603798209,0.969809663271333,0.778463349204067,0.999467715613498,0.844,0.6485,0.236,0.827543516484924,0.896026416187147,-3.08993942753104,0.194770687995599,1.22586946257821,2.42064089750989,1.97545475460998,0.209270252487972,16.2879951801369,1,0.408,0.0602,0.1334,0.2553,0.254125,0.451125,1,2.65784347955351,0.725477145295287,0.815429983260912,1.07908244725581,5866.57455897331
"Fixed mixed-signal hidden-positive design",91,"full_pu_poe","PU-PoE",0.944100156494523,0.836995305164319,6,0.4,0.777777777777778,0.183243896288464,2.13220893549428,0.0508639835015832,0.721792273032145,0.985,0.6,0.3375,4.6,0.1875,0.6,1,1,0.7425,1,0.7425,1,0.172768968652202,0.103306178804807,0.054382932726366,0.15655463994873,0.312829686937866,0.0275875636986936,0.413073902336773,0.967518199948012,0.984415409166962,0.847508948625612,0.999816130088237,0.918,0.7865,0.404,0.896746322896704,0.939436087846535,-3.33080011428557,0.197820921849117,1.18019140635374,2.3822148590423,2.45384103303098,0.224082883477609,14.7370442430523,1,0.427,0.0656,0.1284,0.2363,0.252475,0.424475,1,2.72291202362578,0.727476859931937,0.807570201753167,0.909163715627137,5850.98101615906
"Fixed mixed-signal hidden-positive design",92,"full_pu_poe","PU-PoE",0.941721439749609,0.828732394366197,8,0.533333333333333,0.822222222222222,0.17432957728268,2.01897879026095,0.0480989876834447,0.647254556720316,0.985,0.6,0.3375,4.6,0.1875,0.6,0.995,0.866666666666667,0.865,6.19999999999999,0.665,0.866666666666667,0.161132278274895,0.0959694763543972,0.0507569731262534,0.144415707397019,0.293398117383354,0.0221697511981603,0.379372044965433,0.971096704247024,0.984777323950123,0.870245889398407,0.999607043061441,0.9425,0.822,0.383,0.907571683216412,0.946777146566804,-3.21893928697997,0.282795119504179,1.27658824689288,2.40208002805979,1.94084571823913,0.213660510095849,19.1090412272291,1,0.4242,0.057,0.1394,0.2607,0.252025,0.459025,1,2.6606184226707,0.721853672496071,0.814330080448428,1.05635954921987,5956.72918486595
"Fixed mixed-signal hidden-positive design",93,"full_pu_poe","PU-PoE",0.955117370892019,0.865352112676056,4,0.266666666666667,0.755555555555556,0.173268272298106,2.15260473490572,0.0480435859622615,0.736757601567319,0.9825,0.533333333333333,0.37,5.2,0.195,0.533333333333333,0.9975,0.933333333333333,0.7925,3.6,0.6925,0.933333333333333,0.169389810805961,0.101496607620513,0.0506617490930345,0.151699342936231,0.309460954860345,0.0240594457482785,0.408188292123215,0.983860760198624,0.99376010781224,0.912257793915412,0.999948050492773,0.984,0.9075,0.6015,0.927688535457041,0.961915919829939,-3.59162856909143,0.191566267737338,1.0207857580235,2.6376645093176,2.61660316419129,0.239578134180185,18.286266549173,1,0.4294,0.0596,0.1176,0.2381,0.237025,0.4408,1,2.68282227234576,0.723085495919583,0.807889630724255,0.954604620332008,5878.9811770916
"Fixed mixed-signal hidden-positive design",94,"full_pu_poe","PU-PoE",0.935336463223787,0.806384976525822,5,0.333333333333333,0.777777777777778,0.185074725501398,2.32911979663151,0.0515898986344979,0.757602003601105,0.98,0.466666666666667,0.38,5.8,0.18,0.466666666666667,1,1,0.6675,1,0.6675,1,0.150506445822336,0.090364564429179,0.0465204163331284,0.136559662972411,0.278601880196475,0.0218284263554078,0.359897275413793,0.981202789843349,0.993869482949976,0.889381240300892,0.999947486758482,0.9705,0.891,0.59,0.920502645084709,0.958610883380388,-3.07432929568143,0.179967798142679,1.01026855394374,2.46987141772866,2.364751944397,0.241813155295458,16.6683602063848,1,0.4176,0.0616,0.1424,0.2483,0.243025,0.43255,1,2.68338020889324,0.724936965825591,0.817843680981096,0.963670246884962,5857.80242204666
"Fixed mixed-signal hidden-positive design",95,"full_pu_poe","PU-PoE",0.962879499217527,0.894647887323944,7,0.466666666666667,0.822222222222222,0.169325405875511,2.03484128435553,0.0485160560523481,0.692126240949342,0.9825,0.533333333333333,0.3275,5.2,0.1525,0.533333333333333,1,1,0.6475,1,0.6475,1,0.152421242308393,0.0931340394534679,0.0437286707521194,0.134701845268499,0.283363503305797,0.0200455732449839,0.365424876905969,0.988578394241321,0.995829476420921,0.931807477808644,0.999971675685335,0.9905,0.9535,0.6945,0.943030256294553,0.971115375545885,-3.22982182139575,0.218250710494944,1.08552867760585,2.53512354032444,1.91589112992045,0.230299123018311,19.3662460227474,1,0.4316,0.0632,0.1142,0.2531,0.256275,0.466425,1,2.7208920331174,0.727247538689075,0.808228243806744,1.0064052972055,5978.45363593102
"Fixed mixed-signal hidden-positive design",96,"full_pu_poe","PU-PoE",0.949671361502347,0.860469483568075,6,0.4,0.777777777777778,0.181629592541178,1.80462901038492,0.0504939156179046,0.614992072481719,0.9875,0.666666666666667,0.3175,4,0.1925,0.666666666666667,1,1,0.845,1,0.845,1,0.223132232968477,0.110801029720964,0.0865958484315434,0.210531253646616,0.377222251501194,0.0396037310925852,0.460478408133617,0.97621289836484,0.990681813795138,0.873676845063631,0.999999542202942,0.955,0.8515,0.5125,0.915485147421189,0.95398606340618,-3.29238771090079,0.185467031318575,0.231715116901644,2.41530337765487,2.12699153990387,0.216387483547222,17.2624372786626,7,0.449,0.0618,0.1194,0.245,0.273925,0.461575,1,2.73208769057147,0.727220315345144,0.802402851006356,0.930923923908972,6035.92459201813
"Fixed mixed-signal hidden-positive design",97,"full_pu_poe","PU-PoE",0.932582159624413,0.809765258215962,2,0.133333333333333,0.688888888888889,0.184719897411884,2.38693978813419,0.050697525756468,0.774967459260737,0.985,0.6,0.3375,4.6,0.1875,0.6,0.995,0.866666666666667,0.86,6.19999999999999,0.66,0.866666666666667,0.146114929468073,0.0929636137408071,0.0417283923778031,0.130107095859975,0.274419283535121,0.0186495327324363,0.366409858448193,0.978814804414203,0.990501320611415,0.888490088914651,0.999886458315774,0.9685,0.8795,0.5105,0.921056636714654,0.955354253152676,-3.29137452710266,0.164357926300162,0.399437882654589,2.6202423416025,2.71936564051581,0.225672569088325,16.3166767867212,5,0.4224,0.0544,0.1372,0.2473,0.2445,0.4373,1,2.70145729683913,0.723841157517325,0.818621877361943,0.974939232850979,5954.5607790947
"Fixed mixed-signal hidden-positive design",98,"full_pu_poe","PU-PoE",0.906103286384977,0.745915492957747,4,0.266666666666667,0.711111111111111,0.199909993165083,2.05696486653299,0.0531962108405637,0.644659283520212,0.985,0.6,0.4375,4.53333333333333,0.2875,0.533333333333333,0.995,0.866666666666667,0.9475,6.19999999999999,0.7475,0.866666666666667,0.275226433888178,0.116149507413294,0.125182321481808,0.268433969068496,0.432365215576789,0.0684295745418753,0.512921681815121,0.991625857564177,0.999248241226455,0.922667560549687,0.999999896143831,0.9885,0.9565,0.823,0.950470792488047,0.978661920913611,-3.51793707076857,0.368749349170658,0.977720084576304,2.65581320880018,1.60459298116241,0.224986133524736,16.6094835873122,1,0.4738,0.06,0.1104,0.2576,0.264175,0.494375,1,2.77920419191946,0.727943497439975,0.79757376176294,1.1185122640793,5882.35132098198
"Fixed mixed-signal hidden-positive design",99,"full_pu_poe","PU-PoE",0.968575899843505,0.913239436619718,7,0.466666666666667,0.8,0.17335181219395,1.82229893782642,0.0495388404707095,0.653307922528336,0.9875,0.733333333333333,0.3175,3.4,0.1925,0.733333333333333,1,1,0.7325,1,0.7325,1,0.168692806924731,0.0986146634443321,0.0566727484091898,0.153059553164485,0.310826645980242,0.0257982023347863,0.389506519575122,0.977887048599664,0.990560452574969,0.884420992495022,0.999967833911989,0.961,0.873,0.515,0.917314284104191,0.955224533656601,-3.37036956653817,0.233234419687844,1.02094504926326,2.44181594430869,2.41906856211866,0.213803359524175,14.2213796147648,1,0.433,0.0624,0.1502,0.2589,0.244275,0.44035,1,2.703398164851,0.724248106512554,0.824569830991236,1.03585881056537,5918.27193903923
"Fixed mixed-signal hidden-positive design",100,"full_pu_poe","PU-PoE",0.965133020344288,0.896338028169014,8,0.533333333333333,0.844444444444444,0.167109586447923,1.88324366752701,0.0471878507955669,0.661085756932989,0.99,0.733333333333333,0.2875,3.4,0.1875,0.733333333333333,0.9975,0.933333333333333,0.8075,3.6,0.7075,0.933333333333333,0.166912972362856,0.0961276895348818,0.0542264973662475,0.152012597483438,0.299859375249736,0.0293653737222624,0.390896042511352,0.981717350074789,0.992165435496945,0.90021133530234,0.999969010499563,0.975,0.9085,0.5525,0.918363889627685,0.955201507147651,-3.37692020809873,0.161616046450809,0.32490176055837,2.40507307123773,2.48165507156921,0.230536229325224,17.6855231333455,6,0.4226,0.0702,0.1314,0.2441,0.24435,0.431125,1,2.69790826388614,0.732887839601349,0.803637039704563,0.944035649325546,5963.71562314034
