"scenario","replicate","model_key","method","Overall_AUC","Hidden_AUC","Hidden_at_15","Hidden_Recall_at_15","Overall_Recall_at_45","Overall_LogLoss","Hidden_LogLoss","Overall_Brier","Hidden_Brier","Overall_Coverage_80","Hidden_Coverage_80","Overall_Interval_Score_80","Hidden_Interval_Score_80","Overall_Coverage_95","Hidden_Coverage_95","Overall_Interval_Score_95","Hidden_Interval_Score_95","eta_posterior_mean","eta_posterior_sd","eta_q10","eta_q50","eta_q90","eta_q025","eta_q975","anchor_max_mean","anchor_max_median","anchor_max_q025","anchor_max_q975","anchor_Pr_over_090","anchor_Pr_over_095","anchor_Pr_over_099","anchor_q99_median","anchor_top5_median","beta0_posterior_mean","tau_cov_posterior_mean","ell_cov_posterior_mean","sigma_cov_posterior_mean","acc_blocked_f","acc_blocked_theta","acc_joint_tune","acc_joint_sampling","acc_f_refresh_sampling","eta_moved_sampling","delta_final","kappa_cov_final","joint_theta_scale_final","runtime_sec"
"Fixed mixed-signal hidden-positive design",1,"gp_cov_pu","GP-Cov + PU",0.889577464788732,0.67849765258216,3,0.2,0.711111111111111,0.225484841458852,2.44711876672384,0.0633725761328199,0.790768270957386,0.975,0.333333333333333,0.48,7,1,1,0.865,1,0.184259483853701,0.107235848974553,0.0562358919162435,0.168315212154131,0.332417366550146,0.0223190782331381,0.427628521211863,0.932425299902144,0.960797508459236,0.712110831166833,0.999484686530843,0.772,0.5665,0.229,0.81386527427297,0.881204354992596,-3.15566123662605,0.178509633492716,2.21114216372451,2.68472980594267,0.418,0.0468,0.2237,0.23195,0.409825,1,2.79972885119698,0.708617320304811,0.816305333953389,3094.93906784058
"Fixed mixed-signal hidden-positive design",2,"gp_cov_pu","GP-Cov + PU",0.904413145539906,0.746854460093897,5,0.333333333333333,0.733333333333333,0.227657359765208,2.24473715022955,0.0651289780123212,0.763953526745571,0.98,0.533333333333333,0.465,5.2,1,1,0.8725,1,0.195737463677624,0.113861224196885,0.0661008674090423,0.173903796067784,0.350790250180338,0.0275510479369575,0.445154190117347,0.905927536518535,0.937651027747968,0.623412835630369,0.998766030113212,0.6595,0.435,0.1435,0.773713735552599,0.849251549170566,-3.22982778560356,0.152275874275842,2.35638467124995,2.55647827101233,0.416,0.0442,0.2248,0.245125,0.4212,1,2.7762433381007,0.710057161026776,0.848559099257195,3081.9473528862
"Fixed mixed-signal hidden-positive design",3,"gp_cov_pu","GP-Cov + PU",0.911737089201878,0.782347417840376,4,0.266666666666667,0.688888888888889,0.219530811537092,2.22519804738394,0.0620582491490921,0.746485067183587,0.98,0.6,0.435,4.6,0.9975,0.933333333333333,0.945,3.6,0.186772031634695,0.106977973004646,0.0580329725444086,0.172923913787933,0.334162847948467,0.0274306703851511,0.433929753405139,0.92604300002633,0.949476943119096,0.71366449823729,0.998310728035737,0.7455,0.4955,0.1505,0.802549359132039,0.86993626274195,-3.3234185506331,0.168065364889897,2.40015807712593,2.73939797866405,0.4092,0.044,0.2346,0.23535,0.42595,1,2.77112495127369,0.707964852380527,0.871502349611717,3085.78786802292
"Fixed mixed-signal hidden-positive design",4,"gp_cov_pu","GP-Cov + PU",0.904475743348983,0.729577464788732,6,0.4,0.755555555555556,0.201429575552537,2.36651643875569,0.0545397804287045,0.727797828498372,0.9775,0.466666666666667,0.4025,5.8,0.995,0.866666666666667,0.95,6.19999999999999,0.164521677283349,0.0981347920159541,0.0493571963344248,0.150199186311532,0.299096120972271,0.0233061129962436,0.391188659628333,0.964374384363326,0.983554879635546,0.810492945691132,0.999707506067562,0.9055,0.784,0.3705,0.886319246717687,0.935834059402504,-3.07139412044609,0.204008720677652,2.42514129105076,3.08828416863243,0.3992,0.0464,0.2258,0.25325,0.4195,1,2.78358147127097,0.710149494532361,0.707343051756413,3046.30070900917
"Fixed mixed-signal hidden-positive design",5,"gp_cov_pu","GP-Cov + PU",0.922065727699531,0.789107981220657,7,0.466666666666667,0.8,0.229386382382996,2.07718785383102,0.066760162635913,0.722500451953704,0.9825,0.6,0.43,4.6,1,1,0.9225,1,0.192787962297738,0.108690885086345,0.0614914080353178,0.176334035789599,0.342506036673224,0.0312187760766507,0.445927439349712,0.883594606809109,0.920878755223236,0.581437680143452,0.998573802580706,0.583,0.352,0.102,0.716271314643799,0.80537508688901,-3.0876423152498,0.172540965235989,2.3290274788561,2.41182280108421,0.4114,0.0444,0.2242,0.2501,0.427375,1,2.78269894627867,0.708605119042879,0.864114251799775,3087.32558393478
"Fixed mixed-signal hidden-positive design",6,"gp_cov_pu","GP-Cov + PU",0.939342723004695,0.844507042253521,7,0.466666666666667,0.755555555555556,0.196714865720902,1.8386540953718,0.0560740373969113,0.63187025676979,0.9875,0.733333333333333,0.3575,3.4,1,1,0.7725,1,0.207509532939312,0.11342432514841,0.0710094484343524,0.195643027768961,0.358363454981559,0.0331750500760467,0.461242838716807,0.950205505594326,0.974753751710022,0.753670473384333,0.999726199547435,0.8495,0.673,0.299,0.861322497826159,0.914520299704732,-3.12053490231255,0.184226392077249,2.45910745034935,2.82438323460181,0.4158,0.0436,0.2374,0.253,0.440575,1,2.77412332751796,0.707472263982512,0.811313013376646,3060.41740298271
"Fixed mixed-signal hidden-positive design",7,"gp_cov_pu","GP-Cov + PU",0.924319248826291,0.794178403755869,5,0.333333333333333,0.733333333333333,0.209396228978933,2.13665278191362,0.0596695764985492,0.710861261279807,0.9825,0.533333333333333,0.4325,5.2,0.9975,0.933333333333333,0.8725,3.6,0.185518259059764,0.108368104502079,0.059269732575632,0.169664349521232,0.337830678917735,0.029134607672519,0.441694151100268,0.947842471724287,0.971832583731267,0.769050620363199,0.999637948558212,0.837,0.6575,0.2555,0.835630312499353,0.899572926951888,-3.17032875409157,0.238303534135173,2.46191698255622,2.7943648253985,0.3974,0.0428,0.2356,0.25255,0.438775,1,2.73560414384779,0.706997980372585,0.812824032322679,3073.29202699661
"Fixed mixed-signal hidden-positive design",8,"gp_cov_pu","GP-Cov + PU",0.866666666666667,0.631737089201878,2,0.133333333333333,0.688888888888889,0.220680030954807,3.00184066494161,0.0575554224223367,0.817564543478696,0.9725,0.333333333333333,0.48,7,0.99,0.733333333333333,1.005,11.4,0.142383441753984,0.0882569471828663,0.0427049607382346,0.125166434682746,0.26931716585059,0.0208176921789101,0.342222733710308,0.978578745948684,0.990765500496552,0.884379281373716,0.999924370020615,0.9635,0.8815,0.5245,0.910951918091438,0.951474720051265,-3.223202340941,0.439933390912636,2.7681140775536,3.21569740129484,0.429,0.0396,0.2272,0.25025,0.449425,1,2.79947143808651,0.705152237634195,0.859173881242233,3020.67545986176
"Fixed mixed-signal hidden-positive design",9,"gp_cov_pu","GP-Cov + PU",0.919499217527387,0.790798122065728,6,0.4,0.711111111111111,0.216336338335594,2.25056089085675,0.0624873846214958,0.762214471655807,0.9775,0.466666666666667,0.4375,5.8,1,1,0.8,1,0.165076567934922,0.0997958291836257,0.0491118173953669,0.148982957928394,0.310448819493751,0.0250256598442636,0.404138199944765,0.941850908622392,0.965164066898244,0.760691103613646,0.999389035247537,0.8215,0.6065,0.224,0.828986665040009,0.8960847784788,-3.2137075410844,0.158667233094558,2.45897596560389,2.6909260549408,0.422,0.044,0.2354,0.24715,0.436325,1,2.78971765775103,0.70894086217985,0.864324438821402,3092.93735194206
"Fixed mixed-signal hidden-positive design",10,"gp_cov_pu","GP-Cov + PU",0.889139280125196,0.684131455399061,4,0.266666666666667,0.711111111111111,0.225140615660717,2.64489440385666,0.0617206990203891,0.797535679276437,0.985,0.6,0.3825,4.6,0.9925,0.8,1.09,8.79999999999999,0.164865712087682,0.10088229001519,0.0493494047106722,0.147389390964154,0.305656586377291,0.0241140861911581,0.400092133258309,0.950736271199118,0.974087512563065,0.768822276499063,0.999701451688052,0.8525,0.6795,0.281,0.834340531304918,0.902296627021037,-3.07853977798347,0.190137332916943,2.37185717447824,2.87126968940597,0.3794,0.0404,0.2353,0.23635,0.424275,1,2.7213377581621,0.707036119645633,0.8115358930848,3063.83950018883
"Fixed mixed-signal hidden-positive design",11,"gp_cov_pu","GP-Cov + PU",0.862284820031299,0.67906103286385,2,0.133333333333333,0.622222222222222,0.256075129701327,2.36537602710741,0.0736523693537647,0.793144779251296,0.98,0.533333333333333,0.4875,5.2,1,1,0.9325,1,0.198932694133764,0.117341281362704,0.0607468594910421,0.179548603774679,0.363747659664308,0.0297651240758718,0.468973439235234,0.854235778337364,0.888870341147243,0.5523097979489,0.993692944916196,0.4625,0.2575,0.0455,0.680823651538699,0.771402752011223,-3.15782199568566,0.209446508777886,2.35168472194967,2.05369393943326,0.378,0.0434,0.2327,0.24725,0.464225,1,2.72161443734639,0.706045248288375,1.06351015296797,3110.42944097519
"Fixed mixed-signal hidden-positive design",12,"gp_cov_pu","GP-Cov + PU",0.884757433489828,0.742347417840376,4,0.266666666666667,0.622222222222222,0.232322914970787,2.4473607768086,0.064832766711171,0.788036911685613,0.97,0.333333333333333,0.485,7,0.9975,0.933333333333333,0.9425,3.6,0.152841130249507,0.0922912769145458,0.0462958080561813,0.138036179031386,0.282477798543832,0.022134756147625,0.362720904241265,0.940489019940152,0.963255882748414,0.752193781262627,0.997999295094249,0.809,0.5975,0.19,0.808827858987398,0.884037929696622,-3.25157324264273,0.213076149853975,2.62259034763622,2.59207165850639,0.4992,0.0438,0.244,0.255175,0.432225,1,2.90369543868703,0.708943379718367,0.888042146735079,3103.4648630619
"Fixed mixed-signal hidden-positive design",13,"gp_cov_pu","GP-Cov + PU",0.863974960876369,0.666854460093897,4,0.266666666666667,0.688888888888889,0.2407034289074,2.36668166463627,0.0677838835718377,0.770941183601824,0.97,0.333333333333333,0.5275,7,1,1,0.9225,1,0.186768999283874,0.106864930961704,0.0585306680097964,0.171108454812959,0.337202940811379,0.0312860643632562,0.430205329119281,0.899608783493313,0.933881474433039,0.639935734818853,0.997347586054809,0.6255,0.4155,0.0965,0.747898885388424,0.831654588075837,-3.07671083299257,0.173998631484103,2.38935702113947,2.43082851342376,0.4298,0.0412,0.2452,0.246175,0.42975,1,2.78723175013857,0.707588854171388,0.892913259810522,3102.64124894142
"Fixed mixed-signal hidden-positive design",14,"gp_cov_pu","GP-Cov + PU",0.924632237871674,0.821220657276995,6,0.4,0.688888888888889,0.235223104837775,1.89841784179552,0.0683799898767085,0.67756576471344,0.9875,0.733333333333333,0.3825,3.4,1,1,0.9875,1,0.220569728619091,0.129299807483587,0.0672541042134111,0.201950195858929,0.404265569806541,0.0312441500853572,0.516004705013758,0.850163458044541,0.895902277541359,0.484227358228399,0.997012858645068,0.4885,0.296,0.0735,0.696774723018618,0.782313601211771,-3.0541331847661,0.14114545117816,2.303733150942,2.20480418102839,0.3828,0.0492,0.2495,0.2389,0.456225,1,2.73649546343904,0.711315628500804,1.04397624193251,3093.75497913361
"Fixed mixed-signal hidden-positive design",15,"gp_cov_pu","GP-Cov + PU",0.838935837245696,0.606384976525822,5,0.333333333333333,0.666666666666667,0.259062917562401,2.42687717210544,0.0735335676331668,0.794118227735625,0.9675,0.333333333333333,0.585,7,1,1,0.95,1,0.19347820872533,0.116275222099742,0.0620581199909933,0.171253745543578,0.354376522168877,0.0274023630662614,0.471661974981789,0.864213086409012,0.89483683568171,0.571938559501741,0.995697785618375,0.4805,0.263,0.0575,0.679639223432771,0.777777171418258,-3.16953804140252,0.197259379186334,2.51243466454327,2.16096544522098,0.4232,0.0448,0.2525,0.24375,0.454575,1,2.81148557503883,0.707056329446442,1.09553562232691,3116.10442686081
"Fixed mixed-signal hidden-positive design",16,"gp_cov_pu","GP-Cov + PU",0.946165884194053,0.852206572769953,4,0.266666666666667,0.733333333333333,0.189978127971332,2.08043797629452,0.0550068449888783,0.72539135762334,0.9875,0.666666666666667,0.3725,4,1,1,0.6575,1,0.185726093191881,0.108682966544309,0.0593859216181218,0.166329080644759,0.340939965414138,0.0298095803343333,0.441115486550931,0.964284983103858,0.981622582888558,0.823332374768875,0.999713924737208,0.9075,0.764,0.356,0.88180575276324,0.930385150224131,-3.30645896831078,0.329518585103359,2.42025217886776,3.16569997661908,0.4004,0.0376,0.2219,0.23675,0.431725,1,2.75913081266805,0.706093306647258,0.78975066591624,3026.1872689724
"Fixed mixed-signal hidden-positive design",17,"gp_cov_pu","GP-Cov + PU",0.953051643192488,0.867417840375587,7,0.466666666666667,0.8,0.188723081484459,1.88433570240341,0.0542997814483524,0.663459096481369,0.995,0.866666666666667,0.295,2.2,0.9975,0.933333333333333,0.855,3.6,0.193639471968505,0.108390770419014,0.0622520695177996,0.176654827469081,0.346970420932297,0.0298290981679319,0.434457892424548,0.959739570174679,0.979164827855092,0.812863946983829,0.999765791165677,0.892,0.727,0.344,0.869972533341852,0.924341072017453,-3.23849807487336,0.287374762776184,2.23717235708579,2.93642148293599,0.5058,0.0388,0.2195,0.227575,0.395575,1,2.94580800269319,0.70717132296017,0.769394143776378,3090.29458093643
"Fixed mixed-signal hidden-positive design",18,"gp_cov_pu","GP-Cov + PU",0.882441314553991,0.692018779342723,4,0.266666666666667,0.711111111111111,0.214699029914885,2.48753989721718,0.0580815280012932,0.777866715153989,0.975,0.4,0.46,6.4,0.9975,0.933333333333333,0.9125,3.6,0.167244066245706,0.0986957435192525,0.052683827327622,0.150052786144253,0.303254390771665,0.0247451633870198,0.399348802175388,0.954764039422513,0.974968472984402,0.791135313796609,0.999451862633192,0.8745,0.6935,0.291,0.859179674252708,0.914224607604737,-3.42697954437913,0.201528395561875,2.41195324179536,3.04320786086724,0.4062,0.0444,0.2138,0.253475,0.420575,1,2.79141827783886,0.708183011081199,0.72212925192681,3052.23748111725
"Fixed mixed-signal hidden-positive design",19,"gp_cov_pu","GP-Cov + PU",0.902410015649452,0.753990610328638,4,0.266666666666667,0.688888888888889,0.227937357868718,2.26540015821574,0.06558796606539,0.756492333114546,0.9775,0.533333333333333,0.48,5.2,1,1,0.8575,1,0.185484752761623,0.107501472463571,0.0597239386666723,0.168957877752008,0.332849496529293,0.0234137978768297,0.432420867316542,0.910715921967817,0.942802864562876,0.657822899099532,0.999367312012836,0.6695,0.4625,0.1785,0.766723077548347,0.849266785171543,-2.98309591714001,0.212214575232761,2.37217480822193,2.47984682999319,0.4144,0.042,0.2358,0.2617,0.431175,1,2.77634949015127,0.708589000156392,0.800084609244669,3107.74821805954
"Fixed mixed-signal hidden-positive design",20,"gp_cov_pu","GP-Cov + PU",0.903912363067293,0.767136150234742,3,0.2,0.666666666666667,0.24993916971225,2.13730494086369,0.0729761281308407,0.74575716458483,0.9875,0.733333333333333,0.4425,3.4,1,1,0.94,1,0.212432992938819,0.122441619447397,0.0640945113670341,0.192739206639384,0.387469757874851,0.0332090265693353,0.492584181895804,0.862835140658163,0.900699900570227,0.526620620142655,0.998215780324644,0.5025,0.3055,0.088,0.670913972276187,0.772306560454609,-3.16671280071185,0.263833596054096,2.31342403007169,1.99980177148194,0.4282,0.044,0.261,0.24205,0.453225,1,2.80706058657128,0.708526415042383,1.08134429808088,3110.33048510551
"Fixed mixed-signal hidden-positive design",21,"gp_cov_pu","GP-Cov + PU",0.928450704225352,0.802816901408451,3,0.2,0.711111111111111,0.207523940058028,2.25629610485758,0.0595467382865373,0.764154816324249,0.985,0.666666666666667,0.3675,4,0.9975,0.933333333333333,0.8775,3.6,0.167253998349638,0.101039530758377,0.0503991626599945,0.149221245637357,0.310698270056251,0.0226590453801576,0.408172413002045,0.948589422808843,0.975840388582971,0.742124634688162,0.999719563784866,0.8415,0.671,0.306,0.84729326545461,0.906430634444825,-2.95874802699595,0.233060762757699,2.27415692042881,2.89765808071467,0.4254,0.0436,0.2285,0.24135,0.41395,1,2.79142443052153,0.707251853606964,0.740640388975136,3074.28995299339
"Fixed mixed-signal hidden-positive design",22,"gp_cov_pu","GP-Cov + PU",0.926823161189358,0.814460093896714,4,0.266666666666667,0.711111111111111,0.201906679309072,2.25366113850186,0.0572481591949125,0.750487642220972,0.9825,0.6,0.3675,4.6,0.9975,0.933333333333333,0.825,3.6,0.157270385023632,0.0958284570601417,0.0462496613378911,0.139397199000275,0.288886759108911,0.0221411838904934,0.38129506377438,0.965120211376782,0.981309670454184,0.841448926138743,0.999669698394911,0.9165,0.7715,0.3505,0.872491103100513,0.927601863728965,-3.2091421245027,0.211531723465622,2.52114287769104,3.12162402973254,0.4078,0.0388,0.2183,0.250625,0.428825,1,2.76904028820484,0.703592540998879,0.769925413990847,3057.42537283897
"Fixed mixed-signal hidden-positive design",23,"gp_cov_pu","GP-Cov + PU",0.887511737089202,0.756244131455399,5,0.333333333333333,0.644444444444444,0.250771551441912,2.08498849864042,0.0730327612858359,0.732514593742169,0.98,0.6,0.545,4.6,1,1,0.9125,1,0.224501906018588,0.126340514666811,0.0757448890981595,0.203596288362311,0.400718319747489,0.0320902518851183,0.510645184763147,0.83260378812059,0.86192225097074,0.515768280797047,0.993854325901337,0.3905,0.2195,0.044,0.655872280323805,0.74523083697351,-3.28088572995104,0.208673756090673,2.50204248291463,2.14070610120529,0.4146,0.0444,0.2548,0.241575,0.4651,1,2.78055198226813,0.709251094123911,1.14310075950499,3134.24176001549
"Fixed mixed-signal hidden-positive design",24,"gp_cov_pu","GP-Cov + PU",0.904350547730829,0.757183098591549,5,0.333333333333333,0.666666666666667,0.229177260812435,2.23980478043999,0.0652300903577334,0.752332248329324,0.9825,0.6,0.3975,4.6,0.9975,0.933333333333333,1.025,3.6,0.190864951988746,0.108055107120177,0.0607041012934989,0.177495444827386,0.338228779504025,0.0312727133852904,0.440094139420859,0.920739613061706,0.95061503707919,0.66625060844606,0.999322319226859,0.723,0.5045,0.1925,0.790496899907751,0.862423763615204,-3.26246195986748,0.301997145187473,2.33242910417781,2.40831887083962,0.4856,0.0382,0.249,0.23975,0.431725,1,2.80406166249959,0.706723195555949,0.91583214728148,3108.13523697853
"Fixed mixed-signal hidden-positive design",25,"gp_cov_pu","GP-Cov + PU",0.875492957746479,0.730516431924883,6,0.4,0.733333333333333,0.244369367593332,2.12803418082641,0.0700957655097238,0.717683424782611,0.9825,0.666666666666667,0.4175,4,1,1,0.96,1,0.185711037419211,0.107916328670037,0.0625750335809042,0.167227168037982,0.334798637830116,0.0282262899706807,0.430903119399161,0.878658301057397,0.914163876106629,0.594235750859852,0.996681194736574,0.549,0.32,0.0725,0.692190327002704,0.792643870743389,-3.04584025714073,0.141010024742312,2.60916999887405,2.26056514431756,0.447,0.0378,0.2661,0.235675,0.4531,1,2.84017292868566,0.704011970675539,1.12731537407174,3134.92841410637
"Fixed mixed-signal hidden-positive design",26,"gp_cov_pu","GP-Cov + PU",0.878372456964006,0.671173708920188,3,0.2,0.688888888888889,0.21633093593471,2.65749049853362,0.0581535433635739,0.774272081363057,0.9775,0.466666666666667,0.435,5.8,0.99,0.733333333333333,1.0675,11.4,0.172872530812777,0.103939408879094,0.0561722841243501,0.156375211186168,0.313049109483557,0.0257572845572448,0.429472814823987,0.965921878199206,0.98258453030715,0.839494541994174,0.999667604930069,0.9215,0.783,0.365,0.894508023149979,0.937228548318636,-3.40485345874397,0.341378934580976,2.47853102590946,2.88469449290461,0.4298,0.0466,0.2325,0.246475,0.438775,1,2.79965397929397,0.710148187608869,0.818477968094957,3054.08173298836
"Fixed mixed-signal hidden-positive design",27,"gp_cov_pu","GP-Cov + PU",0.946917057902973,0.844882629107981,4,0.266666666666667,0.755555555555556,0.182977991758185,2.1526063629095,0.0514285093145842,0.728787094447449,0.9875,0.666666666666667,0.35,4,0.9975,0.933333333333333,0.7675,3.6,0.17528436312174,0.101080191745502,0.0566266919102628,0.159887732381824,0.318445429420603,0.0259159461007944,0.405570001144105,0.976922523418955,0.990496139228555,0.876022943177565,0.999891204672581,0.956,0.8625,0.511,0.917852283106209,0.954287952206997,-3.48439331365421,0.342562654772428,2.37504724731262,3.31083022199473,0.3982,0.0414,0.222,0.226275,0.4259,1,2.75920729122015,0.709119704783147,0.774939571522378,3005.47505807877
"Fixed mixed-signal hidden-positive design",28,"gp_cov_pu","GP-Cov + PU",0.889577464788732,0.706291079812207,2,0.133333333333333,0.644444444444444,0.229305018842611,2.57206057760855,0.0649866316738801,0.827406469345946,0.9725,0.4,0.485,6.4,0.995,0.866666666666667,1.0175,6.19999999999999,0.156483443727948,0.0971002509898855,0.0473866384305898,0.138452228009432,0.292722299465146,0.0209347642720493,0.384269263062152,0.949938263017281,0.971801320196333,0.785264935991567,0.999299889055699,0.846,0.65,0.2535,0.828876127730592,0.898450850317661,-3.09343838946167,0.21494234048289,2.47163163215562,2.7343552469617,0.4194,0.0414,0.2219,0.2559,0.428075,1,2.78300417581227,0.706341769186723,0.793068045990943,3085.99775385857
"Fixed mixed-signal hidden-positive design",29,"gp_cov_pu","GP-Cov + PU",0.928012519561815,0.815399061032864,6,0.4,0.755555555555556,0.205403702037027,2.08996615575053,0.0579653558456859,0.71371787251354,0.9775,0.533333333333333,0.4225,5.2,1,1,0.8725,1,0.185791245431873,0.109208314593314,0.0567138641171877,0.169843230450489,0.34130612419956,0.0257302643228286,0.427676807717355,0.942770884017277,0.969468640001001,0.735136532410836,0.99959407022039,0.812,0.6295,0.2665,0.841098222875677,0.902090068656116,-3.2489017316539,0.203783061319463,2.32067802984926,2.83964127366069,0.4074,0.036,0.2266,0.243625,0.41955,1,2.77995124629072,0.704421596965168,0.772854708969981,3066.47124290466
"Fixed mixed-signal hidden-positive design",30,"gp_cov_pu","GP-Cov + PU",0.949295774647887,0.861596244131455,6,0.4,0.733333333333333,0.19327183934603,2.09487867514961,0.0549825061055047,0.726871133532096,0.985,0.6,0.365,4.6,1,1,0.76,1,0.16125522134386,0.0972058447442714,0.0479111016255053,0.146157435149527,0.297725160628151,0.0229782155513235,0.38435051971882,0.958426834243601,0.977297750864513,0.812071521912255,0.999644508151075,0.8965,0.723,0.2925,0.87202433188534,0.922691217602967,-3.37257988437221,0.183360021162856,2.40742207438953,2.98327692250347,0.383,0.0416,0.2321,0.228675,0.430725,1,2.72101803484284,0.706153639199885,0.856045049180222,3078.95010995865
"Fixed mixed-signal hidden-positive design",31,"gp_cov_pu","GP-Cov + PU",0.92056338028169,0.778779342723005,6,0.4,0.755555555555556,0.215027586263776,2.15824210544302,0.0607870015892799,0.726778945163948,0.9875,0.666666666666667,0.4075,4,0.9975,0.933333333333333,0.93,3.6,0.203536349336849,0.118917386882347,0.0661693166823075,0.182685423340885,0.375861117869482,0.032263796052274,0.468387424615486,0.934497693813697,0.963689363233295,0.721733826504356,0.999605490360124,0.7695,0.579,0.2375,0.819622634451608,0.88586506130215,-3.35507053915803,0.161873965393994,2.28641220445353,2.79309477287755,0.4018,0.0406,0.2165,0.243075,0.4212,1,2.76495828418552,0.705869114603498,0.78209419814338,3025.90043997765
"Fixed mixed-signal hidden-positive design",32,"gp_cov_pu","GP-Cov + PU",0.890954616588419,0.691267605633803,4,0.266666666666667,0.733333333333333,0.226425051187204,2.43449079336246,0.0637970600389681,0.782380180558828,0.98,0.466666666666667,0.4325,5.8,0.9975,0.933333333333333,0.9525,3.6,0.174180480722548,0.104123072661414,0.0522037933316476,0.156957818227835,0.317434512857289,0.0229008511980881,0.414770085850549,0.934342031767802,0.963936248186751,0.708190001450596,0.999298737153062,0.7755,0.5765,0.2375,0.813138060707634,0.884336336688942,-3.03470445972017,0.153900668865875,2.20134106565825,2.56670139042167,0.4362,0.0394,0.2188,0.256125,0.410675,1,2.82924522976731,0.706195955274247,0.740441434278012,3106.44528102875
"Fixed mixed-signal hidden-positive design",33,"gp_cov_pu","GP-Cov + PU",0.869984350547731,0.659718309859155,4,0.266666666666667,0.666666666666667,0.231712968297922,2.50590451133047,0.064581435343092,0.781116271403207,0.9725,0.4,0.4925,6.4,0.995,0.866666666666667,1.025,6.19999999999999,0.16997014887435,0.0983913184430972,0.0525728410428472,0.154257806542678,0.307667817046862,0.0242533573149317,0.395059198649324,0.948230790669946,0.971875601219447,0.765527287895789,0.999700019953699,0.8415,0.65,0.2855,0.816372522336595,0.891188725205887,-3.0786726188333,0.228140444193904,2.55813092316254,2.75130348392944,0.4088,0.045,0.2454,0.236975,0.440825,1,2.76439181346599,0.708671410659137,0.923534764000588,3053.08612203598
"Fixed mixed-signal hidden-positive design",34,"gp_cov_pu","GP-Cov + PU",0.935712050078247,0.84,5,0.333333333333333,0.711111111111111,0.216772712304523,2.09682903950272,0.061815531863605,0.729296596826624,0.98,0.6,0.3925,4.6,1,1,0.915,1,0.167323455749075,0.1006504517464,0.0543774961665329,0.152159226431764,0.305439153297611,0.0259987266897528,0.403779066842027,0.935566256766487,0.960140962509678,0.721862547960329,0.999309587887705,0.796,0.566,0.187,0.809111703164152,0.879145701039565,-3.31064446831976,0.165158368992085,2.4559071011593,2.68579512213357,0.4026,0.036,0.2313,0.2523,0.437875,1,2.76167721687155,0.704868470556048,0.823982429832102,3099.97457194328
"Fixed mixed-signal hidden-positive design",35,"gp_cov_pu","GP-Cov + PU",0.895148669796557,0.738779342723005,6,0.4,0.666666666666667,0.217010684959269,2.25657321681872,0.0597454876039716,0.69551218989329,0.9725,0.4,0.4975,6.4,0.9975,0.933333333333333,0.8425,3.6,0.184667903661818,0.109093978353146,0.0577923519526554,0.167636016568657,0.339825090072192,0.0278703330182839,0.436608695246189,0.937196443649021,0.962205478449922,0.745313793529696,0.999530313896409,0.7885,0.5885,0.241,0.821178652223426,0.887447437991749,-3.17306254377051,0.330679416708585,2.5771975009065,2.64682900528259,0.4392,0.0446,0.2375,0.2476,0.439,1,2.83873576222716,0.709930886762726,0.90943475885745,3088.25039482117
"Fixed mixed-signal hidden-positive design",36,"gp_cov_pu","GP-Cov + PU",0.936275430359937,0.821784037558685,3,0.2,0.688888888888889,0.202922620228962,2.30699062802958,0.0578899449334018,0.785926719748266,0.985,0.6,0.355,4.6,1,1,0.775,1,0.163378829785947,0.100597558695355,0.0494982374536039,0.146551839893093,0.299878056567054,0.0203521937667952,0.399536467559567,0.961687822573159,0.981438335676401,0.817975212358673,0.99974429224321,0.894,0.749,0.373,0.86701698090603,0.922437110753593,-3.11903126318408,0.187231869325315,2.35477989143727,3.23209259557631,0.406,0.0418,0.2203,0.235875,0.40825,1,2.74912100310469,0.707201537031226,0.739400180664179,2995.38694190979
"Fixed mixed-signal hidden-positive design",37,"gp_cov_pu","GP-Cov + PU",0.914428794992175,0.80112676056338,4,0.266666666666667,0.666666666666667,0.216747053366011,2.24357915010778,0.0614454210291342,0.763987531376055,0.98,0.6,0.42,4.6,1,1,0.8125,1,0.158121174258132,0.0997196006328738,0.0444916146678468,0.139915300545137,0.299066538881593,0.0201142749697801,0.390561180806049,0.943670482140803,0.966528145425189,0.758156520185083,0.999069972267985,0.823,0.619,0.213,0.833710172196049,0.8977921399813,-3.42533874522306,0.190285550281986,2.58366090112864,2.78315767716709,0.425,0.0436,0.2403,0.239925,0.43085,1,2.81439333054013,0.70788085979565,0.902765562499751,3079.24086904526
"Fixed mixed-signal hidden-positive design",38,"gp_cov_pu","GP-Cov + PU",0.913114241001565,0.812769953051643,2,0.133333333333333,0.688888888888889,0.226741186263321,2.17930947884448,0.065281137418998,0.748616575987706,0.9825,0.666666666666667,0.42,4,0.9975,0.933333333333333,0.955,3.6,0.18479597437751,0.109668268800245,0.0548887372603129,0.169666994321297,0.34086079489284,0.0245307335060967,0.431111250219164,0.931611361324121,0.959976749300221,0.704947289365004,0.999380867733849,0.767,0.5675,0.2045,0.789857607703859,0.87131959508872,-3.13984189438815,0.187526219628166,2.6279922495218,2.67795373928144,0.402,0.044,0.2452,0.243275,0.4438,1,2.76758676691278,0.707870732763309,0.952607824821036,3085.0250120163
"Fixed mixed-signal hidden-positive design",39,"gp_cov_pu","GP-Cov + PU",0.928638497652582,0.844507042253521,5,0.333333333333333,0.733333333333333,0.212347888562295,1.98131128051295,0.0608006478270773,0.696139655689418,0.98,0.666666666666667,0.4175,4,1,1,0.8625,1,0.193787850204691,0.110012636266922,0.0596799944610013,0.179437814547444,0.349769194761406,0.0310349852631524,0.437153404675993,0.927407102493593,0.952448367284347,0.708208049022607,0.999294903313799,0.755,0.52,0.1785,0.800592890051493,0.871675803158547,-3.09940088598806,0.176513112623473,2.30481878679691,2.51221611418089,0.4348,0.038,0.2335,0.2495,0.4153,1,2.81580939388609,0.706598179002098,0.810899792144349,3098.13452291489
"Fixed mixed-signal hidden-positive design",40,"gp_cov_pu","GP-Cov + PU",0.885821596244131,0.741971830985915,6,0.4,0.733333333333333,0.235986868722375,2.03387417757252,0.0672216043489723,0.676378242999741,0.9775,0.6,0.5,4.6,1,1,0.915,1,0.212938810900618,0.117671029255809,0.0726974318745554,0.195477716119081,0.383356937837613,0.0355309341168047,0.465347872240749,0.878267223745711,0.911689242982478,0.600746555567327,0.996478288881024,0.536,0.326,0.0675,0.726736872354916,0.808601618458417,-3.20067387401241,0.195874253757711,2.51217729346561,2.30937816243563,0.4128,0.0364,0.2468,0.269875,0.460275,1,2.78837767665659,0.703839806828343,0.911841145008556,3109.76292896271
"Fixed mixed-signal hidden-positive design",41,"gp_cov_pu","GP-Cov + PU",0.861408450704225,0.692582159624413,3,0.2,0.666666666666667,0.242671702450416,2.47320252152128,0.0687268773362276,0.794109582339039,0.9725,0.466666666666667,0.49,5.8,0.9975,0.933333333333333,0.9225,3.6,0.164252902503925,0.101009998524263,0.0492751482378952,0.146593901442198,0.309713107884662,0.0229005809545303,0.408998511673598,0.906416582706168,0.93393225157822,0.658059994970646,0.997901190953849,0.645,0.4195,0.1025,0.759506169287895,0.838229247337399,-3.03586380911191,0.23198147215935,2.54499603082804,2.33805009480607,0.4178,0.0408,0.2469,0.249925,0.451825,1,2.7925624271886,0.70700026027386,0.982930030862732,3101.46382403374
"Fixed mixed-signal hidden-positive design",42,"gp_cov_pu","GP-Cov + PU",0.917370892018779,0.764882629107981,3,0.2,0.711111111111111,0.19778383623731,2.4735759713876,0.055029708511495,0.78515252182067,0.975,0.4,0.455,6.4,0.9975,0.933333333333333,0.735,3.6,0.154431439879067,0.0939466991654695,0.0466370585610564,0.138104607275135,0.283624761593833,0.0250114488655168,0.381090225809942,0.980485132122556,0.993245472674064,0.887798499233216,0.999943817004191,0.967,0.8875,0.5835,0.911716447393201,0.95139170515211,-3.13942864827861,0.355756557296329,2.40593191698909,3.21917240406545,0.4132,0.0374,0.2148,0.244625,0.424375,1,2.7732929384894,0.705296818510491,0.748419493510033,3049.64485311508
"Fixed mixed-signal hidden-positive design",43,"gp_cov_pu","GP-Cov + PU",0.936338028169014,0.837558685446009,6,0.4,0.733333333333333,0.209500558035697,2.05619547420198,0.0606044982518147,0.715395315291449,0.9875,0.666666666666667,0.34,4,1,1,0.7975,1,0.170037799870804,0.0993647908121253,0.0539584228513875,0.156178485402744,0.307021165542701,0.0248090521224824,0.398802353938585,0.926710886613258,0.952852870380007,0.706216818449713,0.999084533887399,0.748,0.5165,0.174,0.801415164619932,0.874345046579207,-3.01129801554283,0.167766718197926,2.30544913491897,2.55834132871523,0.3836,0.0452,0.2248,0.23995,0.426425,1,2.7236508413193,0.70620028633614,0.853295878712956,3082.80055117607
"Fixed mixed-signal hidden-positive design",44,"gp_cov_pu","GP-Cov + PU",0.918372456964006,0.768826291079812,3,0.2,0.666666666666667,0.21600786683589,2.27678934880656,0.0616699047864588,0.767527750925292,0.9825,0.533333333333333,0.4125,5.2,0.9975,0.933333333333333,0.8975,3.6,0.198491345943012,0.112309708358527,0.0660148379147763,0.182184553464843,0.358296904240809,0.0314305419570556,0.453046362404169,0.934819327150116,0.961013154192512,0.727928934233502,0.999158215423012,0.772,0.5705,0.208,0.819890969450605,0.884901137371852,-3.31943498660245,0.176412394221949,2.29733534226966,2.83724308851165,0.3798,0.041,0.2264,0.23165,0.4211,1,2.72922791952453,0.707903273820136,0.801713899735366,3070.09632492065
"Fixed mixed-signal hidden-positive design",45,"gp_cov_pu","GP-Cov + PU",0.922503912363067,0.80131455399061,5,0.333333333333333,0.688888888888889,0.219624729837212,2.0453100854366,0.0632465966131733,0.709128259536247,0.985,0.666666666666667,0.4025,4,1,1,0.8675,1,0.194796008140791,0.113610215052402,0.062679065214863,0.175829164965336,0.358551585933056,0.0322456015184984,0.461415977797671,0.919866036304975,0.948691106915493,0.691273834512894,0.998629031984309,0.7115,0.495,0.164,0.786954362655282,0.863602372415655,-3.21637888455926,0.215229297748787,2.43630645851979,2.66796789354245,0.4612,0.0418,0.2396,0.245625,0.430425,1,2.81821037131619,0.706023689497092,0.868765978156547,3095.73259496689
"Fixed mixed-signal hidden-positive design",46,"gp_cov_pu","GP-Cov + PU",0.918748043818466,0.771830985915493,3,0.2,0.711111111111111,0.2172387491691,2.30371461647616,0.0622240684219767,0.779250690750597,0.985,0.6,0.4175,4.6,0.9975,0.933333333333333,0.915,3.6,0.179397047886453,0.106609822301289,0.0549568686230365,0.161161694775174,0.332280583923827,0.026462322192621,0.428492968052892,0.935952893867279,0.962055370098932,0.728308914806336,0.999163942559452,0.789,0.5765,0.203,0.822308199448779,0.888192237320815,-3.24366708440933,0.213393361617375,2.38053339006095,2.78865955083775,0.4048,0.0358,0.2184,0.244525,0.417525,1,2.76089122837166,0.705318919779969,0.801637780209917,3076.29444694519
"Fixed mixed-signal hidden-positive design",47,"gp_cov_pu","GP-Cov + PU",0.903161189358372,0.740845070422535,4,0.266666666666667,0.711111111111111,0.214000839686831,2.32063792800263,0.0600350985583958,0.755767017684692,0.9825,0.6,0.38,4.6,0.9975,0.933333333333333,0.925,3.6,0.16312002476172,0.0988681097177236,0.0503985047065841,0.144643242600509,0.305394353708221,0.0244091408835722,0.390396103573031,0.955410432370658,0.977585049677237,0.795200261548139,0.999727434734942,0.8695,0.7055,0.3105,0.858241503232411,0.91524393025151,-3.27436591340205,0.251407541613037,2.41530110139,2.65679271483674,0.4188,0.037,0.2221,0.248,0.4291,1,2.7944362226335,0.704824290124073,0.825041166647863,3099.67871999741
"Fixed mixed-signal hidden-positive design",48,"gp_cov_pu","GP-Cov + PU",0.935712050078247,0.820469483568075,4,0.266666666666667,0.733333333333333,0.192680557944123,2.23296443805586,0.0546152775046306,0.750680381996887,0.9775,0.466666666666667,0.435,5.8,1,1,0.7,1,0.167395992657209,0.0964541437965349,0.0536891832642119,0.154004231779633,0.302342500483784,0.0278261336059828,0.386288000326517,0.968555266183916,0.986671035209023,0.83504251171441,0.999869889025976,0.92,0.8085,0.4455,0.897657641928936,0.943843515359648,-3.14547421768814,0.210623877902972,2.35851636259156,3.20453379849212,0.407,0.0402,0.2123,0.255825,0.40585,1,2.7655381407622,0.706727135838287,0.665348171854248,3042.62527990341
"Fixed mixed-signal hidden-positive design",49,"gp_cov_pu","GP-Cov + PU",0.876619718309859,0.735399061032864,6,0.4,0.666666666666667,0.255257697785462,2.06446772144042,0.073877489915564,0.718562617468447,0.9775,0.533333333333333,0.495,5.2,1,1,0.975,1,0.206310957502603,0.119505378128011,0.0643190420062883,0.190796870950225,0.367641898076685,0.032914348316155,0.482971068688172,0.821444436719008,0.852797119941283,0.486027287427613,0.99300901513873,0.3635,0.184,0.036,0.622701117547865,0.722529771526175,-3.07950292661166,0.185733302215352,2.52168857042911,1.98377021791963,0.4166,0.0398,0.2704,0.25725,0.48,1,2.76995330191887,0.70763084418294,1.14000875581532,3107.60960507393
"Fixed mixed-signal hidden-positive design",50,"gp_cov_pu","GP-Cov + PU",0.889514866979656,0.753239436619718,5,0.333333333333333,0.666666666666667,0.237586172490059,2.16165913548048,0.067746410530065,0.730658738549446,0.9775,0.533333333333333,0.4575,5.2,0.9975,0.933333333333333,1.0125,3.6,0.198182602538754,0.115086341480911,0.0619066824079598,0.181564545948423,0.354984723962439,0.0295097368122,0.46282220351464,0.89606436643333,0.927001243263835,0.630669828336585,0.998973994482957,0.606,0.38,0.1015,0.737592650024288,0.822578714080156,-3.29536532508335,0.240152106751657,2.46852726865187,2.27923667019348,0.4402,0.0412,0.2405,0.259175,0.453925,1,2.83744408410907,0.706797877617607,0.958100433364805,3130.52009606361
"Fixed mixed-signal hidden-positive design",51,"gp_cov_pu","GP-Cov + PU",0.892519561815336,0.692394366197183,3,0.2,0.688888888888889,0.229486687172379,2.49545042831038,0.0651884323292969,0.798587678533644,0.9775,0.4,0.465,6.4,0.995,0.866666666666667,0.995,6.19999999999999,0.172263267712628,0.104845647162171,0.0529417589437623,0.153207489989418,0.321423819403655,0.0254646137320342,0.420555306203432,0.925901476340709,0.954805116090849,0.69155834636296,0.999264499896848,0.739,0.5235,0.1885,0.7933539455831,0.870754383674637,-2.96864791878486,0.194431962864615,2.33398211583539,2.6621018265543,0.4054,0.04,0.2141,0.253375,0.421425,1,2.74144988302046,0.70698441549178,0.778431827149082,3089.86205506325
"Fixed mixed-signal hidden-positive design",52,"gp_cov_pu","GP-Cov + PU",0.858278560250391,0.630610328638498,4,0.266666666666667,0.688888888888889,0.232973825770791,2.63292286773593,0.0629694741583913,0.77375860906886,0.9775,0.466666666666667,0.4875,5.8,0.9925,0.8,1.025,8.79999999999999,0.182654576814446,0.106240222835455,0.0572766160610271,0.164753816114048,0.329007391545397,0.0227384640026072,0.426846177656428,0.945740760208299,0.968097757009145,0.775645612415209,0.999284629115871,0.8345,0.6295,0.2285,0.824403700418314,0.892187687577293,-3.18205931048709,0.240326302112373,2.55960371126885,2.77441938181719,0.413,0.04,0.2413,0.2546,0.440575,1,2.76648738095565,0.70721039229974,0.853455515471407,3057.7171421051
"Fixed mixed-signal hidden-positive design",53,"gp_cov_pu","GP-Cov + PU",0.916244131455399,0.776338028169014,4,0.266666666666667,0.644444444444444,0.219427511543716,2.25640809568872,0.0629989690015438,0.761730131519505,0.9825,0.533333333333333,0.3975,5.2,1,1,0.8175,1,0.170604590112109,0.101282234694685,0.0526726812958291,0.153788923345569,0.313379010076071,0.0215000981073449,0.402835980434548,0.942583083033355,0.966855541228026,0.755337738993224,0.999415239633592,0.815,0.6195,0.236,0.825028017512464,0.891088078878021,-3.18000564355657,0.32616754157085,2.28669825540778,2.43310173023962,0.4272,0.0382,0.2353,0.23855,0.430275,1,2.7959679100575,0.705303812992682,0.90885717564405,3085.47970986366
"Fixed mixed-signal hidden-positive design",54,"gp_cov_pu","GP-Cov + PU",0.905414710485133,0.730892018779343,3,0.2,0.688888888888889,0.219394303760704,2.30767019796556,0.0615956823290533,0.760259633665694,0.985,0.6,0.4075,4.6,1,1,0.83,1,0.197261395319434,0.111403548183964,0.0656460140399192,0.18201638668586,0.351668741943681,0.0312723998016936,0.44828553271736,0.946723202766426,0.969287228613927,0.761319252822885,0.999408084807635,0.8365,0.646,0.246,0.834771937281592,0.900416333477397,-3.41086850062995,0.174921358332648,2.41589694932074,2.89586853687657,0.4288,0.0388,0.232,0.237925,0.420475,1,2.81914108831584,0.707096859042322,0.811189742423182,3052.62506103516
"Fixed mixed-signal hidden-positive design",55,"gp_cov_pu","GP-Cov + PU",0.912050078247261,0.777840375586854,4,0.266666666666667,0.688888888888889,0.220639216910015,2.21232965294935,0.0632154738048801,0.739056725405484,0.9825,0.6,0.435,4.6,0.9975,0.933333333333333,0.905,3.6,0.187490779290068,0.109190916906858,0.0595840149165592,0.172630280292278,0.333798089686253,0.0286137808859939,0.443154843110481,0.934539076727558,0.958821369531602,0.738107897832177,0.998902498525673,0.775,0.567,0.1855,0.806280144340963,0.878957223415481,-3.17111906836348,0.19382978669844,2.52378684377052,2.65527839244446,0.474,0.0428,0.2371,0.23965,0.41945,1,2.91765736505887,0.709443642086997,0.889692358513906,3096.98939013481
"Fixed mixed-signal hidden-positive design",56,"gp_cov_pu","GP-Cov + PU",0.917871674491393,0.83849765258216,3,0.2,0.666666666666667,0.253707226866365,2.01932211588568,0.0746304043512686,0.74188839306528,0.99,0.866666666666667,0.46,2.2,1,1,0.98,1,0.21973079430751,0.12953223316165,0.0697702705157805,0.197308998900459,0.398960026487327,0.0322965052191203,0.511621642699086,0.829539108986147,0.862885330479019,0.50546454209163,0.994817545789456,0.393,0.212,0.0465,0.638652627499679,0.735826062650098,-3.226797306536,0.184214040063447,2.48856145200801,2.06651035798659,0.4102,0.0404,0.2573,0.240925,0.4709,1,2.78961325479858,0.710390779230197,1.17919239807502,3071.61182379723
"Fixed mixed-signal hidden-positive design",57,"gp_cov_pu","GP-Cov + PU",0.908544600938967,0.788169014084507,5,0.333333333333333,0.755555555555556,0.23054919823773,2.21693503127691,0.0666585135125524,0.758752660346343,0.985,0.666666666666667,0.3675,4,0.9975,0.933333333333333,1.03,3.6,0.173302005242296,0.102838930464578,0.0560570439819923,0.156433231521343,0.320765244163536,0.0255958627578704,0.405674835668409,0.914664471408411,0.9502050984908,0.628505504449507,0.999440708174661,0.7,0.5005,0.1845,0.764571103635786,0.850351171270766,-2.92266116767763,0.153374573266138,2.40471544439708,2.52096797100307,0.4588,0.0412,0.2259,0.252875,0.431175,1,2.79640997849923,0.706133793725714,0.828589392239033,3082.38317584991
"Fixed mixed-signal hidden-positive design",58,"gp_cov_pu","GP-Cov + PU",0.955680751173709,0.897464788732394,6,0.4,0.8,0.191396660511292,1.75995972206136,0.0552473794342084,0.638016136622631,0.99,0.8,0.3375,2.8,1,1,0.7675,1,0.192691719380535,0.108213381623353,0.0646301089667446,0.175827167110861,0.344223952219669,0.0302804989999235,0.431491697576517,0.946932445003586,0.970971583138109,0.763882268890371,0.999512486768574,0.8395,0.6485,0.2765,0.850851072171461,0.908687944898013,-3.29097168117251,0.300906040272665,2.33803014648847,2.81431540013326,0.4122,0.0414,0.2229,0.2546,0.425875,1,2.75953141274756,0.707580680953426,0.741316549046692,3042.13881897926
"Fixed mixed-signal hidden-positive design",59,"gp_cov_pu","GP-Cov + PU",0.906917057902973,0.750422535211268,4,0.266666666666667,0.711111111111111,0.224451352551471,2.28574161007601,0.0643383944265549,0.768142337946594,0.98,0.533333333333333,0.4375,5.2,1,1,0.8625,1,0.178656169992753,0.108889023698901,0.0530973918037404,0.158163881990418,0.339997107537763,0.0243669890464315,0.431107623267427,0.933590928238092,0.969132724492198,0.668353343074457,0.999810157427502,0.7735,0.6095,0.2865,0.806464617782458,0.88328263566053,-3.09435106420835,0.336378946762398,2.30813783813855,2.54489579104457,0.4148,0.0414,0.2361,0.243725,0.425175,1,2.80219969719158,0.707525356365022,0.84787320432637,3074.44390487671
"Fixed mixed-signal hidden-positive design",60,"gp_cov_pu","GP-Cov + PU",0.914866979655712,0.786478873239437,4,0.266666666666667,0.644444444444444,0.228204938949787,2.09863442588829,0.0660502510255156,0.727601939257902,0.99,0.733333333333333,0.395,3.4,1,1,0.87,1,0.198690109320777,0.113338686921404,0.0626145387778088,0.181566971156379,0.360394703001342,0.0274174818347544,0.452866961325093,0.907014570023843,0.936166669459515,0.665524990892828,0.997325345792744,0.652,0.4155,0.1125,0.758370429870122,0.840007767720031,-3.18877567185879,0.19987040298411,2.33166742812407,2.31338431134579,0.431,0.0434,0.2341,0.243,0.4311,1,2.78821215764989,0.707179217237537,0.921296716367736,3100.71208405495
"Fixed mixed-signal hidden-positive design",61,"gp_cov_pu","GP-Cov + PU",0.915367762128325,0.788920187793427,6,0.4,0.755555555555556,0.200705274069448,2.29728304615299,0.0556268969883615,0.755254288454989,0.9775,0.533333333333333,0.4175,5.2,0.9975,0.933333333333333,0.8275,3.6,0.148402266881348,0.0909755741720407,0.0439038733145285,0.133594230509989,0.271144779905897,0.0209330176408213,0.370084147020316,0.962821586154868,0.979293277453693,0.829905941317912,0.999583334388439,0.9115,0.756,0.315,0.872672201490462,0.924721059860035,-3.37462489603808,0.219661955701398,2.47821552749826,3.0429261235246,0.4138,0.0458,0.221,0.244675,0.42335,1,2.80562381543897,0.708634048102903,0.758740510565413,3044.23830294609
"Fixed mixed-signal hidden-positive design",62,"gp_cov_pu","GP-Cov + PU",0.892206572769953,0.743474178403756,5,0.333333333333333,0.666666666666667,0.255974378347138,2.25920070091722,0.0744983911848844,0.780349166810845,0.9775,0.533333333333333,0.4775,5.2,1,1,0.97,1,0.186428940368166,0.115238181609883,0.0532038471437964,0.165633848996703,0.349248581349058,0.0237313243704829,0.467399240497458,0.843886164477727,0.881618995606531,0.516279520065984,0.995750109475305,0.4445,0.2495,0.056,0.636234575994921,0.744470320051935,-3.02028314349357,0.197168763451803,2.444677834487,2.05658413263171,0.4446,0.0482,0.27,0.259325,0.459525,1,2.79403946526757,0.710829909752533,1.0359427524566,3098.76099014282
"Fixed mixed-signal hidden-positive design",63,"gp_cov_pu","GP-Cov + PU",0.930015649452269,0.823849765258216,5,0.333333333333333,0.666666666666667,0.204188836812549,2.05285063575929,0.0580683563387801,0.69436774836734,0.985,0.6,0.39,4.6,0.9975,0.933333333333333,0.8475,3.6,0.178524700495394,0.10700617289429,0.0543057804883508,0.162093096742608,0.328712684201902,0.0254919708785929,0.421581195646776,0.944541791304866,0.968741610150903,0.759357276558041,0.999163942516965,0.8195,0.6305,0.2345,0.847204376780313,0.906083437494603,-3.20339890823441,0.294850509937342,2.42699076508209,2.65127545090318,0.4182,0.0406,0.2365,0.237025,0.43185,1,2.79199692035897,0.705895108642712,0.877710680385809,3081.52474284172
"Fixed mixed-signal hidden-positive design",64,"gp_cov_pu","GP-Cov + PU",0.909045383411581,0.756807511737089,6,0.4,0.733333333333333,0.218871249387658,2.14022309132289,0.0625194601724134,0.716296172216547,0.9825,0.533333333333333,0.4625,5.2,1,1,0.8025,1,0.21029665155624,0.123868132520738,0.0647198060662021,0.191202036971997,0.376275777891031,0.0302904204089581,0.510941720391133,0.942963739114869,0.970675958896408,0.741561582283052,0.999631452044259,0.8035,0.6275,0.2745,0.824950827788922,0.893424096102792,-3.21669692082796,0.330605224740439,2.42099597498175,2.72376382679186,0.4014,0.044,0.2399,0.2363,0.44055,1,2.76808633157162,0.709359369164952,0.913676862666981,3051.54236888885
"Fixed mixed-signal hidden-positive design",65,"gp_cov_pu","GP-Cov + PU",0.930140845070422,0.803568075117371,6,0.4,0.755555555555556,0.216040108876409,2.09142476178992,0.0617037200034692,0.705428403154116,0.99,0.733333333333333,0.36,3.4,0.9975,0.933333333333333,0.9225,3.6,0.194489552043522,0.11444089831539,0.0613359003315349,0.17393321823273,0.351856876067347,0.0275129552146668,0.461933347171778,0.931528725732426,0.959406770903508,0.710095839389315,0.999315336224371,0.765,0.5615,0.1985,0.795673030174868,0.873033658602225,-3.30122773587988,0.211957684126912,2.3828732500977,2.67020534681303,0.397,0.0324,0.2313,0.231875,0.424025,1,2.80164886953663,0.704443873641568,0.875148438170354,3069.23249816895
"Fixed mixed-signal hidden-positive design",66,"gp_cov_pu","GP-Cov + PU",0.928575899843506,0.80056338028169,6,0.4,0.755555555555556,0.202158326973738,2.09387409635232,0.0565709635580401,0.680835883023746,0.9875,0.666666666666667,0.35,4,0.995,0.866666666666667,0.9625,6.19999999999999,0.19589818680306,0.110678805351548,0.0630299168933152,0.18259380733443,0.352008791903568,0.0290059966919278,0.44382424437905,0.957311194288041,0.978688623519006,0.807597375416385,0.999603726298109,0.8765,0.713,0.325,0.865159264643176,0.91944921236767,-3.23126386611676,0.224608881417551,2.49571603024227,3.01727008767643,0.3928,0.0408,0.2193,0.252375,0.43935,1,2.74360628422589,0.707813697836986,0.782998323690205,3032.94388198853
"Fixed mixed-signal hidden-positive design",67,"gp_cov_pu","GP-Cov + PU",0.895399061032864,0.723755868544601,4,0.266666666666667,0.733333333333333,0.215513611199629,2.46010746729225,0.0604368556939351,0.784017723730628,0.9775,0.466666666666667,0.425,5.8,0.995,0.866666666666667,0.9225,6.19999999999999,0.173582487284128,0.102855912909403,0.0570825249035835,0.152938856670037,0.318636487163067,0.0277207414024631,0.409859843311341,0.961653372001861,0.97804572493731,0.825404394181002,0.999671926707877,0.911,0.7425,0.312,0.864900518541089,0.918097401317989,-3.18972236440578,0.186776129180816,2.53150653535204,3.04883843555921,0.4294,0.04,0.2308,0.24185,0.42865,1,2.80361971493931,0.707178623815703,0.821080094221162,3072.5183839798
"Fixed mixed-signal hidden-positive design",68,"gp_cov_pu","GP-Cov + PU",0.937151799687011,0.822910798122066,4,0.266666666666667,0.711111111111111,0.206018003416218,2.06896243656381,0.0588727241413567,0.716462511630429,0.9875,0.666666666666667,0.3725,4,1,1,0.8175,1,0.189546803313891,0.109711747095167,0.0588113793346832,0.172988979420317,0.341936024242643,0.0268833331038475,0.427884283436869,0.940050766792251,0.964393751562752,0.739819578976849,0.99933651877809,0.809,0.6025,0.2185,0.832569222411473,0.893473526450283,-3.33043500028657,0.230811027438405,2.33379989118283,2.8237965270843,0.411,0.0408,0.2207,0.2609,0.424325,1,2.75674459092189,0.709056525421408,0.714780372816217,3056.26628994942
"Fixed mixed-signal hidden-positive design",69,"gp_cov_pu","GP-Cov + PU",0.911298904538341,0.739530516431925,6,0.4,0.8,0.204404740857837,2.35804537829377,0.0570463502671093,0.765741581618442,0.985,0.6,0.35,4.6,0.9975,0.933333333333333,0.93,3.6,0.173084951425055,0.103083919733236,0.0537275825004993,0.156576189364551,0.316899394329001,0.0259258374044912,0.413574261047748,0.959162894621318,0.983654353579297,0.764459488958339,0.999877371602542,0.881,0.75,0.4095,0.881614396168443,0.931825654935344,-3.27512178506363,0.166920622339449,2.20531094775337,3.10943096621319,0.429,0.0428,0.2242,0.228925,0.4118,1,2.77673810846285,0.708564872204161,0.752880401135965,3025.04305696487
"Fixed mixed-signal hidden-positive design",70,"gp_cov_pu","GP-Cov + PU",0.919186228482003,0.816525821596244,3,0.2,0.644444444444444,0.233417327822083,2.0510013544693,0.0679300012980577,0.726565198259257,0.985,0.666666666666667,0.425,4,1,1,0.9425,1,0.20458283973638,0.11384229515614,0.0683697477252772,0.187564687740015,0.366617231372478,0.0332552009689548,0.462080880851821,0.889513417339004,0.923964262905028,0.601029063857725,0.997673390454564,0.584,0.383,0.105,0.730276610127315,0.814310656005152,-3.21836651102324,0.17942630659009,2.39039051987308,2.31526750252972,0.4098,0.0472,0.2482,0.233375,0.430025,1,2.78401895177468,0.711680428178103,1.0071744075178,3088.1399140358
"Fixed mixed-signal hidden-positive design",71,"gp_cov_pu","GP-Cov + PU",0.935461658841941,0.828920187793427,6,0.4,0.733333333333333,0.216887325747981,1.99680603226958,0.0625491624957657,0.693626241175545,0.985,0.6,0.3875,4.6,0.9975,0.933333333333333,1.0175,3.6,0.191052997822239,0.108950719045215,0.0592170257679026,0.178671620758326,0.343929062816923,0.0270462881365523,0.442427825622238,0.915261267764242,0.947604952478599,0.653652352023744,0.99833456648317,0.6945,0.485,0.151,0.78425999319903,0.860082624123333,-3.12222463788533,0.159037188159461,2.33252821932311,2.55726688349873,0.4528,0.0396,0.23,0.243725,0.429525,1,2.77479602728347,0.709796845895704,0.85390363261451,3084.4823281765
"Fixed mixed-signal hidden-positive design",72,"gp_cov_pu","GP-Cov + PU",0.894460093896714,0.688638497652582,3,0.2,0.711111111111111,0.212168962634621,2.51416229474828,0.0579458922081317,0.786470944327039,0.9775,0.4,0.445,6.4,0.9975,0.933333333333333,0.8925,3.6,0.18167381118102,0.101950984484718,0.0595097452212641,0.168802146635083,0.326976436238155,0.0233735357379674,0.404120123826734,0.958051031189296,0.981319559898785,0.777404681266582,0.999777537315984,0.8855,0.74,0.3545,0.874431373648616,0.926883006075407,-3.30234146229034,0.210977338475802,2.23798366314257,3.04697821899498,0.3926,0.0394,0.2215,0.232175,0.41225,1,2.75535257901344,0.706510148766419,0.74169345575588,3059.12587118149
"Fixed mixed-signal hidden-positive design",73,"gp_cov_pu","GP-Cov + PU",0.911799687010955,0.806009389671361,1,0.0666666666666667,0.622222222222222,0.231671626443687,2.26128152691588,0.0669276826224384,0.785384224165915,0.9775,0.6,0.4675,4.6,1,1,0.8775,1,0.181578009594584,0.105839691659529,0.05813806333453,0.16598704830465,0.325769677901715,0.0303086780616612,0.432446634094132,0.911639934244217,0.940549918015083,0.679848167915965,0.998035247339049,0.6865,0.4425,0.1185,0.769364739944017,0.847083564996828,-3.29455198419505,0.1743046978597,2.44727700764418,2.47068504043581,0.4008,0.0428,0.2503,0.239275,0.4454,1,2.73270093039387,0.709236792764651,0.934223068800467,3106.44383382797
"Fixed mixed-signal hidden-positive design",74,"gp_cov_pu","GP-Cov + PU",0.895461658841941,0.769014084507042,6,0.4,0.688888888888889,0.223637228522898,2.31067653788424,0.0632248797994347,0.764535633132592,0.975,0.533333333333333,0.4625,5.2,1,1,0.805,1,0.156712427976609,0.0941868219524448,0.0485973558093144,0.138219316698933,0.294111858362057,0.0236981160816905,0.374032409192833,0.930665515591431,0.955753651302615,0.711662154595343,0.999178816489192,0.7555,0.544,0.177,0.796811166293146,0.872251210802352,-3.01554675380241,0.200476091090891,2.49730519523754,2.65297217406763,0.3918,0.0484,0.2306,0.25315,0.42955,1,2.73211706506364,0.709853925237585,0.816687899855812,3076.6589050293
"Fixed mixed-signal hidden-positive design",75,"gp_cov_pu","GP-Cov + PU",0.900719874804382,0.710610328638498,4,0.266666666666667,0.755555555555556,0.215524366897329,2.49553434992089,0.0600617560837959,0.780178390688575,0.98,0.466666666666667,0.435,5.8,0.995,0.866666666666667,0.9125,6.19999999999999,0.18331688156248,0.107645233658005,0.0574988703782396,0.163825097851858,0.330323405656844,0.0262296083935843,0.423464932642559,0.950748481849608,0.974606762743874,0.772635443875566,0.999511954183986,0.852,0.675,0.2845,0.852734632264946,0.909264738108621,-3.1396108966755,0.180086154876449,2.30037034478543,3.02335873163646,0.4026,0.0454,0.2215,0.245625,0.412275,1,2.76814371024603,0.709379826610895,0.733396203607597,3072.7763531208
"Fixed mixed-signal hidden-positive design",76,"gp_cov_pu","GP-Cov + PU",0.847261345852895,0.667793427230047,3,0.2,0.6,0.259450849725712,2.40550512264036,0.0742598892977687,0.788767909402975,0.9725,0.533333333333333,0.5325,5.2,0.9975,0.933333333333333,1.05,3.6,0.190806687127206,0.11428342960941,0.0597433910319438,0.172185808813316,0.354274871250309,0.0273068116671332,0.450254934878634,0.850043688788893,0.880161805661913,0.529868972468996,0.995435618517691,0.4305,0.252,0.0515,0.656793740375427,0.757207181608143,-2.93824628052462,0.247223948310661,2.53478471068313,2.09239390550462,0.424,0.0398,0.248,0.26295,0.46175,1,2.80008236957023,0.705646400002155,1.03187094404926,3111.75511193275
"Fixed mixed-signal hidden-positive design",77,"gp_cov_pu","GP-Cov + PU",0.902284820031299,0.72112676056338,6,0.4,0.777777777777778,0.216078192591851,2.21740373917173,0.0608069233767485,0.722566600307532,0.985,0.6,0.3875,4.6,0.9975,0.933333333333333,0.965,3.6,0.202212963521101,0.11298270122453,0.0684892838073265,0.189723543487698,0.361669379847907,0.0262897007557418,0.454115720168696,0.933714333487468,0.959872592608744,0.723328374166948,0.998811719729337,0.775,0.569,0.191,0.820655360869151,0.88755210962161,-3.23857705516956,0.172155106186469,2.34712955475191,2.7503860678639,0.4176,0.0392,0.2266,0.256075,0.42255,1,2.78542412107455,0.703756264016481,0.76174210877886,3074.63403081894
"Fixed mixed-signal hidden-positive design",78,"gp_cov_pu","GP-Cov + PU",0.899968701095462,0.734272300469484,3,0.2,0.711111111111111,0.212132906990586,2.5458532617551,0.0585364442076403,0.791488805974399,0.9775,0.533333333333333,0.44,5.2,0.9925,0.8,0.99,8.79999999999999,0.148612345801035,0.0920787239735405,0.0435869751300811,0.132111258264056,0.275326067816029,0.0213361763186855,0.36442552159788,0.965045692568491,0.983533992816282,0.82492843306118,0.999721158046154,0.905,0.784,0.3855,0.876470394338274,0.928586258685633,-3.17122892291694,0.261325154911176,2.42097047133226,2.85431129187498,0.411,0.0422,0.2182,0.2343,0.42515,1,2.76788600762379,0.706668060370925,0.837640033615101,3054.67598795891
"Fixed mixed-signal hidden-positive design",79,"gp_cov_pu","GP-Cov + PU",0.897402190923318,0.729389671361502,5,0.333333333333333,0.755555555555556,0.231850340491399,2.21379631116214,0.0664803086434379,0.728469695704213,0.98,0.6,0.4125,4.6,0.9975,0.933333333333333,1.0475,3.6,0.1777138189843,0.104906083741019,0.0561165817360205,0.160870389778716,0.325842274020033,0.0283480161234198,0.427124547006245,0.891672640213111,0.926607774937501,0.589637579672537,0.998407679565122,0.6065,0.3945,0.122,0.7382485829634,0.823213750336466,-2.84658773041427,0.147397434378283,2.35070615792423,2.32467499596319,0.3974,0.0404,0.2233,0.2767,0.4345,1,2.73868634587489,0.70732356375724,0.800240279289477,3075.35825610161
"Fixed mixed-signal hidden-positive design",80,"gp_cov_pu","GP-Cov + PU",0.920312989045383,0.787042253521127,6,0.4,0.777777777777778,0.212886879912738,2.07628603567273,0.0599541323358649,0.698441117238882,0.9825,0.6,0.375,4.6,1,1,0.905,1,0.194789466522851,0.11185941887933,0.063400376968996,0.179424520771188,0.355036289229946,0.0318272998672923,0.451870153655366,0.944179469225147,0.969997697549485,0.742142456728339,0.999525414663141,0.825,0.636,0.2605,0.829771932482017,0.897210569243983,-3.21632150745003,0.153632326928908,2.39603802430087,2.72262769859317,0.4032,0.0382,0.2324,0.22905,0.433125,1,2.77756751843434,0.706661319150629,0.904875269924483,3089.07157588005
"Fixed mixed-signal hidden-positive design",81,"gp_cov_pu","GP-Cov + PU",0.926760563380282,0.806760563380282,4,0.266666666666667,0.711111111111111,0.218279153459572,2.04086089752105,0.0624674682561485,0.710537083401651,0.985,0.6,0.3875,4.6,1,1,0.92,1,0.212453475085733,0.120652885136671,0.0697395265277235,0.197278934822084,0.386134075917269,0.0351207962498279,0.482369535626199,0.919645299790314,0.949403663506431,0.693610126303496,0.998977649706477,0.703,0.495,0.1485,0.801378151559532,0.870765916213047,-3.3619173052698,0.158848016372408,2.35148371650666,2.67247153626345,0.4464,0.047,0.2382,0.235925,0.426175,1,2.8405286163933,0.709798932918713,0.878104198263747,3060.23953795433
"Fixed mixed-signal hidden-positive design",82,"gp_cov_pu","GP-Cov + PU",0.856525821596244,0.706103286384977,3,0.2,0.6,0.25699723659428,2.23840131577594,0.0733357197183903,0.754945871441974,0.98,0.666666666666667,0.51,4,1,1,0.96,1,0.208171502077777,0.121009408224666,0.0653477203785809,0.192105173246995,0.377665802851947,0.0306204719095377,0.475576674216942,0.866544652892717,0.900971689592031,0.55739215658624,0.996856139244687,0.5015,0.297,0.076,0.676786499688613,0.77815728685308,-3.19160749456211,0.192771032281552,2.70766895630324,2.24159838268759,0.4646,0.0398,0.2599,0.252325,0.474325,1,2.79408601709895,0.706552940793002,1.14339402267486,3109.59324383736
"Fixed mixed-signal hidden-positive design",83,"gp_cov_pu","GP-Cov + PU",0.897840375586854,0.767511737089202,7,0.466666666666667,0.711111111111111,0.217238632778697,2.26383464481334,0.0605248382341767,0.731997410631065,0.9825,0.6,0.3975,4.6,0.9925,0.866666666666667,1.065,6.19999999999999,0.160995075765313,0.0968504940851219,0.0488781579271593,0.143892573618923,0.297381407461131,0.0226786155299941,0.384337787891552,0.937364904852309,0.961902140223749,0.742954586731736,0.99881989629446,0.793,0.575,0.187,0.821317910293805,0.887126863756014,-3.19564448811317,0.193387714524114,2.53563288112746,2.64383513227831,0.4176,0.0408,0.2342,0.260525,0.42865,1,2.81944173278366,0.706585362437734,0.806328065098337,3071.79977416992
"Fixed mixed-signal hidden-positive design",84,"gp_cov_pu","GP-Cov + PU",0.913302034428795,0.795868544600939,5,0.333333333333333,0.711111111111111,0.230899879530009,2.12740931450606,0.0666292184088243,0.738078504435311,0.9825,0.666666666666667,0.3975,4,1,1,0.9525,1,0.174098190294225,0.103635672069177,0.0551447447516361,0.156307947835699,0.321775393089519,0.0251063955108788,0.418891828324129,0.907118665448576,0.93587662042264,0.659575156865885,0.997727939554628,0.6645,0.4205,0.108,0.74326214758756,0.831128127011499,-3.12789184751285,0.186135533416055,2.36524907592684,2.36680201831767,0.4592,0.0392,0.2369,0.245525,0.42265,1,2.84729362662365,0.70665558278648,0.907673696453695,3094.48968887329
"Fixed mixed-signal hidden-positive design",85,"gp_cov_pu","GP-Cov + PU",0.889264475743349,0.700093896713615,5,0.333333333333333,0.688888888888889,0.233387160650068,2.37076428525209,0.0660616280470417,0.773694636733745,0.98,0.466666666666667,0.425,5.8,0.9975,0.933333333333333,1.01,3.6,0.175212824455842,0.107521231490586,0.0541701583633369,0.15426297812621,0.322789986567684,0.0262478782866072,0.440179780102028,0.925131678474196,0.957106078972481,0.690302207748867,0.998851783077422,0.7375,0.533,0.178,0.789942948565132,0.871102528887789,-3.23043677298027,0.163423096418234,2.41986091167377,2.48780936749857,0.4488,0.0376,0.237,0.263775,0.435825,1,2.82000239097014,0.705258265308019,0.817089431427867,3088.464594841
"Fixed mixed-signal hidden-positive design",86,"gp_cov_pu","GP-Cov + PU",0.901658841940532,0.71830985915493,3,0.2,0.711111111111111,0.214607670102234,2.40416147119621,0.0600289111362216,0.75003129814696,0.985,0.6,0.3725,4.6,0.995,0.866666666666667,0.97,6.19999999999999,0.182095341051788,0.107884755947204,0.0556396185831863,0.163790451459403,0.333253307447564,0.023786057219723,0.432146776381034,0.955168770046677,0.980318323099758,0.768171390397758,0.999841588242117,0.8645,0.7225,0.36,0.860060884469847,0.91710010052351,-3.09332089748207,0.326152234614154,2.35059103115872,2.89068177014345,0.4066,0.0342,0.2273,0.231375,0.439475,1,2.74671902304835,0.703464767947672,0.856110687205258,3038.97727012634
"Fixed mixed-signal hidden-positive design",87,"gp_cov_pu","GP-Cov + PU",0.918247261345853,0.816525821596244,2,0.133333333333333,0.622222222222222,0.221527041821669,2.2509182786922,0.063952817777327,0.770295956182762,0.975,0.466666666666667,0.4525,5.8,1,1,0.8325,1,0.158917841883793,0.0985619209398284,0.0479657765393682,0.141566841143007,0.292968829811988,0.0225212878783506,0.395636405301264,0.94416895014435,0.968411360072991,0.757889427867434,0.999549308067691,0.821,0.629,0.231,0.819146719328998,0.89143902485004,-3.01610759963903,0.21107645373278,2.50459389580916,2.58854858638139,0.4138,0.0406,0.2474,0.23835,0.442275,1,2.77424217845554,0.707466435422084,0.948102929033078,3069.72459292412
"Fixed mixed-signal hidden-positive design",88,"gp_cov_pu","GP-Cov + PU",0.902410015649452,0.72075117370892,2,0.133333333333333,0.666666666666667,0.210213508735016,2.65390322145204,0.0584294417872679,0.829774397415241,0.975,0.4,0.4375,6.4,0.9975,0.933333333333333,0.7925,3.6,0.148149667165786,0.0900761785027222,0.0451133844623811,0.132182141538568,0.275239991779587,0.0204471586846586,0.355800808729068,0.977598406376619,0.991264186636956,0.873130643259005,0.999941221114368,0.9575,0.8665,0.531,0.908711606832642,0.950209261281054,-3.10019099539663,0.379737470734471,2.42455995830401,3.16362694894951,0.416,0.0418,0.2231,0.233775,0.431125,1,2.7573621600167,0.705606829869243,0.822930494091465,3037.99769306183
"Fixed mixed-signal hidden-positive design",89,"gp_cov_pu","GP-Cov + PU",0.935524256651017,0.845633802816901,5,0.333333333333333,0.755555555555556,0.206397204145231,1.97425688505578,0.058420580693346,0.699276186317806,0.9875,0.733333333333333,0.36,3.4,1,1,0.9125,1,0.200973479748931,0.116421967547021,0.0663285785587124,0.181539178761863,0.363151923002468,0.0320561132677919,0.469695002812512,0.929112012829665,0.956790935964982,0.705056844354424,0.999323450610177,0.7625,0.543,0.192,0.825401777799782,0.887186427784451,-3.43030020560341,0.187910975838172,2.28147644298271,2.72310599773542,0.4104,0.0394,0.2151,0.251125,0.42475,1,2.75944681243854,0.708226685377413,0.758782701527295,3049.32579183578
"Fixed mixed-signal hidden-positive design",90,"gp_cov_pu","GP-Cov + PU",0.915117370892019,0.762816901408451,7,0.466666666666667,0.777777777777778,0.231922737722749,2.13647053177486,0.0665169082950785,0.728006715576074,0.985,0.6,0.415,4.6,0.9975,0.933333333333333,1.025,3.6,0.21077224994626,0.124939250553756,0.0663099225065787,0.189232555026553,0.382359919976263,0.0332784998306067,0.507776740172131,0.904146272832317,0.940887002939759,0.622052348141777,0.998482191076361,0.651,0.4415,0.135,0.749779078376482,0.8364211812524,-3.17492528918392,0.191947370853983,2.28634343727745,2.38160415013959,0.3762,0.0398,0.2206,0.25735,0.437275,1,2.6972777025895,0.707099456504234,0.852356115994252,3082.02162313461
"Fixed mixed-signal hidden-positive design",91,"gp_cov_pu","GP-Cov + PU",0.895399061032864,0.727323943661972,3,0.2,0.688888888888889,0.223139028699781,2.43887272337188,0.0623419354231178,0.786500249317917,0.98,0.533333333333333,0.42,5.2,0.995,0.866666666666667,0.9975,6.19999999999999,0.169473513553159,0.101960175842075,0.050364957822055,0.15181019854882,0.31207306207795,0.023041374554777,0.406805308068534,0.949910874753973,0.972809747912573,0.781035306561114,0.999590973666313,0.8395,0.662,0.2875,0.834065337398809,0.900380444474129,-3.27838517779434,0.203791768287839,2.36441697072872,2.7879858537927,0.4154,0.0424,0.2317,0.2299,0.425675,1,2.77236790633755,0.705101749979748,0.854703057636649,3065.67263007164
"Fixed mixed-signal hidden-positive design",92,"gp_cov_pu","GP-Cov + PU",0.927386541471048,0.791549295774648,2,0.133333333333333,0.711111111111111,0.211577808041409,2.26872733598405,0.0608155990331529,0.778141930026051,0.9875,0.666666666666667,0.365,4,1,1,0.825,1,0.194343428842874,0.111561010194601,0.0617991331904505,0.177234306324461,0.355383658853933,0.0303962350213123,0.450793829054284,0.955270112874612,0.975853425907377,0.800948586081695,0.999655175087316,0.8705,0.693,0.2955,0.847118012631915,0.9095337697598,-3.40931233202449,0.279291442980661,2.24679761075474,2.86256639452778,0.384,0.044,0.2285,0.22415,0.422525,1,2.71594243841826,0.708995159559241,0.834913630929239,3073.15008497238
"Fixed mixed-signal hidden-positive design",93,"gp_cov_pu","GP-Cov + PU",0.903912363067293,0.750798122065728,5,0.333333333333333,0.688888888888889,0.221015257132747,2.26827293336243,0.0615551932130837,0.734380201206802,0.98,0.533333333333333,0.4375,5.2,0.9975,0.933333333333333,0.9325,3.6,0.173958365555604,0.101890862599058,0.0556307771674262,0.158559055909624,0.314053755483264,0.0272281308513493,0.415139327690653,0.952530514037586,0.974394023105127,0.788512454351932,0.999497204509941,0.8655,0.6965,0.2775,0.833056114506226,0.898669012758318,-3.36108089912712,0.20238534857626,2.61382280130556,2.87793791013012,0.4284,0.0412,0.2357,0.239475,0.436725,1,2.80731420949277,0.709297760477133,0.907939842195525,3060.68056702614
"Fixed mixed-signal hidden-positive design",94,"gp_cov_pu","GP-Cov + PU",0.897527386541471,0.723192488262911,5,0.333333333333333,0.711111111111111,0.211810210876481,2.4069928696237,0.0586319090789273,0.754104869756262,0.975,0.466666666666667,0.45,5.8,0.9925,0.8,1.0325,8.79999999999999,0.159836501448266,0.0954127526275626,0.0509267317147754,0.143871932981317,0.295768401756624,0.0230296213220061,0.382417318293569,0.957435835328404,0.977489344000553,0.800177547015545,0.999739647988223,0.8845,0.7215,0.3225,0.865496544816227,0.920513398849099,-2.98535354418241,0.185512176714098,2.38301763503845,2.8979041965407,0.4118,0.0402,0.2264,0.231125,0.4219,1,2.7611939992775,0.70561670840342,0.843859643469728,3068.79916906357
"Fixed mixed-signal hidden-positive design",95,"gp_cov_pu","GP-Cov + PU",0.945539906103286,0.859906103286385,5,0.333333333333333,0.733333333333333,0.197114765675133,2.05325833456413,0.0567981432886862,0.710066427140975,0.99,0.733333333333333,0.32,3.4,1,1,0.7275,1,0.167875921097078,0.0975111490287568,0.0521747699076562,0.152298942912897,0.305994596066089,0.024818273190051,0.382797610606896,0.955778953147465,0.978051564579473,0.782134920932032,0.999602142529437,0.8745,0.713,0.317,0.857149048467187,0.915431603612674,-3.16378159189544,0.247593471921721,2.47206958515746,3.03629526475489,0.3882,0.039,0.2081,0.264875,0.42765,1,2.75025381033654,0.70572489702947,0.698928167843813,3024.4114382267
"Fixed mixed-signal hidden-positive design",96,"gp_cov_pu","GP-Cov + PU",0.903849765258216,0.741408450704225,6,0.4,0.733333333333333,0.2255324910407,2.2000029978331,0.0636236138233464,0.730488894958198,0.9825,0.533333333333333,0.4075,5.2,0.9975,0.933333333333333,1.0225,3.6,0.184021662927278,0.105532197218922,0.0590404860857585,0.170008936246576,0.324842726550308,0.026825753355575,0.429082782220903,0.921096842271504,0.950588187943876,0.692602195651214,0.998483803903737,0.7155,0.5015,0.1615,0.786494204650501,0.862308265406334,-3.36809084880759,0.177544430771967,2.39221968052954,2.56140170606049,0.404,0.04,0.2369,0.254275,0.433875,1,2.76818219467742,0.707335904846881,0.845928971972723,3088.58847403526
"Fixed mixed-signal hidden-positive design",97,"gp_cov_pu","GP-Cov + PU",0.905602503912363,0.76018779342723,3,0.2,0.666666666666667,0.210378099822292,2.42780346505281,0.0584402664398822,0.783648964914039,0.97,0.333333333333333,0.4975,7,0.9975,0.933333333333333,0.81,3.6,0.156457886845935,0.0911194905974305,0.0519452652016044,0.140858769388987,0.279506064300358,0.0240068069937228,0.371708932926162,0.957685471623916,0.976068539450188,0.822774397914744,0.999339301951502,0.8855,0.715,0.278,0.859739967167005,0.915608324476498,-3.28715769682296,0.176175105705882,2.70483555294296,3.23036392946765,0.4168,0.0374,0.2301,0.248675,0.433,1,2.77976774889892,0.705301048358661,0.788269353258945,3040.07305502892
"Fixed mixed-signal hidden-positive design",98,"gp_cov_pu","GP-Cov + PU",0.847010954616588,0.668732394366197,4,0.266666666666667,0.577777777777778,0.25351465675762,2.25645677444059,0.0718731064020445,0.73090069748422,0.9725,0.466666666666667,0.575,5.8,1,1,0.8625,1,0.224193554377642,0.127139782262805,0.0740370888606886,0.205776509664367,0.397550841315309,0.0373895163662873,0.525865474071166,0.870531183064407,0.896686547659129,0.597178781945384,0.995548464600809,0.484,0.2685,0.055,0.706539469303575,0.791890728183471,-3.28265625099952,0.231372154238763,2.52885928674802,2.02195029870744,0.459,0.0386,0.2608,0.2409,0.473375,1,2.84214260129698,0.705937678832143,1.19123534075678,3114.79600787163
"Fixed mixed-signal hidden-positive design",99,"gp_cov_pu","GP-Cov + PU",0.933834115805947,0.851830985915493,8,0.533333333333333,0.777777777777778,0.200673777545225,2.03096114127788,0.0573539204722389,0.708380735118481,0.9825,0.733333333333333,0.3675,3.4,0.9975,0.933333333333333,0.88,3.6,0.154057611468356,0.093484747393435,0.0467184054238447,0.135483823165571,0.289501965789301,0.0236880321450665,0.375416660573301,0.956362581843458,0.975178204151687,0.811953247583731,0.999395428663955,0.8885,0.703,0.2735,0.868253312634549,0.918988685924959,-3.41866602236745,0.220451854638047,2.49169593054516,2.77142759954255,0.4818,0.0372,0.2353,0.2309,0.42155,1,2.892477675058,0.706309691484506,0.894171236311403,3089.45521903038
"Fixed mixed-signal hidden-positive design",100,"gp_cov_pu","GP-Cov + PU",0.899906103286385,0.775023474178404,8,0.533333333333333,0.755555555555556,0.21463545080545,2.07296069539143,0.059669715117096,0.687034677060967,0.9825,0.666666666666667,0.3575,4,0.995,0.866666666666667,1.0725,6.19999999999999,0.176933884880926,0.104460724984679,0.0542941960928937,0.160222742847736,0.318016042520681,0.0252677329046016,0.42472802540008,0.93785485239806,0.960222470293806,0.765619164628102,0.998855877957656,0.802,0.571,0.1795,0.811526499870261,0.883954634892546,-3.25453068908275,0.191313335935118,2.51678323524364,2.63578664035178,0.445,0.0456,0.2307,0.248975,0.431425,1,2.83815480317642,0.709508643392669,0.869603026185357,3117.34895300865
