"model_id","method","eta_true","eta_posterior_mean","eta_posterior_sd","eta_HPD80_lower","eta_HPD80_upper","eta_HPD80_width","HPD80_covers_true","fit_id","replicate","varying_block","prior_role"
"SIGMA_CONSERVATIVE","GP-PU-PoE",0.333333333333333,0.24524986741016,0.111903976075092,0.079612927380276,0.37314245576224,0.293529528381964,1,"SIGMA_CONSERVATIVE",1,"sigma","conservative"
"SIGMA_CONSERVATIVE","GP-PU-PoE",0.333333333333333,0.190155985317753,0.10050610553648,0.047729775346397,0.29614127411361,0.248411498767213,0,"SIGMA_CONSERVATIVE",2,"sigma","conservative"
"SIGMA_CONSERVATIVE","GP-PU-PoE",0.333333333333333,0.255383284015161,0.109109431416965,0.0935622254059753,0.377627678884897,0.284065453478921,1,"SIGMA_CONSERVATIVE",3,"sigma","conservative"
"SIGMA_CONSERVATIVE","GP-PU-PoE",0.333333333333333,0.242206457147971,0.0902518138479194,0.124355915265879,0.355795079134584,0.231439163868705,1,"SIGMA_CONSERVATIVE",4,"sigma","conservative"
"SIGMA_CONSERVATIVE","GP-PU-PoE",0.333333333333333,0.350967752825559,0.100195595958821,0.22777259286906,0.481834614165793,0.254062021296733,1,"SIGMA_CONSERVATIVE",5,"sigma","conservative"
"SIGMA_CONSERVATIVE","GP-PU-PoE",0.333333333333333,0.200764017142796,0.107018588356373,0.0605126162405046,0.327635426550966,0.267122810310462,0,"SIGMA_CONSERVATIVE",6,"sigma","conservative"
"SIGMA_CONSERVATIVE","GP-PU-PoE",0.333333333333333,0.236942603553924,0.111026035073969,0.0806539773000278,0.369047975778532,0.288393998478504,1,"SIGMA_CONSERVATIVE",7,"sigma","conservative"
"SIGMA_CONSERVATIVE","GP-PU-PoE",0.333333333333333,0.208350505659567,0.11109038703309,0.0463569463140275,0.325681493106471,0.279324546792444,0,"SIGMA_CONSERVATIVE",8,"sigma","conservative"
"SIGMA_CONSERVATIVE","GP-PU-PoE",0.333333333333333,0.217621686559646,0.114468665371219,0.0537213393922706,0.340180162076469,0.286458822684198,1,"SIGMA_CONSERVATIVE",9,"sigma","conservative"
"SIGMA_CONSERVATIVE","GP-PU-PoE",0.333333333333333,0.223331738664585,0.120149472024614,0.0517145351608515,0.352727165256625,0.301012630095774,1,"SIGMA_CONSERVATIVE",10,"sigma","conservative"
"SIGMA_CONSERVATIVE","GP-PU-PoE",0.333333333333333,0.170929565656116,0.095383622599401,0.0298198866109167,0.268421189258167,0.23860130264725,0,"SIGMA_CONSERVATIVE",11,"sigma","conservative"
"SIGMA_CONSERVATIVE","GP-PU-PoE",0.333333333333333,0.2659619486847,0.101732755191619,0.135360248595016,0.402455769925383,0.267095521330367,1,"SIGMA_CONSERVATIVE",12,"sigma","conservative"
"SIGMA_CONSERVATIVE","GP-PU-PoE",0.333333333333333,0.190457220143219,0.111706344593128,0.0353470097778914,0.305103323217032,0.269756313439141,0,"SIGMA_CONSERVATIVE",13,"sigma","conservative"
"SIGMA_CONSERVATIVE","GP-PU-PoE",0.333333333333333,0.274401940883609,0.103260317774054,0.127978837171617,0.399117353467775,0.271138516296158,1,"SIGMA_CONSERVATIVE",14,"sigma","conservative"
"SIGMA_CONSERVATIVE","GP-PU-PoE",0.333333333333333,0.228979796121281,0.112241781932356,0.0721432340888802,0.364815938126472,0.292672704037592,1,"SIGMA_CONSERVATIVE",15,"sigma","conservative"
"SIGMA_CONSERVATIVE","GP-PU-PoE",0.333333333333333,0.225945006350383,0.111007016154819,0.0690454965152029,0.357640467183595,0.288594970668393,1,"SIGMA_CONSERVATIVE",16,"sigma","conservative"
"SIGMA_CONSERVATIVE","GP-PU-PoE",0.333333333333333,0.222227227685131,0.111973641154505,0.0495879854247882,0.3388792020159,0.289291216591112,1,"SIGMA_CONSERVATIVE",17,"sigma","conservative"
"SIGMA_CONSERVATIVE","GP-PU-PoE",0.333333333333333,0.333855894827189,0.0943534823935229,0.219963085943668,0.459266697686263,0.239303611742595,1,"SIGMA_CONSERVATIVE",18,"sigma","conservative"
"SIGMA_CONSERVATIVE","GP-PU-PoE",0.333333333333333,0.219344384405369,0.12524765397513,0.0314732959312077,0.334149437224537,0.302676141293329,1,"SIGMA_CONSERVATIVE",19,"sigma","conservative"
"SIGMA_CONSERVATIVE","GP-PU-PoE",0.333333333333333,0.251013803250164,0.0901484782977369,0.124100320035047,0.356225640060035,0.232125320024988,1,"SIGMA_CONSERVATIVE",20,"sigma","conservative"
"SIGMA_CONSERVATIVE","GP-PU-PoE",0.333333333333333,0.211743657027692,0.106260683032553,0.0522122273609168,0.328286455266626,0.276074227905709,0,"SIGMA_CONSERVATIVE",21,"sigma","conservative"
"SIGMA_CONSERVATIVE","GP-PU-PoE",0.333333333333333,0.172590905093729,0.0966541929672554,0.029344360764854,0.268181686971699,0.238837326206845,0,"SIGMA_CONSERVATIVE",22,"sigma","conservative"
"SIGMA_CONSERVATIVE","GP-PU-PoE",0.333333333333333,0.183695125078967,0.102215022732247,0.0322712600625662,0.286745594911687,0.254474334849121,0,"SIGMA_CONSERVATIVE",23,"sigma","conservative"
"SIGMA_CONSERVATIVE","GP-PU-PoE",0.333333333333333,0.319270362026846,0.102716106463597,0.19524567346147,0.459245082327994,0.263999408866523,1,"SIGMA_CONSERVATIVE",24,"sigma","conservative"
"SIGMA_CONSERVATIVE","GP-PU-PoE",0.333333333333333,0.273964962983682,0.107896698665156,0.134902719843842,0.415068716292599,0.280165996448757,1,"SIGMA_CONSERVATIVE",25,"sigma","conservative"
"SIGMA_CONSERVATIVE","GP-PU-PoE",0.333333333333333,0.191402210503231,0.0988476239372802,0.0516297178953582,0.300810831213319,0.249181113317961,0,"SIGMA_CONSERVATIVE",26,"sigma","conservative"
"SIGMA_CONSERVATIVE","GP-PU-PoE",0.333333333333333,0.188336798691325,0.0898757483908462,0.0687244122787147,0.294675430801133,0.225951018522418,0,"SIGMA_CONSERVATIVE",27,"sigma","conservative"
"SIGMA_CONSERVATIVE","GP-PU-PoE",0.333333333333333,0.19058186882052,0.102913832016698,0.0371396013302976,0.294999212934553,0.257859611604255,0,"SIGMA_CONSERVATIVE",28,"sigma","conservative"
"SIGMA_CONSERVATIVE","GP-PU-PoE",0.333333333333333,0.190717283898221,0.10104071287042,0.0448840560942832,0.300385994396032,0.255501938301748,0,"SIGMA_CONSERVATIVE",29,"sigma","conservative"
"SIGMA_CONSERVATIVE","GP-PU-PoE",0.333333333333333,0.170809211071203,0.0970696681690188,0.0292375204021111,0.266119898892449,0.236882378490338,0,"SIGMA_CONSERVATIVE",30,"sigma","conservative"
"SIGMA_CONSERVATIVE","GP-PU-PoE",0.333333333333333,0.260720706243917,0.124270569986757,0.0719063882853777,0.4006597687134,0.328753380428022,1,"SIGMA_CONSERVATIVE",31,"sigma","conservative"
"SIGMA_CONSERVATIVE","GP-PU-PoE",0.333333333333333,0.282736352948012,0.114163970829828,0.129427027082098,0.430208397209151,0.300781370127053,1,"SIGMA_CONSERVATIVE",32,"sigma","conservative"
"SIGMA_CONSERVATIVE","GP-PU-PoE",0.333333333333333,0.30400798054285,0.103603407294384,0.158534666069448,0.429977482613307,0.271442816543859,1,"SIGMA_CONSERVATIVE",33,"sigma","conservative"
"SIGMA_CONSERVATIVE","GP-PU-PoE",0.333333333333333,0.187497707278203,0.0954814566797249,0.0444408261029973,0.284027496413897,0.2395866703109,0,"SIGMA_CONSERVATIVE",34,"sigma","conservative"
"SIGMA_CONSERVATIVE","GP-PU-PoE",0.333333333333333,0.253002302341812,0.103588386173085,0.113156951221221,0.380736166947159,0.267579215725938,1,"SIGMA_CONSERVATIVE",35,"sigma","conservative"
"SIGMA_CONSERVATIVE","GP-PU-PoE",0.333333333333333,0.285802438122938,0.108791359535181,0.14312188912599,0.429964023844086,0.286842134718097,1,"SIGMA_CONSERVATIVE",36,"sigma","conservative"
"SIGMA_CONSERVATIVE","GP-PU-PoE",0.333333333333333,0.188931262830697,0.104907905076084,0.0408874827424581,0.301025810585421,0.260138327842963,0,"SIGMA_CONSERVATIVE",37,"sigma","conservative"
"SIGMA_CONSERVATIVE","GP-PU-PoE",0.333333333333333,0.22979814583813,0.0954588741147059,0.102692998648196,0.347584838805972,0.244891840157777,1,"SIGMA_CONSERVATIVE",38,"sigma","conservative"
"SIGMA_CONSERVATIVE","GP-PU-PoE",0.333333333333333,0.277566098658475,0.101607147443621,0.142203852635008,0.408798843151532,0.266594990516524,1,"SIGMA_CONSERVATIVE",39,"sigma","conservative"
"SIGMA_CONSERVATIVE","GP-PU-PoE",0.333333333333333,0.271660770515072,0.115551746181632,0.120719286306553,0.424796115860103,0.30407682955355,1,"SIGMA_CONSERVATIVE",40,"sigma","conservative"
"SIGMA_CONSERVATIVE","GP-PU-PoE",0.333333333333333,0.186164481655458,0.100900875908008,0.0376602368330411,0.28874741888457,0.251087182051529,0,"SIGMA_CONSERVATIVE",41,"sigma","conservative"
"SIGMA_CONSERVATIVE","GP-PU-PoE",0.333333333333333,0.281901946325509,0.109566565171577,0.140880603107978,0.427066221261668,0.28618561815369,1,"SIGMA_CONSERVATIVE",42,"sigma","conservative"
"SIGMA_CONSERVATIVE","GP-PU-PoE",0.333333333333333,0.197806202126823,0.11228071516855,0.0411898738337713,0.321586425413933,0.280396551580162,0,"SIGMA_CONSERVATIVE",43,"sigma","conservative"
"SIGMA_CONSERVATIVE","GP-PU-PoE",0.333333333333333,0.247929898029878,0.102973659546945,0.111318195914485,0.378700645779788,0.267382449865302,1,"SIGMA_CONSERVATIVE",44,"sigma","conservative"
"SIGMA_CONSERVATIVE","GP-PU-PoE",0.333333333333333,0.220995496017622,0.113407452537408,0.0545361151033888,0.347707071541057,0.293170956437668,1,"SIGMA_CONSERVATIVE",45,"sigma","conservative"
"SIGMA_CONSERVATIVE","GP-PU-PoE",0.333333333333333,0.24402634240123,0.112158916861268,0.0800065794184347,0.376355560010142,0.296348980591707,1,"SIGMA_CONSERVATIVE",46,"sigma","conservative"
"SIGMA_CONSERVATIVE","GP-PU-PoE",0.333333333333333,0.204262927538701,0.106516986119563,0.058667017923743,0.328564155861426,0.269897137937683,0,"SIGMA_CONSERVATIVE",47,"sigma","conservative"
"SIGMA_CONSERVATIVE","GP-PU-PoE",0.333333333333333,0.216898102827382,0.106322318345988,0.0611428053390589,0.329347899860516,0.268205094521457,0,"SIGMA_CONSERVATIVE",48,"sigma","conservative"
"SIGMA_CONSERVATIVE","GP-PU-PoE",0.333333333333333,0.212814038037518,0.10313384734949,0.0596753989697924,0.32057890438469,0.260903505414897,0,"SIGMA_CONSERVATIVE",49,"sigma","conservative"
"SIGMA_CONSERVATIVE","GP-PU-PoE",0.333333333333333,0.205923820892844,0.112091598719115,0.0449047127515678,0.325728250543194,0.280823537791627,0,"SIGMA_CONSERVATIVE",50,"sigma","conservative"
"SIGMA_CONSERVATIVE","GP-PU-PoE",0.333333333333333,0.184835817689508,0.0924624705416451,0.043175918745749,0.270941164555824,0.227765245810075,0,"SIGMA_CONSERVATIVE",51,"sigma","conservative"
"SIGMA_CONSERVATIVE","GP-PU-PoE",0.333333333333333,0.256610609360754,0.111770065130934,0.103404173727557,0.395691917547174,0.292287743819617,1,"SIGMA_CONSERVATIVE",52,"sigma","conservative"
"SIGMA_CONSERVATIVE","GP-PU-PoE",0.333333333333333,0.233981326383708,0.109102618295354,0.0732869733965654,0.353852177898736,0.280565204502171,1,"SIGMA_CONSERVATIVE",53,"sigma","conservative"
"SIGMA_CONSERVATIVE","GP-PU-PoE",0.333333333333333,0.166299644082845,0.0917750651222479,0.0353529814411525,0.259223078486604,0.223870097045451,0,"SIGMA_CONSERVATIVE",54,"sigma","conservative"
"SIGMA_CONSERVATIVE","GP-PU-PoE",0.333333333333333,0.187432060339015,0.100951159569391,0.0393069083106336,0.292150692301911,0.252843783991278,0,"SIGMA_CONSERVATIVE",55,"sigma","conservative"
"SIGMA_CONSERVATIVE","GP-PU-PoE",0.333333333333333,0.16885771019327,0.1000573046922,0.0196838218965278,0.25767792844788,0.237994106551353,0,"SIGMA_CONSERVATIVE",56,"sigma","conservative"
"SIGMA_CONSERVATIVE","GP-PU-PoE",0.333333333333333,0.267949741687443,0.114132095300457,0.121439796973103,0.423927807639511,0.302488010666408,1,"SIGMA_CONSERVATIVE",57,"sigma","conservative"
"SIGMA_CONSERVATIVE","GP-PU-PoE",0.333333333333333,0.167995204292075,0.097655553073315,0.0245361286826343,0.25914135687806,0.234605228195425,0,"SIGMA_CONSERVATIVE",58,"sigma","conservative"
"SIGMA_CONSERVATIVE","GP-PU-PoE",0.333333333333333,0.265898769504055,0.09024102634958,0.146519128411152,0.376411256586697,0.229892128175544,1,"SIGMA_CONSERVATIVE",59,"sigma","conservative"
"SIGMA_CONSERVATIVE","GP-PU-PoE",0.333333333333333,0.224570286653988,0.100228702064283,0.0832800570713381,0.345303790158263,0.262023733086925,1,"SIGMA_CONSERVATIVE",60,"sigma","conservative"
"SIGMA_CONSERVATIVE","GP-PU-PoE",0.333333333333333,0.172121746119233,0.100593510265929,0.0305235939117904,0.270313481595387,0.239789887683596,0,"SIGMA_CONSERVATIVE",61,"sigma","conservative"
"SIGMA_CONSERVATIVE","GP-PU-PoE",0.333333333333333,0.278358922105734,0.122103352907638,0.0907837633529214,0.41387771907706,0.323093955724139,1,"SIGMA_CONSERVATIVE",62,"sigma","conservative"
"SIGMA_CONSERVATIVE","GP-PU-PoE",0.333333333333333,0.298462908914108,0.106806146499793,0.160201398005277,0.438387273523136,0.278185875517859,1,"SIGMA_CONSERVATIVE",63,"sigma","conservative"
"SIGMA_CONSERVATIVE","GP-PU-PoE",0.333333333333333,0.230074214777008,0.102069029326075,0.0840819961992519,0.348167032305264,0.264085036106012,1,"SIGMA_CONSERVATIVE",64,"sigma","conservative"
"SIGMA_CONSERVATIVE","GP-PU-PoE",0.333333333333333,0.181498275127112,0.0875890338959186,0.0557482479320253,0.274773195646265,0.21902494771424,0,"SIGMA_CONSERVATIVE",65,"sigma","conservative"
"SIGMA_CONSERVATIVE","GP-PU-PoE",0.333333333333333,0.181018837669683,0.10467873707156,0.0255586386869162,0.27794003227411,0.252381393587194,0,"SIGMA_CONSERVATIVE",66,"sigma","conservative"
"SIGMA_CONSERVATIVE","GP-PU-PoE",0.333333333333333,0.339041161568077,0.0892629892982432,0.22557059589298,0.456122837240163,0.230552241347183,1,"SIGMA_CONSERVATIVE",67,"sigma","conservative"
"SIGMA_CONSERVATIVE","GP-PU-PoE",0.333333333333333,0.206063852201542,0.0987563698852151,0.0676395032750413,0.320483044444116,0.252843541169075,0,"SIGMA_CONSERVATIVE",68,"sigma","conservative"
"SIGMA_CONSERVATIVE","GP-PU-PoE",0.333333333333333,0.278706915761212,0.108188498161274,0.128216774636259,0.412252845978527,0.284036071342269,1,"SIGMA_CONSERVATIVE",69,"sigma","conservative"
"SIGMA_CONSERVATIVE","GP-PU-PoE",0.333333333333333,0.262726488131062,0.106637105658246,0.118165874648849,0.395067406216272,0.276901531567424,1,"SIGMA_CONSERVATIVE",70,"sigma","conservative"
"SIGMA_CONSERVATIVE","GP-PU-PoE",0.333333333333333,0.198850562455725,0.108288951238827,0.0320848257958753,0.305747815551044,0.273662989755169,0,"SIGMA_CONSERVATIVE",71,"sigma","conservative"
"SIGMA_CONSERVATIVE","GP-PU-PoE",0.333333333333333,0.262468247519004,0.125726751472901,0.0953482150834044,0.428475610586609,0.333127395503205,1,"SIGMA_CONSERVATIVE",72,"sigma","conservative"
"SIGMA_CONSERVATIVE","GP-PU-PoE",0.333333333333333,0.285994894153875,0.145807369481871,0.0694103520615624,0.454583244583618,0.385172892522056,1,"SIGMA_CONSERVATIVE",73,"sigma","conservative"
"SIGMA_CONSERVATIVE","GP-PU-PoE",0.333333333333333,0.149798746964182,0.090690374722966,0.0217107158338908,0.23289698159275,0.211186265758859,0,"SIGMA_CONSERVATIVE",74,"sigma","conservative"
"SIGMA_CONSERVATIVE","GP-PU-PoE",0.333333333333333,0.186961925051128,0.105652265568245,0.0264217016400911,0.290983192703008,0.264561491062917,0,"SIGMA_CONSERVATIVE",75,"sigma","conservative"
"SIGMA_CONSERVATIVE","GP-PU-PoE",0.333333333333333,0.216037796730805,0.0804160657736789,0.107752427994979,0.31203218879078,0.204279760795801,0,"SIGMA_CONSERVATIVE",76,"sigma","conservative"
"SIGMA_CONSERVATIVE","GP-PU-PoE",0.333333333333333,0.253499251992836,0.127169255328046,0.0659258069806481,0.402734316693405,0.336808509712757,1,"SIGMA_CONSERVATIVE",77,"sigma","conservative"
"SIGMA_CONSERVATIVE","GP-PU-PoE",0.333333333333333,0.158492344157129,0.0842588060386068,0.0382237801399209,0.241915411611542,0.203691631471622,0,"SIGMA_CONSERVATIVE",78,"sigma","conservative"
"SIGMA_CONSERVATIVE","GP-PU-PoE",0.333333333333333,0.349002781761421,0.107132824831638,0.229437760803038,0.497497915190116,0.268060154387077,1,"SIGMA_CONSERVATIVE",79,"sigma","conservative"
"SIGMA_CONSERVATIVE","GP-PU-PoE",0.333333333333333,0.189999122490524,0.0931383614200968,0.0581701691708274,0.292845358545602,0.234675189374775,0,"SIGMA_CONSERVATIVE",80,"sigma","conservative"
"SIGMA_CONSERVATIVE","GP-PU-PoE",0.333333333333333,0.186735006219741,0.0995285040180527,0.0400484285879653,0.290179733137088,0.250131304549122,0,"SIGMA_CONSERVATIVE",81,"sigma","conservative"
"SIGMA_CONSERVATIVE","GP-PU-PoE",0.333333333333333,0.239952538891624,0.105677773496174,0.104778029157,0.387325454406666,0.282547425249666,1,"SIGMA_CONSERVATIVE",82,"sigma","conservative"
"SIGMA_CONSERVATIVE","GP-PU-PoE",0.333333333333333,0.185296921660627,0.0881709679044389,0.0621493833648798,0.282686097758451,0.220536714393572,0,"SIGMA_CONSERVATIVE",83,"sigma","conservative"
"SIGMA_CONSERVATIVE","GP-PU-PoE",0.333333333333333,0.20169227617017,0.102250401169026,0.0490311453991827,0.30887036197018,0.259839216570997,0,"SIGMA_CONSERVATIVE",84,"sigma","conservative"
"SIGMA_CONSERVATIVE","GP-PU-PoE",0.333333333333333,0.175226275508752,0.102876789118971,0.0270830381873964,0.272534102614024,0.245451064426628,0,"SIGMA_CONSERVATIVE",85,"sigma","conservative"
"SIGMA_CONSERVATIVE","GP-PU-PoE",0.333333333333333,0.231361384104217,0.107981310974785,0.0780722662621273,0.361603200732789,0.283530934470662,1,"SIGMA_CONSERVATIVE",86,"sigma","conservative"
"SIGMA_CONSERVATIVE","GP-PU-PoE",0.333333333333333,0.296685800934518,0.102864747902546,0.17254630468882,0.436714229946704,0.264167925257884,1,"SIGMA_CONSERVATIVE",87,"sigma","conservative"
"SIGMA_CONSERVATIVE","GP-PU-PoE",0.333333333333333,0.224761355486044,0.0964184588872249,0.0880448074605047,0.337035940554717,0.248991133094212,1,"SIGMA_CONSERVATIVE",88,"sigma","conservative"
"SIGMA_CONSERVATIVE","GP-PU-PoE",0.333333333333333,0.181812195390749,0.0968706197464808,0.0461196796783099,0.291432292602945,0.245312612924635,0,"SIGMA_CONSERVATIVE",89,"sigma","conservative"
"SIGMA_CONSERVATIVE","GP-PU-PoE",0.333333333333333,0.271136816422771,0.116954669111487,0.0994845640407354,0.407598254026761,0.308113689986026,1,"SIGMA_CONSERVATIVE",90,"sigma","conservative"
"SIGMA_CONSERVATIVE","GP-PU-PoE",0.333333333333333,0.208698525783132,0.0854310595137983,0.0887164892696379,0.307384725810685,0.218668236541047,0,"SIGMA_CONSERVATIVE",91,"sigma","conservative"
"SIGMA_CONSERVATIVE","GP-PU-PoE",0.333333333333333,0.238654685858249,0.112369126662976,0.0753361059099215,0.370993073728642,0.295656967818721,1,"SIGMA_CONSERVATIVE",92,"sigma","conservative"
"SIGMA_CONSERVATIVE","GP-PU-PoE",0.333333333333333,0.336598239514659,0.089847989682811,0.219418921712726,0.450518987519709,0.231100065806983,1,"SIGMA_CONSERVATIVE",93,"sigma","conservative"
"SIGMA_CONSERVATIVE","GP-PU-PoE",0.333333333333333,0.237047114293433,0.104890427547032,0.087246488538108,0.360635201288669,0.273388712750561,1,"SIGMA_CONSERVATIVE",94,"sigma","conservative"
"SIGMA_CONSERVATIVE","GP-PU-PoE",0.333333333333333,0.190572199979956,0.0971034195920192,0.0426876125618064,0.290449104598032,0.247761492036226,0,"SIGMA_CONSERVATIVE",95,"sigma","conservative"
"SIGMA_CONSERVATIVE","GP-PU-PoE",0.333333333333333,0.149126556081372,0.0857908850605281,0.0237075123174348,0.229081331042176,0.205373818724742,0,"SIGMA_CONSERVATIVE",96,"sigma","conservative"
"SIGMA_CONSERVATIVE","GP-PU-PoE",0.333333333333333,0.250827185348477,0.116632664103792,0.0786888992033422,0.387522320041182,0.30883342083784,1,"SIGMA_CONSERVATIVE",97,"sigma","conservative"
"SIGMA_CONSERVATIVE","GP-PU-PoE",0.333333333333333,0.210388320804552,0.10358301660174,0.0630104035349338,0.32766300137555,0.264652597840616,0,"SIGMA_CONSERVATIVE",98,"sigma","conservative"
"SIGMA_CONSERVATIVE","GP-PU-PoE",0.333333333333333,0.197028890782248,0.0914079905923029,0.0640581473772736,0.297565671202499,0.233507523825225,0,"SIGMA_CONSERVATIVE",99,"sigma","conservative"
"SIGMA_CONSERVATIVE","GP-PU-PoE",0.333333333333333,0.238957246921332,0.108950486162365,0.0810870352644775,0.365955556197664,0.284868520933187,1,"SIGMA_CONSERVATIVE",100,"sigma","conservative"
