"scenario","method","Overall_AUC","Hidden_AUC","Overall_LogLoss","Hidden_LogLoss","Overall_Brier","Hidden_Brier","Overall_Recall_at_45","Hidden_Recall_at_15","Overall_Coverage_80","Hidden_Coverage_80","Overall_Interval_Score_80","Hidden_Interval_Score_80","Overall_Coverage_95","Hidden_Coverage_95","Overall_Interval_Score_95","Hidden_Interval_Score_95"
"Fixed mixed-signal covariate-driven SAR design, lambda = 2","Ada",0.813480438184664,0.570259154929577,0.395605654547846,1.42052607594954,0.121156395300638,0.505640055649438,0.568888888888889,0.114,NA,NA,NA,NA,NA,NA,NA,NA
"Fixed mixed-signal covariate-driven SAR design, lambda = 2","Ada + Net",0.814136463223787,0.582045070422535,0.428307293261976,1.25768622168786,0.133816433365555,0.458587356325415,0.561555555555556,0.114,NA,NA,NA,NA,NA,NA,NA,NA
"Fixed mixed-signal covariate-driven SAR design, lambda = 2","WLR",0.660429420970266,0.515190610328639,0.336529614550387,2.3515962062034,0.094705292785873,0.765969265530597,0.291111111111111,0.0626666666666666,0.972825,0.588666666666667,0.86365,4.702,0.9975,0.960666666666667,1.0639,2.534
"Fixed mixed-signal covariate-driven SAR design, lambda = 2","WLR + Net",0.688109546165884,0.552730516431925,0.327536581661128,2.30904698815942,0.0925118387657724,0.747439901167423,0.318444444444444,0.0786666666666666,0.97395,0.607333333333333,0.828225,4.53266666666667,0.99775,0.959333333333333,1.0389,2.586
"Fixed mixed-signal covariate-driven SAR design, lambda = 2","INLA",0.654319248826291,0.512214084507042,0.353010170704826,3.17505900877985,0.0943745978209023,0.878869488925902,0.298,0.0606666666666666,0.93815,0.224666666666667,0.84115,7.978,0.98675,0.792,1.327275,9.112
"Fixed mixed-signal covariate-driven SAR design, lambda = 2","INLA + Net",0.681979968701095,0.550319248826291,0.346160832862169,3.15753698046029,0.0925702530294457,0.866418122528706,0.324444444444444,0.0793333333333333,0.94095,0.259333333333333,0.811875,7.66533333333333,0.9863,0.790666666666667,1.300725,9.164
"Fixed mixed-signal covariate-driven SAR design, lambda = 2","GNN",0.821260093896714,0.701959624413146,0.286438104724435,2.76016790292542,0.0811878188315134,0.783862892820947,0.479555555555556,0.196666666666667,NA,NA,NA,NA,NA,NA,NA,NA
"Fixed mixed-signal covariate-driven SAR design, lambda = 2","nnPU",0.58089765258216,0.486364319248826,0.519292228704981,5.56761359911412,0.0782999298354039,0.939621072086558,0.372888888888889,0.088,NA,NA,NA,NA,NA,NA,NA,NA
"Fixed mixed-signal covariate-driven SAR design, lambda = 2","nnPU + Net",0.618842566510172,0.521494835680751,0.476571498429943,5.28584893720296,0.0744912927229156,0.933510675892113,0.405111111111111,0.0993333333333333,NA,NA,NA,NA,NA,NA,NA,NA
