"scenario","replicate","q_network","Z_network_rms_factor","tau_scale_network","selected_eigenvalues"
"Linear Gaussian covariates and Bernoulli SBM, fixed mixed-signal SCAR design",1,1,0.998749217771909,1.85,"11.672901"
"Linear Gaussian covariates and Bernoulli SBM, fixed mixed-signal SCAR design",2,1,0.998749217771909,1.85,"11.744351"
"Linear Gaussian covariates and Bernoulli SBM, fixed mixed-signal SCAR design",3,2,1.41244468918255,1.31,"11.718062;11.578534"
"Linear Gaussian covariates and Bernoulli SBM, fixed mixed-signal SCAR design",4,4,1.99749843554382,0.93,"11.554316;11.420723;11.353903;11.221499"
"Linear Gaussian covariates and Bernoulli SBM, fixed mixed-signal SCAR design",5,2,1.41244468918255,1.31,"11.958564;11.728346"
"Linear Gaussian covariates and Bernoulli SBM, fixed mixed-signal SCAR design",6,1,0.998749217771909,1.85,"11.754788"
"Linear Gaussian covariates and Bernoulli SBM, fixed mixed-signal SCAR design",7,9,2.99624765331573,0.62,"11.598857;11.464356;11.241196;11.026825;10.948722;10.900928;10.836189;10.734732;10.712822"
"Linear Gaussian covariates and Bernoulli SBM, fixed mixed-signal SCAR design",8,3,1.72988438920062,1.07,"11.460274;11.289667;11.176287"
"Linear Gaussian covariates and Bernoulli SBM, fixed mixed-signal SCAR design",9,1,0.998749217771909,1.85,"11.84353"
"Linear Gaussian covariates and Bernoulli SBM, fixed mixed-signal SCAR design",10,1,0.998749217771909,1.85,"11.856633"
"Linear Gaussian covariates and Bernoulli SBM, fixed mixed-signal SCAR design",11,5,2.23327114341273,0.83,"11.82645;11.765181;11.563604;11.454725;11.231739"
"Linear Gaussian covariates and Bernoulli SBM, fixed mixed-signal SCAR design",12,1,0.998749217771909,1.85,"11.697214"
"Linear Gaussian covariates and Bernoulli SBM, fixed mixed-signal SCAR design",13,1,0.998749217771909,1.85,"11.702376"
"Linear Gaussian covariates and Bernoulli SBM, fixed mixed-signal SCAR design",14,1,0.998749217771909,1.85,"11.879504"
"Linear Gaussian covariates and Bernoulli SBM, fixed mixed-signal SCAR design",15,5,2.23327114341273,0.83,"11.751005;11.446123;11.192269;11.119931;11.058775"
"Linear Gaussian covariates and Bernoulli SBM, fixed mixed-signal SCAR design",16,1,0.998749217771909,1.85,"11.693433"
"Linear Gaussian covariates and Bernoulli SBM, fixed mixed-signal SCAR design",17,3,1.72988438920062,1.07,"11.781692;11.601149;11.494478"
"Linear Gaussian covariates and Bernoulli SBM, fixed mixed-signal SCAR design",18,17,4.1179485183766,0.45,"11.688269;11.518021;11.317859;11.226774;11.101368;10.976271;10.820384;10.67871;10.510811;10.383045;10.327987;10.258172;10.088237;10.044587;9.9839567;9.9049419;9.855327"
"Linear Gaussian covariates and Bernoulli SBM, fixed mixed-signal SCAR design",19,1,0.998749217771909,1.85,"11.903927"
"Linear Gaussian covariates and Bernoulli SBM, fixed mixed-signal SCAR design",20,3,1.72988438920062,1.07,"11.55632;11.486058;11.269645"
"Linear Gaussian covariates and Bernoulli SBM, fixed mixed-signal SCAR design",21,3,1.72988438920062,1.07,"11.80362;11.57319;11.331552"
"Linear Gaussian covariates and Bernoulli SBM, fixed mixed-signal SCAR design",22,2,1.41244468918255,1.31,"11.656719;11.429379"
"Linear Gaussian covariates and Bernoulli SBM, fixed mixed-signal SCAR design",23,1,0.998749217771909,1.85,"11.949948"
"Linear Gaussian covariates and Bernoulli SBM, fixed mixed-signal SCAR design",24,6,2.44642596454501,0.76,"11.680863;11.604955;11.438801;11.219331;11.178452;11.100243"
"Linear Gaussian covariates and Bernoulli SBM, fixed mixed-signal SCAR design",25,2,1.41244468918255,1.31,"11.766758;11.501219"
"Linear Gaussian covariates and Bernoulli SBM, fixed mixed-signal SCAR design",26,4,1.99749843554382,0.93,"11.648622;11.523872;11.450552;11.317318"
"Linear Gaussian covariates and Bernoulli SBM, fixed mixed-signal SCAR design",27,1,0.998749217771909,1.85,"11.712956"
"Linear Gaussian covariates and Bernoulli SBM, fixed mixed-signal SCAR design",28,2,1.41244468918255,1.31,"11.712907;11.650143"
"Linear Gaussian covariates and Bernoulli SBM, fixed mixed-signal SCAR design",29,4,1.99749843554382,0.93,"11.847176;11.626356;11.394751;11.316884"
"Linear Gaussian covariates and Bernoulli SBM, fixed mixed-signal SCAR design",30,1,0.998749217771909,1.85,"11.678018"
"Linear Gaussian covariates and Bernoulli SBM, fixed mixed-signal SCAR design",31,2,1.41244468918255,1.31,"11.766747;11.585669"
"Linear Gaussian covariates and Bernoulli SBM, fixed mixed-signal SCAR design",32,7,2.64244205234476,0.7,"11.30118;11.169074;11.103621;10.978955;10.871294;10.836767;10.736229"
"Linear Gaussian covariates and Bernoulli SBM, fixed mixed-signal SCAR design",33,3,1.72988438920062,1.07,"11.711874;11.510496;11.41475"
"Linear Gaussian covariates and Bernoulli SBM, fixed mixed-signal SCAR design",34,1,0.998749217771909,1.85,"11.755253"
"Linear Gaussian covariates and Bernoulli SBM, fixed mixed-signal SCAR design",35,1,0.998749217771909,1.85,"11.811657"
"Linear Gaussian covariates and Bernoulli SBM, fixed mixed-signal SCAR design",36,1,0.998749217771909,1.85,"11.668288"
"Linear Gaussian covariates and Bernoulli SBM, fixed mixed-signal SCAR design",37,4,1.99749843554382,0.93,"11.725719;11.618498;11.455826;11.304319"
"Linear Gaussian covariates and Bernoulli SBM, fixed mixed-signal SCAR design",38,2,1.41244468918255,1.31,"11.506655;11.48546"
"Linear Gaussian covariates and Bernoulli SBM, fixed mixed-signal SCAR design",39,1,0.998749217771909,1.85,"11.752946"
"Linear Gaussian covariates and Bernoulli SBM, fixed mixed-signal SCAR design",40,3,1.72988438920062,1.07,"11.606077;11.467666;11.271729"
"Linear Gaussian covariates and Bernoulli SBM, fixed mixed-signal SCAR design",41,2,1.41244468918255,1.31,"11.650748;11.518437"
"Linear Gaussian covariates and Bernoulli SBM, fixed mixed-signal SCAR design",42,2,1.41244468918255,1.31,"11.794111;11.747082"
"Linear Gaussian covariates and Bernoulli SBM, fixed mixed-signal SCAR design",43,1,0.998749217771909,1.85,"11.749214"
"Linear Gaussian covariates and Bernoulli SBM, fixed mixed-signal SCAR design",44,3,1.72988438920062,1.07,"11.646554;11.457703;11.345586"
"Linear Gaussian covariates and Bernoulli SBM, fixed mixed-signal SCAR design",45,3,1.72988438920062,1.07,"11.531585;11.454684;11.322061"
"Linear Gaussian covariates and Bernoulli SBM, fixed mixed-signal SCAR design",46,7,2.64244205234476,0.7,"11.654206;11.435409;11.411478;11.199942;11.011846;10.956649;10.77761"
"Linear Gaussian covariates and Bernoulli SBM, fixed mixed-signal SCAR design",47,2,1.41244468918255,1.31,"11.744517;11.665532"
"Linear Gaussian covariates and Bernoulli SBM, fixed mixed-signal SCAR design",48,1,0.998749217771909,1.85,"11.844884"
"Linear Gaussian covariates and Bernoulli SBM, fixed mixed-signal SCAR design",49,2,1.41244468918255,1.31,"11.951913;11.810043"
"Linear Gaussian covariates and Bernoulli SBM, fixed mixed-signal SCAR design",50,1,0.998749217771909,1.85,"11.887996"
"Linear Gaussian covariates and Bernoulli SBM, fixed mixed-signal SCAR design",51,5,2.23327114341273,0.83,"11.798881;11.725591;11.591477;11.368392;11.239963"
"Linear Gaussian covariates and Bernoulli SBM, fixed mixed-signal SCAR design",52,2,1.41244468918255,1.31,"11.534038;11.509938"
"Linear Gaussian covariates and Bernoulli SBM, fixed mixed-signal SCAR design",53,2,1.41244468918255,1.31,"11.589475;11.508629"
"Linear Gaussian covariates and Bernoulli SBM, fixed mixed-signal SCAR design",54,1,0.998749217771909,1.85,"11.838819"
"Linear Gaussian covariates and Bernoulli SBM, fixed mixed-signal SCAR design",55,10,3.15832233947075,0.59,"11.604047;11.503901;11.287992;11.092326;10.880865;10.813765;10.765946;10.640973;10.573622;10.489215"
"Linear Gaussian covariates and Bernoulli SBM, fixed mixed-signal SCAR design",56,1,0.998749217771909,1.85,"11.876593"
"Linear Gaussian covariates and Bernoulli SBM, fixed mixed-signal SCAR design",57,2,1.41244468918255,1.31,"11.742797;11.691756"
"Linear Gaussian covariates and Bernoulli SBM, fixed mixed-signal SCAR design",58,7,2.64244205234476,0.7,"11.665175;11.454813;11.198339;11.069979;10.961732;10.920895;10.841433"
"Linear Gaussian covariates and Bernoulli SBM, fixed mixed-signal SCAR design",59,5,2.23327114341273,0.83,"11.597891;11.349851;11.254819;11.180958;11.092318"
"Linear Gaussian covariates and Bernoulli SBM, fixed mixed-signal SCAR design",60,3,1.72988438920062,1.07,"11.604677;11.49187;11.378181"
"Linear Gaussian covariates and Bernoulli SBM, fixed mixed-signal SCAR design",61,1,0.998749217771909,1.85,"11.82834"
"Linear Gaussian covariates and Bernoulli SBM, fixed mixed-signal SCAR design",62,6,2.44642596454501,0.76,"11.903491;11.622579;11.419489;11.254951;11.162654;11.013185"
"Linear Gaussian covariates and Bernoulli SBM, fixed mixed-signal SCAR design",63,1,0.998749217771909,1.85,"11.705839"
"Linear Gaussian covariates and Bernoulli SBM, fixed mixed-signal SCAR design",64,2,1.41244468918255,1.31,"11.606539;11.465"
"Linear Gaussian covariates and Bernoulli SBM, fixed mixed-signal SCAR design",65,2,1.41244468918255,1.31,"11.725005;11.471682"
"Linear Gaussian covariates and Bernoulli SBM, fixed mixed-signal SCAR design",66,1,0.998749217771909,1.85,"11.702074"
"Linear Gaussian covariates and Bernoulli SBM, fixed mixed-signal SCAR design",67,1,0.998749217771909,1.85,"11.774719"
"Linear Gaussian covariates and Bernoulli SBM, fixed mixed-signal SCAR design",68,1,0.998749217771909,1.85,"11.784616"
"Linear Gaussian covariates and Bernoulli SBM, fixed mixed-signal SCAR design",69,3,1.72988438920062,1.07,"11.754429;11.708423;11.456039"
"Linear Gaussian covariates and Bernoulli SBM, fixed mixed-signal SCAR design",70,2,1.41244468918255,1.31,"11.697824;11.528023"
"Linear Gaussian covariates and Bernoulli SBM, fixed mixed-signal SCAR design",71,1,0.998749217771909,1.85,"11.6857"
"Linear Gaussian covariates and Bernoulli SBM, fixed mixed-signal SCAR design",72,4,1.99749843554382,0.93,"11.69205;11.632045;11.329414;11.240151"
"Linear Gaussian covariates and Bernoulli SBM, fixed mixed-signal SCAR design",73,3,1.72988438920062,1.07,"11.603167;11.460094;11.415001"
"Linear Gaussian covariates and Bernoulli SBM, fixed mixed-signal SCAR design",74,2,1.41244468918255,1.31,"11.898304;11.721499"
"Linear Gaussian covariates and Bernoulli SBM, fixed mixed-signal SCAR design",75,1,0.998749217771909,1.85,"12.105095"
"Linear Gaussian covariates and Bernoulli SBM, fixed mixed-signal SCAR design",76,3,1.72988438920062,1.07,"11.674192;11.440249;11.311708"
"Linear Gaussian covariates and Bernoulli SBM, fixed mixed-signal SCAR design",77,1,0.998749217771909,1.85,"11.861846"
"Linear Gaussian covariates and Bernoulli SBM, fixed mixed-signal SCAR design",78,1,0.998749217771909,1.85,"11.51878"
"Linear Gaussian covariates and Bernoulli SBM, fixed mixed-signal SCAR design",79,2,1.41244468918255,1.31,"11.804821;11.611293"
"Linear Gaussian covariates and Bernoulli SBM, fixed mixed-signal SCAR design",80,4,1.99749843554382,0.93,"11.7364;11.631061;11.488448;11.446234"
"Linear Gaussian covariates and Bernoulli SBM, fixed mixed-signal SCAR design",81,1,0.998749217771909,1.85,"11.842466"
"Linear Gaussian covariates and Bernoulli SBM, fixed mixed-signal SCAR design",82,3,1.72988438920062,1.07,"11.606721;11.43904;11.342093"
"Linear Gaussian covariates and Bernoulli SBM, fixed mixed-signal SCAR design",83,9,2.99624765331573,0.62,"11.467572;11.323873;11.215094;11.103567;10.941143;10.807257;10.718805;10.628469;10.581753"
"Linear Gaussian covariates and Bernoulli SBM, fixed mixed-signal SCAR design",84,1,0.998749217771909,1.85,"11.807369"
"Linear Gaussian covariates and Bernoulli SBM, fixed mixed-signal SCAR design",85,1,0.998749217771909,1.85,"11.662761"
"Linear Gaussian covariates and Bernoulli SBM, fixed mixed-signal SCAR design",86,1,0.998749217771909,1.85,"11.746"
"Linear Gaussian covariates and Bernoulli SBM, fixed mixed-signal SCAR design",87,2,1.41244468918255,1.31,"11.771442;11.564746"
"Linear Gaussian covariates and Bernoulli SBM, fixed mixed-signal SCAR design",88,1,0.998749217771909,1.85,"11.788484"
"Linear Gaussian covariates and Bernoulli SBM, fixed mixed-signal SCAR design",89,1,0.998749217771909,1.85,"11.864231"
"Linear Gaussian covariates and Bernoulli SBM, fixed mixed-signal SCAR design",90,16,3.99499687108764,0.46,"11.642929;11.465946;11.342575;11.163326;11.081931;10.938711;10.764337;10.647355;10.554368;10.404105;10.261925;10.205205;10.175638;10.076181;9.9854243;9.9769025"
"Linear Gaussian covariates and Bernoulli SBM, fixed mixed-signal SCAR design",91,8,2.82488937836511,0.65,"11.596854;11.406631;11.219163;11.049904;10.910911;10.839336;10.688483;10.589436"
"Linear Gaussian covariates and Bernoulli SBM, fixed mixed-signal SCAR design",92,4,1.99749843554382,0.93,"11.611827;11.389204;11.269642;11.076223"
"Linear Gaussian covariates and Bernoulli SBM, fixed mixed-signal SCAR design",93,1,0.998749217771909,1.85,"11.622065"
"Linear Gaussian covariates and Bernoulli SBM, fixed mixed-signal SCAR design",94,4,1.99749843554382,0.93,"11.751845;11.618829;11.481214;11.340395"
"Linear Gaussian covariates and Bernoulli SBM, fixed mixed-signal SCAR design",95,2,1.41244468918255,1.31,"11.718737;11.631196"
"Linear Gaussian covariates and Bernoulli SBM, fixed mixed-signal SCAR design",96,7,2.64244205234476,0.7,"11.682123;11.586529;11.397607;11.167334;11.035967;10.984931;10.975725"
"Linear Gaussian covariates and Bernoulli SBM, fixed mixed-signal SCAR design",97,1,0.998749217771909,1.85,"11.887021"
"Linear Gaussian covariates and Bernoulli SBM, fixed mixed-signal SCAR design",98,10,3.15832233947075,0.59,"11.569574;11.427605;11.2133;11.145026;11.05328;10.874951;10.715332;10.646607;10.522054;10.501505"
"Linear Gaussian covariates and Bernoulli SBM, fixed mixed-signal SCAR design",99,1,0.998749217771909,1.85,"11.79692"
"Linear Gaussian covariates and Bernoulli SBM, fixed mixed-signal SCAR design",100,1,0.998749217771909,1.85,"11.584113"
