Method,Overall_AUC,Hidden_AUC,Overall_Recall_at_45,Hidden_Recall_at_15,Overall_LogLoss,Hidden_LogLoss,Overall_Coverage_80,Hidden_Coverage_80,Overall_Interval_Score_80,Hidden_Interval_Score_80,Overall_Brier,Hidden_Brier
Lin-Cov,0.667 (0.038),0.519 (0.068),0.301 (0.057),0.061 (0.059),0.341 (0.011),2.797 (0.171),0.926 (0.015),0.149 (0.102),0.889 (0.095),8.662 (0.914),0.096 (0.004),0.865 (0.016)
Lin-PU-Cov,0.668 (0.038),0.519 (0.068),0.297 (0.059),0.063 (0.055),0.334 (0.010),2.604 (0.175),0.942 (0.012),0.268 (0.121),0.844 (0.078),7.588 (1.085),0.095 (0.004),0.836 (0.019)
Lin-Cov+Net,0.691 (0.049),0.558 (0.090),0.324 (0.069),0.088 (0.083),0.334 (0.017),2.736 (0.191),0.931 (0.015),0.203 (0.131),0.848 (0.105),8.176 (1.181),0.095 (0.005),0.851 (0.033)
Lin-PU-Cov+Net,0.692 (0.050),0.560 (0.090),0.319 (0.073),0.091 (0.085),0.326 (0.018),2.527 (0.201),0.947 (0.011),0.327 (0.136),0.804 (0.091),7.059 (1.228),0.093 (0.005),0.817 (0.043)
GP-Cov,0.856 (0.024),0.579 (0.073),0.699 (0.033),0.157 (0.081),0.215 (0.011),3.494 (0.378),0.968 (0.004),0.203 (0.097),0.451 (0.035),8.170 (0.871),0.053 (0.004),0.882 (0.035)
GP-PU-Cov,0.855 (0.024),0.578 (0.074),0.697 (0.032),0.153 (0.079),0.211 (0.012),3.305 (0.386),0.970 (0.004),0.231 (0.103),0.463 (0.035),7.918 (0.924),0.052 (0.004),0.859 (0.042)
GP-PoE,0.906 (0.031),0.720 (0.095),0.736 (0.034),0.225 (0.109),0.190 (0.013),3.063 (0.423),0.972 (0.005),0.269 (0.136),0.403 (0.043),7.576 (1.227),0.049 (0.003),0.853 (0.045)
GP-PU-PoE,0.906 (0.031),0.721 (0.094),0.736 (0.035),0.221 (0.107),0.185 (0.013),2.845 (0.437),0.975 (0.005),0.335 (0.151),0.406 (0.047),6.988 (1.359),0.048 (0.003),0.821 (0.057)
GP-PU-PoE_beta0,0.905 (0.031),0.719 (0.094),0.737 (0.036),0.228 (0.111),0.187 (0.012),2.836 (0.425),0.975 (0.006),0.333 (0.156),0.406 (0.048),7.000 (1.401),0.049 (0.003),0.823 (0.054)
Ada,0.813 (0.031),0.570 (0.075),0.569 (0.048),0.114 (0.074),0.396 (0.033),1.421 (0.250),--,--,--,--,0.121 (0.013),0.506 (0.074)
Ada+Net,0.814 (0.035),0.582 (0.093),0.562 (0.055),0.114 (0.090),0.428 (0.040),1.258 (0.250),--,--,--,--,0.134 (0.016),0.459 (0.083)
nnPU,0.581 (0.072),0.486 (0.072),0.373 (0.066),0.088 (0.058),0.519 (0.078),5.568 (0.566),--,--,--,--,0.078 (0.008),0.940 (0.033)
nnPU+Net,0.619 (0.093),0.521 (0.086),0.405 (0.092),0.099 (0.078),0.477 (0.101),5.286 (0.705),--,--,--,--,0.074 (0.010),0.934 (0.041)
WLR,0.660 (0.038),0.515 (0.066),0.291 (0.063),0.063 (0.056),0.337 (0.011),2.352 (0.252),0.973 (0.007),0.589 (0.152),0.864 (0.071),4.702 (1.365),0.095 (0.004),0.766 (0.036)
WLR+Net,0.688 (0.049),0.553 (0.084),0.318 (0.072),0.079 (0.076),0.328 (0.018),2.309 (0.268),0.974 (0.006),0.607 (0.143),0.828 (0.088),4.533 (1.291),0.093 (0.006),0.747 (0.054)
INLA,0.654 (0.039),0.512 (0.067),0.298 (0.063),0.061 (0.055),0.353 (0.010),3.175 (0.290),0.938 (0.006),0.225 (0.096),0.841 (0.058),7.978 (0.868),0.094 (0.004),0.879 (0.025)
INLA+Net,0.682 (0.049),0.550 (0.084),0.324 (0.070),0.079 (0.073),0.346 (0.017),3.158 (0.320),0.941 (0.007),0.259 (0.115),0.812 (0.079),7.665 (1.038),0.093 (0.006),0.866 (0.041)
GCN,0.821 (0.037),0.702 (0.078),0.480 (0.066),0.197 (0.097),0.286 (0.023),2.760 (0.470),--,--,--,--,0.081 (0.006),0.784 (0.045)
