"method","metric","n_rep","mean","sd","mc_se","q025","median","q975"
"PU-PoE mu=0","Hidden_at_15",100,3.42,1.66472614303769,0.166472614303769,0.475,3,7
"PU-PoE mu=0","Overall_Interval_Width_80",100,0.153225,0.023653899138291,0.0023653899138291,0.1161875,0.1525,0.20775
"PU-PoE mu=0","Hidden_Interval_Width_80",100,0.333333333333333,0.155699788832305,0.0155699788832305,0.0666666666666667,0.333333333333333,0.6
"PU-PoE mu=0","Overall_Interval_Width_95",100,0.5724,0.0824475039591309,0.00824475039591309,0.4286875,0.55875,0.7438125
"PU-PoE mu=0","Hidden_Interval_Width_95",100,0.781333333333333,0.142474523684025,0.0142474523684025,0.466666666666667,0.8,1
"PU-PoE mu=0","eta_posterior_mean",100,0.126492156815044,0.0172299944848202,0.00172299944848202,0.100284524733387,0.124435534346978,0.169746458655091
"PU-PoE mu=0","eta_posterior_sd",100,0.0783839186490552,0.00878881933053205,0.000878881933053205,0.0645249191346342,0.0779212873542076,0.100473827870628
"PU-PoE mu=0","eta_q10",100,0.0377325195914011,0.00623382639868177,0.000623382639868176,0.028912111943327,0.0369960858385961,0.0538021368959156
"PU-PoE mu=0","eta_q50",100,0.112498911581894,0.0164594632481394,0.00164594632481394,0.0884880064710053,0.10977370916412,0.152730378747377
"PU-PoE mu=0","eta_q90",100,0.234678432416731,0.0303805572581662,0.00303805572581662,0.188299852287528,0.230894903663402,0.311310203083763
"PU-PoE mu=0","eta_q025",100,0.0173641264528804,0.00322030408178014,0.000322030408178014,0.0126448808079416,0.0168211652630117,0.02467110343995
"PU-PoE mu=0","eta_q975",100,0.313663265714457,0.0361062919366819,0.00361062919366819,0.25401593308606,0.312834839584165,0.402488738711024
"PU-PoE mu=0","anchor_max_median",100,0.994538629230718,0.00446335318269615,0.000446335318269615,0.985354956085115,0.995784316506232,0.999426444025488
"PU-PoE mu=0","anchor_Pr_over_090",100,0.98387,0.0215688491238001,0.00215688491238001,0.9346375,0.992,1
"PU-PoE mu=0","anchor_Pr_over_095",100,0.937755,0.0572014204369087,0.00572014204369087,0.800875,0.95575,0.9932875
"PU-PoE mu=0","anchor_Pr_over_099",100,0.67667,0.143892447559441,0.0143892447559441,0.4100125,0.699,0.91715
"PU-PoE mu=0","anchor_q99_median",100,0.944807123826765,0.0249629010828359,0.00249629010828359,0.891792071188827,0.950948551787975,0.977224819669458
"PU-PoE mu=0","anchor_top5_median",100,0.970414317665438,0.0150575500669816,0.00150575500669816,0.938623387276276,0.974508277153853,0.989827690765381
"PU-PoE mu=0","beta0_posterior_mean",100,-3.31902802036464,0.104288304322219,0.0104288304322219,-3.4890616465813,-3.32627183574918,-3.10911168744285
"PU-PoE mu=0","ell_cov_posterior_mean",100,2.55820216871354,0.0904114408351083,0.00904114408351083,2.41717941598952,2.56042279435925,2.72794489217103
"PU-PoE mu=0","sigma_cov_posterior_mean",100,3.28567323935212,0.389870107816227,0.0389870107816227,2.47285564597263,3.33234180705147,3.91212767089876
"PU-PoE mu=0","ell_network_posterior_mean",100,0.210470525698652,0.00618086435945322,0.000618086435945322,0.198755435279403,0.210553206022013,0.22174436850881
"PU-PoE mu=0","sigma_network_posterior_mean",100,13.5625561902159,1.79506163606639,0.179506163606639,11.0486055080295,13.3413326188831,17.2397016268148
"PU-PoE mu=0","acc_blocked_f",100,0.42354,0.0129595329757478,0.00129595329757478,0.399655,0.4225,0.44944
"PU-PoE mu=0","acc_blocked_cov",100,0.05234,0.00451032485559857,0.000451032485559857,0.041805,0.0526,0.060715
"PU-PoE mu=0","acc_blocked_network",100,0.167502,0.0265181240861888,0.00265181240861888,0.122645,0.166,0.22086
"PU-PoE mu=0","acc_joint_tune",100,0.252029,0.00637066025787062,0.000637066025787062,0.23988,0.25115,0.2656
"PU-PoE mu=0","acc_joint_sampling",100,0.2502805,0.0074322075686457,0.00074322075686457,0.23419375,0.2504125,0.263139375
"PU-PoE mu=0","acc_f_refresh_sampling",100,0.4447285,0.00986142240083431,0.000986142240083431,0.428736875,0.4444875,0.46450625
"PU-PoE mu=0","eta_moved_sampling",100,1,0,0,1,1,1
"PU-PoE mu=0","delta_final",100,2.6693514863791,0.022298304877438,0.0022298304877438,2.63182456360723,2.6673136510184,2.71428857080912
"PU-PoE mu=0","kappa_cov_final",100,0.713457817895384,0.00242237739622657,0.000242237739622657,0.708931168878846,0.713576880788287,0.717568548788235
"PU-PoE mu=0","kappa_network_final",100,0.875277711622543,0.0147767428798568,0.00147767428798568,0.850913949413771,0.872734054731371,0.904953171840981
"PU-PoE mu=0","joint_theta_scale_final",100,1.01730472409138,0.0551222639716798,0.00551222639716798,0.902166819933961,1.0131276484612,1.13166656589816
"PU-PoE mu=0","runtime_sec",100,5846.28598772526,101.299473177026,10.1299473177026,5626.93281151652,5870.71095407009,5997.68315853477
