"replicate","covariate_seed","network_seed","sar_seed"
1,20361729,20461747,20611789
2,20362729,20462747,20612789
3,20363729,20463747,20613789
4,20364729,20464747,20614789
5,20365729,20465747,20615789
6,20366729,20466747,20616789
7,20367729,20467747,20617789
8,20368729,20468747,20618789
9,20369729,20469747,20619789
10,20370729,20470747,20620789
11,20371729,20471747,20621789
12,20372729,20472747,20622789
13,20373729,20473747,20623789
14,20374729,20474747,20624789
15,20375729,20475747,20625789
16,20376729,20476747,20626789
17,20377729,20477747,20627789
18,20378729,20478747,20628789
19,20379729,20479747,20629789
20,20380729,20480747,20630789
21,20381729,20481747,20631789
22,20382729,20482747,20632789
23,20383729,20483747,20633789
24,20384729,20484747,20634789
25,20385729,20485747,20635789
26,20386729,20486747,20636789
27,20387729,20487747,20637789
28,20388729,20488747,20638789
29,20389729,20489747,20639789
30,20390729,20490747,20640789
31,20391729,20491747,20641789
32,20392729,20492747,20642789
33,20393729,20493747,20643789
34,20394729,20494747,20644789
35,20395729,20495747,20645789
36,20396729,20496747,20646789
37,20397729,20497747,20647789
38,20398729,20498747,20648789
39,20399729,20499747,20649789
40,20400729,20500747,20650789
41,20401729,20501747,20651789
42,20402729,20502747,20652789
43,20403729,20503747,20653789
44,20404729,20504747,20654789
45,20405729,20505747,20655789
46,20406729,20506747,20656789
47,20407729,20507747,20657789
48,20408729,20508747,20658789
49,20409729,20509747,20659789
50,20410729,20510747,20660789
51,20411729,20511747,20661789
52,20412729,20512747,20662789
53,20413729,20513747,20663789
54,20414729,20514747,20664789
55,20415729,20515747,20665789
56,20416729,20516747,20666789
57,20417729,20517747,20667789
58,20418729,20518747,20668789
59,20419729,20519747,20669789
60,20420729,20520747,20670789
61,20421729,20521747,20671789
62,20422729,20522747,20672789
63,20423729,20523747,20673789
64,20424729,20524747,20674789
65,20425729,20525747,20675789
66,20426729,20526747,20676789
67,20427729,20527747,20677789
68,20428729,20528747,20678789
69,20429729,20529747,20679789
70,20430729,20530747,20680789
71,20431729,20531747,20681789
72,20432729,20532747,20682789
73,20433729,20533747,20683789
74,20434729,20534747,20684789
75,20435729,20535747,20685789
76,20436729,20536747,20686789
77,20437729,20537747,20687789
78,20438729,20538747,20688789
79,20439729,20539747,20689789
80,20440729,20540747,20690789
81,20441729,20541747,20691789
82,20442729,20542747,20692789
83,20443729,20543747,20693789
84,20444729,20544747,20694789
85,20445729,20545747,20695789
86,20446729,20546747,20696789
87,20447729,20547747,20697789
88,20448729,20548747,20698789
89,20449729,20549747,20699789
90,20450729,20550747,20700789
91,20451729,20551747,20701789
92,20452729,20552747,20702789
93,20453729,20553747,20703789
94,20454729,20554747,20704789
95,20455729,20555747,20705789
96,20456729,20556747,20706789
97,20457729,20557747,20707789
98,20458729,20558747,20708789
99,20459729,20559747,20709789
100,20460729,20560747,20710789
