"scenario","replicate","model_key","method","Overall_AUC","Hidden_AUC","Hidden_at_15","Hidden_Recall_at_15","Overall_Recall_at_45","Overall_LogLoss","Hidden_LogLoss","Overall_Brier","Hidden_Brier","Overall_Coverage_80","Hidden_Coverage_80","Overall_Interval_Score_80","Hidden_Interval_Score_80","Overall_Interval_Width_80","Hidden_Interval_Width_80","Overall_Coverage_95","Hidden_Coverage_95","Overall_Interval_Score_95","Hidden_Interval_Score_95","Overall_Interval_Width_95","Hidden_Interval_Width_95","eta_posterior_mean","eta_posterior_sd","eta_q10","eta_q50","eta_q90","eta_q025","eta_q975","anchor_max_mean","anchor_max_median","anchor_max_q025","anchor_max_q975","anchor_Pr_over_090","anchor_Pr_over_095","anchor_Pr_over_099","anchor_q99_median","anchor_top5_median","beta0_posterior_mean","ell_cov_posterior_mean","sigma_cov_posterior_mean","ell_network_posterior_mean","sigma_network_posterior_mean","acc_blocked_f","acc_blocked_cov","acc_blocked_network","acc_joint_tune","acc_joint_sampling","acc_f_refresh_sampling","eta_moved_sampling","delta_final","kappa_cov_final","kappa_network_final","joint_theta_scale_final","runtime_sec"
"Fixed mixed-signal covariate-driven SAR design, lambda = 2",1,"full_pu_poe_mu0","PU-PoE mu=0",0.956494522691706,0.872676056338028,4,0.266666666666667,0.755555555555556,0.180110521318423,2.04674304202131,0.0516458880898344,0.710375495611942,0.9875,0.666666666666667,0.3425,4,0.2175,0.666666666666667,0.9975,0.933333333333333,0.785,3.6,0.685,0.933333333333333,0.166175861280996,0.100992068882908,0.0520574528784378,0.146213380434235,0.309213357230488,0.0233032223347329,0.401194542948997,0.970640855624573,0.986287093715122,0.85810465161892,0.999824626563106,0.937,0.8035,0.4305,0.898740388859049,0.941840803212592,-3.25086271109475,2.4261987401141,2.66781897865431,0.204504715254131,14.602309393805,0.4272,0.0586,0.1216,0.2596,0.243175,0.4317,1,2.68357309679717,0.715221463205267,0.853549891619335,1.09386463427898,5948.02839803696
"Fixed mixed-signal covariate-driven SAR design, lambda = 2",2,"full_pu_poe_mu0","PU-PoE mu=0",0.911173708920188,0.742159624413146,7,0.466666666666667,0.8,0.182424971106952,2.53968576548094,0.0478250294064745,0.762102164255371,0.98,0.533333333333333,0.3425,5.2,0.1425,0.533333333333333,0.9925,0.8,0.9725,8.79999999999999,0.6725,0.8,0.13496660472467,0.0840972547642498,0.0381277272782146,0.118245107371305,0.251420859929316,0.0174669512760558,0.339072136690901,0.982818862076265,0.992112184811861,0.91252576218221,0.999887052589937,0.982,0.9215,0.557,0.926793049984827,0.959443155020926,-3.19102875243092,2.44237243721227,3.01588962999436,0.211734463315595,13.979783018987,0.4256,0.0528,0.1758,0.2471,0.251975,0.428725,1,2.69155655697316,0.715809965199834,0.889111249306408,1.0067678052575,5846.4965159893
"Fixed mixed-signal covariate-driven SAR design, lambda = 2",3,"full_pu_poe_mu0","PU-PoE mu=0",0.863411580594679,0.590610328638498,2,0.133333333333333,0.711111111111111,0.198266653219316,3.61602692001385,0.0449249190504194,0.880056780348471,0.9675,0.133333333333333,0.4525,8.8,0.1275,0.133333333333333,0.9875,0.666666666666667,0.965,14,0.465,0.666666666666667,0.10839678382251,0.0685310140801318,0.0318898909308071,0.0943971106376239,0.203890622086628,0.0155473103029379,0.270408483987009,0.992634625692307,0.996990226297659,0.958227415950108,0.999968293352148,0.9985,0.983,0.778,0.966366488460359,0.982293243832879,-3.33952651737378,2.49921170491638,3.97122082346081,0.20903526440889,10.4586656381922,0.4308,0.04,0.238,0.2484,0.237025,0.445325,1,2.69423890462299,0.705948234548389,0.916659198232738,0.975440383347536,5556.22835183144
"Fixed mixed-signal covariate-driven SAR design, lambda = 2",4,"full_pu_poe_mu0","PU-PoE mu=0",0.964131455399061,0.92056338028169,8,0.533333333333333,0.822222222222222,0.170505597766198,1.99128389435328,0.0489578111441099,0.704722085240328,0.99,0.8,0.245,2.8,0.145,0.8,0.9975,0.933333333333333,0.74,3.6,0.64,0.933333333333333,0.13009848828591,0.0814447708930091,0.0384742311329448,0.115525825554651,0.240004958838321,0.0171239597477814,0.333030451168268,0.980807146230157,0.991361880148992,0.898248476295746,0.999858785535309,0.9735,0.903,0.538,0.918932083969804,0.956899521939787,-3.11046933308307,2.50307820712657,2.33935428907805,0.218967529374663,16.2953984719837,0.4228,0.0536,0.1354,0.2505,0.2609,0.446525,1,2.66163806660591,0.712437815667433,0.859724632104506,1.07787592491907,5950.09156894684
"Fixed mixed-signal covariate-driven SAR design, lambda = 2",5,"full_pu_poe_mu0","PU-PoE mu=0",0.913364632237872,0.740845070422535,3,0.2,0.733333333333333,0.184807148255504,2.82197436699217,0.0490327329124239,0.848963963834233,0.9725,0.266666666666667,0.4275,7.6,0.1525,0.266666666666667,0.99,0.733333333333333,0.9575,11.4,0.5575,0.733333333333333,0.114602434810643,0.0723230822469869,0.0323983644864842,0.1007729759768,0.211671529087696,0.0130790553510835,0.285329339658248,0.99101112075709,0.997747181235479,0.939324102267992,0.999999980626252,0.9925,0.963,0.764,0.954845061285056,0.977627147756243,-3.21735812088444,2.51581909163043,3.18688472640121,0.213253136975115,15.7395545207591,0.4208,0.061,0.141,0.2504,0.256375,0.451325,1,2.63986407074812,0.717186695064213,0.86643626478904,1.00242625587964,5875.52976989746
"Fixed mixed-signal covariate-driven SAR design, lambda = 2",6,"full_pu_poe_mu0","PU-PoE mu=0",0.932582159624413,0.802065727699531,5,0.333333333333333,0.755555555555556,0.167847046650945,2.56926492399127,0.0439786519833252,0.769515092615531,0.98,0.466666666666667,0.3475,5.8,0.1475,0.466666666666667,0.995,0.866666666666667,0.67,6.19999999999999,0.47,0.866666666666667,0.126848346027751,0.075152804585014,0.0382804748244687,0.116008412739135,0.226868386318366,0.0196627400506774,0.296380080770498,0.990175726966848,0.996548620200515,0.942645704633627,0.999979150786882,0.9925,0.9675,0.721,0.962032932132356,0.979971763331277,-3.32285863961167,2.70781269648696,3.25339675302034,0.207226177406487,15.2464391027708,0.4254,0.051,0.1312,0.2594,0.24825,0.459475,1,2.69070506336212,0.711852744230615,0.851310944624616,1.05381649361132,5879.77133917809
"Fixed mixed-signal covariate-driven SAR design, lambda = 2",7,"full_pu_poe_mu0","PU-PoE mu=0",0.876557120500782,0.634929577464789,4,0.266666666666667,0.733333333333333,0.198710392578195,3.0668028201513,0.0508618074926684,0.853263609336271,0.9725,0.266666666666667,0.44,7.6,0.165,0.266666666666667,0.985,0.6,1.1425,16.6,0.5425,0.6,0.120530437944757,0.0743544075920522,0.0354848934283203,0.108142580431126,0.223021922621629,0.0168466804307536,0.2947051547323,0.985531891299796,0.993536588347003,0.924709620966958,0.99991405818276,0.9875,0.942,0.594,0.942214182353955,0.968661331474015,-3.31057039826133,2.61143023859685,3.2500946155238,0.208153796488881,12.2111824174833,0.416,0.052,0.1556,0.2629,0.24915,0.453675,1,2.64916603036409,0.713527926988994,0.872239251189106,1.04736854272802,5878.05757904053
"Fixed mixed-signal covariate-driven SAR design, lambda = 2",8,"full_pu_poe_mu0","PU-PoE mu=0",0.901533646322379,0.705164319248826,4,0.266666666666667,0.755555555555556,0.187859895072423,2.85223872296601,0.048697169217877,0.829755706020167,0.975,0.333333333333333,0.41,7,0.16,0.333333333333333,0.9925,0.8,0.84,8.79999999999999,0.54,0.8,0.125343885298577,0.0796669453522143,0.0366213034463265,0.10971941927548,0.234302283321024,0.0157570636800289,0.317534408289671,0.985690184175173,0.99393858555563,0.924142183328708,0.999911740939499,0.988,0.942,0.612,0.938691809984951,0.967023072881765,-3.27185580010012,2.58042830086477,3.4822217268002,0.208804408544066,11.2636246677794,0.4178,0.049,0.1968,0.2576,0.2588,0.435475,1,2.65537495731155,0.713621453332422,0.888974172031914,0.960208645823285,5790.56981110573
"Fixed mixed-signal covariate-driven SAR design, lambda = 2",9,"full_pu_poe_mu0","PU-PoE mu=0",0.90641627543036,0.72037558685446,3,0.2,0.733333333333333,0.18645514783173,2.86430550608157,0.0482956305878381,0.826884481566494,0.9725,0.266666666666667,0.435,7.6,0.16,0.266666666666667,0.9925,0.8,0.8125,8.79999999999999,0.5125,0.8,0.126520991414378,0.0785939591092469,0.0360144317864096,0.112948243006412,0.235000011079607,0.016153285069973,0.316271234016937,0.986956001422486,0.994586187981312,0.928166878770371,0.999919062128879,0.989,0.946,0.645,0.943860129784383,0.969682427897146,-3.23607321213325,2.57106423910595,3.6963518693401,0.214042410727011,11.9067375034212,0.3988,0.0514,0.2136,0.2546,0.241275,0.4395,1,2.6385621603122,0.711645962380692,0.901505357187532,1.03225257303691,5701.28518295288
"Fixed mixed-signal covariate-driven SAR design, lambda = 2",10,"full_pu_poe_mu0","PU-PoE mu=0",0.871048513302034,0.616338028169014,2,0.133333333333333,0.711111111111111,0.204844842936025,3.13309492929353,0.0527566618014045,0.880571515335895,0.97,0.2,0.4525,8.2,0.1525,0.2,0.99,0.733333333333333,1.03,11.4,0.63,0.733333333333333,0.123669506462858,0.0781050671350547,0.0362281342411267,0.108961214796604,0.234549939153026,0.0173535703827412,0.313559126302073,0.985852853779589,0.994948640084618,0.920189709803722,0.999941208929699,0.9855,0.9365,0.6425,0.944590858963847,0.969831112356924,-3.22249504155793,2.50844896530121,3.45085822422408,0.201254442946238,12.1675521521717,0.4266,0.0528,0.1652,0.2447,0.2461,0.43775,1,2.67466825732436,0.715810161765946,0.872836309378287,1.02687666220611,5809.63146805763
"Fixed mixed-signal covariate-driven SAR design, lambda = 2",11,"full_pu_poe_mu0","PU-PoE mu=0",0.895461658841941,0.696525821596244,2,0.133333333333333,0.688888888888889,0.203768884534578,2.69066120556335,0.0553515949681298,0.814729826099895,0.9775,0.4,0.4275,6.4,0.2025,0.4,0.99,0.733333333333333,1.07,11.4,0.67,0.733333333333333,0.149105184634258,0.0893919102235912,0.0444282413984593,0.134728999210829,0.273858649678865,0.0210090364213726,0.355611463642223,0.97855032417027,0.990557589454666,0.888762991996682,0.999876050871821,0.9665,0.877,0.514,0.910006766702659,0.951206652591848,-3.4321598045413,2.75259613861206,2.75893257667883,0.221001246749006,13.7910138656575,0.4314,0.0476,0.1338,0.2612,0.243725,0.444475,1,2.67379254229267,0.708939581071878,0.859754750049546,1.1629234408056,5962.56733298302
"Fixed mixed-signal covariate-driven SAR design, lambda = 2",12,"full_pu_poe_mu0","PU-PoE mu=0",0.901158059467919,0.703474178403756,4,0.266666666666667,0.755555555555556,0.180886396606879,3.05629336712949,0.0450147739300709,0.842323472182866,0.9725,0.266666666666667,0.405,7.6,0.13,0.266666666666667,0.9925,0.8,0.7925,8.79999999999999,0.4925,0.8,0.112021080408916,0.0710411132895223,0.0320343876761469,0.0983837411079997,0.20917994389378,0.0150552711512697,0.281984214292499,0.994403005953932,0.998261389826469,0.963817844762611,0.999978721946432,0.999,0.9885,0.847,0.972169294932816,0.986412368329192,-3.19451019413118,2.58782419891355,3.66502572754868,0.20315403056528,13.7910845548016,0.451,0.0398,0.1664,0.2403,0.265675,0.448375,1,2.71262393997057,0.70820104789446,0.878945756984926,0.893265924355964,5692.69346499443
"Fixed mixed-signal covariate-driven SAR design, lambda = 2",13,"full_pu_poe_mu0","PU-PoE mu=0",0.862910798122066,0.589859154929577,2,0.133333333333333,0.711111111111111,0.201730436726812,3.32415589126943,0.0496724817169086,0.894751591325091,0.97,0.2,0.4275,8.2,0.1275,0.2,0.99,0.733333333333333,0.965,11.4,0.565,0.733333333333333,0.116964097432088,0.0738376790074493,0.0336733658139677,0.104758207792769,0.217528244494287,0.0137993197272691,0.294877143792613,0.989901518553866,0.995825903842923,0.944879542875485,0.999968606585168,0.997,0.9665,0.7075,0.952870606904075,0.974752740735872,-3.22094691648805,2.45332360013243,3.49471756359275,0.210519409399653,11.1408180367206,0.4136,0.0504,0.2042,0.2449,0.24375,0.432625,1,2.64795731437235,0.712113520678368,0.885095171886874,0.998389324949536,5818.83632111549
"Fixed mixed-signal covariate-driven SAR design, lambda = 2",14,"full_pu_poe_mu0","PU-PoE mu=0",0.890829420970266,0.676619718309859,2,0.133333333333333,0.711111111111111,0.196676416273299,2.96461370112326,0.0516753355642022,0.872673729957833,0.9675,0.133333333333333,0.47,8.8,0.145,0.133333333333333,0.995,0.866666666666667,0.84,6.19999999999999,0.64,0.866666666666667,0.135079793271944,0.0820968277141871,0.0412982249589328,0.121140995872077,0.250019007723624,0.0199675166556339,0.323717127417786,0.986390145517913,0.993932131342728,0.927812671462546,0.999927829632447,0.993,0.939,0.628,0.942261638003217,0.968735858028413,-3.3159313642117,2.5062098280258,3.34923083123651,0.202441558320026,12.2472956752974,0.4218,0.0536,0.155,0.2457,0.263175,0.439,1,2.66275127973599,0.713974367154882,0.866063364222033,0.946818213303486,5759.90455293655
"Fixed mixed-signal covariate-driven SAR design, lambda = 2",15,"full_pu_poe_mu0","PU-PoE mu=0",0.877370892018779,0.633615023474178,3,0.2,0.733333333333333,0.200342355643714,2.98252881509184,0.0508646364051232,0.83738448702636,0.975,0.333333333333333,0.41,7,0.16,0.333333333333333,0.99,0.733333333333333,1.0625,11.4,0.6625,0.733333333333333,0.132016510338084,0.0815001851835418,0.0403125328434785,0.118668405202811,0.249377911498232,0.0172288005138616,0.320469366736908,0.981626494396814,0.992031478834799,0.903677556061694,0.999853266558308,0.977,0.905,0.559,0.928319418595486,0.960600603355215,-3.41665890369702,2.56105182668973,3.07367696338681,0.207359480720029,15.2834593725764,0.431,0.0528,0.1424,0.2536,0.25295,0.43405,1,2.67637557407462,0.714475308980134,0.86727739765514,0.984808195679481,5872.97927904129
"Fixed mixed-signal covariate-driven SAR design, lambda = 2",16,"full_pu_poe_mu0","PU-PoE mu=0",0.956682316118936,0.870046948356808,5,0.333333333333333,0.777777777777778,0.158600939820761,2.32977008171902,0.0434808985390352,0.767873709062667,0.9775,0.4,0.395,6.4,0.17,0.4,1,1,0.505,1,0.505,1,0.119836496792267,0.0743750709192653,0.0368329454641568,0.106197606054531,0.219652336289947,0.0183582261390104,0.292229142952308,0.986382872512464,0.994368696368908,0.923388173246859,0.999915247149382,0.9885,0.9405,0.6415,0.949951985067973,0.972201529524271,-3.45333721060947,2.63106339364585,3.0731018140319,0.213711387669458,17.8194223496333,0.435,0.053,0.1304,0.2477,0.25005,0.44875,1,2.68293569287183,0.712647734930714,0.857376205355545,1.00242960516021,5843.19717502594
"Fixed mixed-signal covariate-driven SAR design, lambda = 2",17,"full_pu_poe_mu0","PU-PoE mu=0",0.90528951486698,0.7181220657277,1,0.0666666666666667,0.688888888888889,0.188490334251954,3.02481371203967,0.0491572650491899,0.875425991191923,0.9725,0.266666666666667,0.4125,7.6,0.1375,0.266666666666667,0.9925,0.8,0.8325,8.79999999999999,0.5325,0.8,0.113510183541016,0.0698897625816954,0.0336411235303453,0.101438604704171,0.212542932245109,0.0154265125238901,0.281930775916159,0.992057934498436,0.997637405234043,0.950278005869108,0.999983766162813,0.996,0.975,0.78,0.958844903325091,0.979801328761518,-3.36608275718458,2.62588230470361,3.58184241461615,0.196364792111086,12.6118014046186,0.4438,0.0542,0.182,0.2501,0.256975,0.452825,1,2.67365377748629,0.71513970280128,0.888389063616209,0.984771015904572,5750.16033291817
"Fixed mixed-signal covariate-driven SAR design, lambda = 2",18,"full_pu_poe_mu0","PU-PoE mu=0",0.84206572769953,0.526384976525822,3,0.2,0.733333333333333,0.197953090542799,3.43394120767286,0.046743627476343,0.876772451012017,0.97,0.2,0.4175,8.2,0.1175,0.2,0.98,0.466666666666667,1.3475,21.8,0.5475,0.466666666666667,0.108077909985465,0.069012762986971,0.0296652205627093,0.0959279494653964,0.201831254207224,0.0139260788826838,0.278407527287951,0.992710378928652,0.99765392687486,0.955688033793092,0.999978515661953,0.9965,0.98,0.7945,0.966794364401742,0.982822483735819,-3.32848067480372,2.47825943396254,3.70180574436631,0.20760065548171,13.0687568078538,0.4254,0.0504,0.2026,0.248,0.243275,0.44815,1,2.66435538003548,0.713404443924086,0.88829381606708,0.98799870918004,5741.04887890816
"Fixed mixed-signal covariate-driven SAR design, lambda = 2",19,"full_pu_poe_mu0","PU-PoE mu=0",0.917871674491393,0.757183098591549,5,0.333333333333333,0.755555555555556,0.18941481945492,2.46681995934597,0.050752945681164,0.76956951297181,0.98,0.466666666666667,0.3875,5.8,0.1875,0.466666666666667,0.995,0.866666666666667,0.9025,6.19999999999999,0.7025,0.866666666666667,0.160686567205768,0.0892440728415769,0.0546900107679485,0.146821801251398,0.288017522301837,0.0278353545853459,0.357624861200387,0.989300785639809,0.998645042132928,0.915568381908401,0.999999999932257,0.9835,0.9385,0.75,0.935953021004386,0.969872874707104,-3.26871988120502,2.49492692700978,2.87122771074329,0.210587002644374,13.4430632175539,0.4204,0.0542,0.1668,0.2593,0.251325,0.44285,1,2.66771135952321,0.715058425369508,0.872359130684313,1.05053947368796,5868.44262909889
"Fixed mixed-signal covariate-driven SAR design, lambda = 2",20,"full_pu_poe_mu0","PU-PoE mu=0",0.902848200312989,0.708544600938967,2,0.133333333333333,0.711111111111111,0.18234010165928,2.99619610372897,0.0463056375271438,0.863629393427797,0.97,0.2,0.44,8.2,0.14,0.2,0.9925,0.8,0.85,8.79999999999999,0.55,0.8,0.11163234739963,0.0695060355629551,0.0357681624721557,0.098750966724599,0.204358117313687,0.016933266127064,0.279238037313133,0.991128143351563,0.996382763712732,0.950908330529967,0.999973263099621,0.9955,0.9755,0.7425,0.957196709744799,0.977990271188315,-3.47007924913457,2.5660391216395,3.16626206563011,0.19844877938866,17.5858992669776,0.4222,0.0514,0.1552,0.2502,0.25,0.44825,1,2.67644752852311,0.714630767655554,0.865417609711466,0.992756726375615,5841.85042405128
"Fixed mixed-signal covariate-driven SAR design, lambda = 2",21,"full_pu_poe_mu0","PU-PoE mu=0",0.919687010954617,0.75906103286385,5,0.333333333333333,0.777777777777778,0.178148906014524,2.74848413789908,0.0469594114344812,0.824531897595223,0.9775,0.4,0.375,6.4,0.15,0.4,0.9925,0.8,0.8475,8.79999999999999,0.5475,0.8,0.118937018151448,0.0765182041460179,0.0333915569676686,0.103249308524838,0.227869019796289,0.0134081742994103,0.303506299116972,0.988154952300713,0.995205888726022,0.931144381473801,0.999951800653814,0.992,0.954,0.6805,0.945865163555196,0.971220939960361,-3.11225946142445,2.59665519930311,3.34494560234882,0.218060953861619,14.7031161272794,0.4098,0.0528,0.1656,0.2532,0.22955,0.438475,1,2.64741188040608,0.713591408563716,0.866866252222128,1.07476741073385,5939.45377612114
"Fixed mixed-signal covariate-driven SAR design, lambda = 2",22,"full_pu_poe_mu0","PU-PoE mu=0",0.871737089201878,0.616901408450704,3,0.2,0.733333333333333,0.201356785170755,3.34648116860154,0.0487134849802343,0.854871836386286,0.97,0.2,0.4525,8.2,0.1525,0.2,0.9825,0.533333333333333,1.16,19.2,0.46,0.533333333333333,0.118779492837288,0.0733082999125304,0.0367517970663943,0.105150383014185,0.21851544443164,0.0183740648290803,0.298392579449505,0.990028421684701,0.996500685728032,0.940240186356272,0.999975812278523,0.9925,0.9635,0.7255,0.952103315131543,0.97485947780024,-3.16120616141782,2.69873462765845,3.62686096038385,0.210400529305976,12.0759332007588,0.4258,0.0482,0.163,0.2558,0.2437,0.440475,1,2.68059872685978,0.711327618007458,0.878154623529895,1.01462909855643,5714.85002207756
"Fixed mixed-signal covariate-driven SAR design, lambda = 2",23,"full_pu_poe_mu0","PU-PoE mu=0",0.93226917057903,0.804319248826291,3,0.2,0.711111111111111,0.198600864638824,2.43122263835114,0.0561799619031505,0.80952801533279,0.9775,0.4,0.415,6.4,0.19,0.4,1,1,0.72,1,0.72,1,0.15583397513069,0.095212759038073,0.047210218537943,0.135876462527542,0.296358524139277,0.0238056031124421,0.380965411063117,0.971067777659223,0.986632058267746,0.8500218827786,0.999919660411545,0.939,0.8225,0.424,0.893878963592924,0.939951701435768,-3.25964976161392,2.49594534295031,2.97325953868553,0.218570099462913,11.9466067202825,0.4112,0.0482,0.1866,0.2654,0.238275,0.428525,1,2.66165959290517,0.711187325861523,0.884670645145469,1.1151044096678,5935.18171405792
"Fixed mixed-signal covariate-driven SAR design, lambda = 2",24,"full_pu_poe_mu0","PU-PoE mu=0",0.939968701095462,0.823661971830986,2,0.133333333333333,0.711111111111111,0.180353434525347,2.51456420524141,0.0497562846448249,0.818711834527013,0.9725,0.266666666666667,0.4375,7.6,0.1625,0.266666666666667,1,1,0.615,1,0.615,1,0.127811631533136,0.0796502187229144,0.0372996699942508,0.112214594283193,0.23771609587055,0.0170353970045719,0.31450433168137,0.984164409200007,0.99349666174441,0.91014707174998,0.999961470869869,0.9835,0.924,0.5925,0.938524239774616,0.966656217782715,-3.37736461008857,2.73701700224266,2.89467235099311,0.210753193019055,15.2048692018329,0.4312,0.0572,0.1238,0.2561,0.2453,0.441375,1,2.69732659892101,0.717761734148043,0.845842136120205,1.07850101711454,5895.9004099369
"Fixed mixed-signal covariate-driven SAR design, lambda = 2",25,"full_pu_poe_mu0","PU-PoE mu=0",0.94547730829421,0.83887323943662,4,0.266666666666667,0.755555555555556,0.177285052192193,2.39781330813477,0.0492345743055411,0.78434352437819,0.975,0.333333333333333,0.42,7,0.17,0.333333333333333,0.9975,0.933333333333333,0.715,3.6,0.615,0.933333333333333,0.128085131012293,0.0783708023887187,0.0386618511841652,0.116097022543461,0.232542391610617,0.0165847289138959,0.320428145296511,0.981706302289354,0.991621202283427,0.906825551466438,0.999846855178513,0.9805,0.911,0.543,0.925612842745286,0.958964209649111,-3.2833449012972,2.58438625262155,2.83547839711225,0.212390077023341,15.5893380369724,0.4306,0.055,0.1362,0.2489,0.2418,0.435625,1,2.68526040867587,0.713117160691545,0.865058212018528,1.06633364583884,5886.98419499397
"Fixed mixed-signal covariate-driven SAR design, lambda = 2",26,"full_pu_poe_mu0","PU-PoE mu=0",0.871048513302034,0.613521126760563,4,0.266666666666667,0.755555555555556,0.194482492269671,3.35896215002492,0.0458143632229061,0.843710067420868,0.9775,0.4,0.365,6.4,0.14,0.4,0.985,0.6,1.08,16.6,0.48,0.6,0.111265964020876,0.0687589894841996,0.0319134087068403,0.0991047721493191,0.206849575124109,0.0161271578868017,0.272657088639227,0.99195720858106,0.996733331842028,0.954711003803602,0.999960143011315,0.998,0.9785,0.7685,0.963187348551382,0.980767113259852,-3.33541203721233,2.56223555979322,3.5881087913235,0.213309274581006,14.1793642301234,0.4104,0.056,0.1718,0.2481,0.2455,0.45325,1,2.66150169127347,0.717167377516661,0.872003888500154,1.01117959327381,5873.37113809586
"Fixed mixed-signal covariate-driven SAR design, lambda = 2",27,"full_pu_poe_mu0","PU-PoE mu=0",0.906917057902973,0.725258215962441,3,0.2,0.733333333333333,0.18368179283132,2.85623146841479,0.0470681888395564,0.80979942392818,0.9725,0.266666666666667,0.4175,7.6,0.1425,0.266666666666667,0.99,0.733333333333333,0.92,11.4,0.52,0.733333333333333,0.123490690049215,0.0774938208290539,0.0365597070464279,0.1093701986277,0.230492109483568,0.0162469466985292,0.315960349539365,0.992988687620479,0.997611002367164,0.95550592730346,0.999984526015668,0.9985,0.9815,0.801,0.962407545166368,0.9809294701365,-3.32941949378732,2.62987483625035,3.65062020191336,0.204789591924816,11.8385377344511,0.426,0.0448,0.1864,0.2482,0.253375,0.45065,1,2.69188717374152,0.709074946072821,0.897113844346085,1.02964614730438,5773.63541698456
"Fixed mixed-signal covariate-driven SAR design, lambda = 2",28,"full_pu_poe_mu0","PU-PoE mu=0",0.902472613458529,0.707417840375587,2,0.133333333333333,0.711111111111111,0.182570953944057,3.16997044813013,0.0456042681960239,0.867854619840363,0.9675,0.133333333333333,0.445,8.8,0.12,0.133333333333333,0.99,0.733333333333333,0.86,11.4,0.46,0.733333333333333,0.100600687862327,0.0642462500583083,0.0291700841435439,0.08870325719921,0.188736834274696,0.0132395377764208,0.254215758766603,0.994399299401401,0.998130283373661,0.966092943834805,0.999988513112709,0.9995,0.991,0.8435,0.971555573529778,0.985910777161422,-3.19423013837426,2.59498032406241,3.67065131730891,0.211596802249704,12.7089652884617,0.4382,0.0484,0.189,0.2519,0.2569,0.4524,1,2.71579466537734,0.709229110297253,0.889912448383163,0.981541431457513,5744.72970700264
"Fixed mixed-signal covariate-driven SAR design, lambda = 2",29,"full_pu_poe_mu0","PU-PoE mu=0",0.965571205007825,0.907605633802817,5,0.333333333333333,0.777777777777778,0.171812462987647,2.15330718785284,0.0485181682957593,0.753111639507036,0.98,0.533333333333333,0.3525,5.2,0.1525,0.533333333333333,1,1,0.68,1,0.68,1,0.131877321471323,0.0813499416315522,0.0401288296769887,0.117127195072342,0.242066375717887,0.0174906687067965,0.329169325500429,0.979043599164687,0.990898381507295,0.884995026441259,0.999851226785437,0.9665,0.8905,0.52,0.919176605047332,0.955765568752584,-3.41993664791937,2.50540319534823,2.97262124083584,0.204065134630855,13.3014902259793,0.422,0.0482,0.158,0.2474,0.246225,0.431125,1,2.67958420114339,0.715010357552652,0.866624721201122,1.04403678347515,5890.04883599281
"Fixed mixed-signal covariate-driven SAR design, lambda = 2",30,"full_pu_poe_mu0","PU-PoE mu=0",0.944037558685446,0.832112676056338,5,0.333333333333333,0.777777777777778,0.161842449849464,2.57859908399836,0.043442528989512,0.804970719857146,0.975,0.333333333333333,0.365,7,0.115,0.333333333333333,0.995,0.866666666666667,0.7325,6.19999999999999,0.5325,0.866666666666667,0.105662360835341,0.0692029826631553,0.0302638197662627,0.0925267155176175,0.195670425156951,0.0123194314415643,0.27945716205056,0.997273079179166,0.999934428394766,0.971919310657011,1,0.9995,0.9905,0.9275,0.976385795539163,0.989536859133244,-3.4070939030176,2.54443945419674,3.24943107775115,0.207539133397321,16.8163743706564,0.4398,0.0542,0.1516,0.2486,0.255075,0.4544,1,2.70696156022531,0.713301507920099,0.864927298677524,0.987816341750271,5807.79699611664
"Fixed mixed-signal covariate-driven SAR design, lambda = 2",31,"full_pu_poe_mu0","PU-PoE mu=0",0.963755868544601,0.891643192488263,6,0.4,0.8,0.169496079676479,2.29833238461214,0.0480316365141684,0.787637086223497,0.9825,0.533333333333333,0.33,5.2,0.155,0.533333333333333,1,1,0.61,1,0.61,1,0.122099089055502,0.0768505846545636,0.0366316756993283,0.107431777305297,0.225636986536702,0.0173899143705867,0.313016049361832,0.988556395579752,0.996098055954863,0.931534316995151,0.999967775837787,0.9895,0.9495,0.7035,0.946245146184454,0.972011965461106,-3.36217347850858,2.49429505055208,3.00503624255821,0.211476866971745,15.6548993405859,0.427,0.0542,0.159,0.2528,0.244925,0.437975,1,2.67285232942521,0.715605095212342,0.867740139187047,1.02736650687429,5882.2646958828
"Fixed mixed-signal covariate-driven SAR design, lambda = 2",32,"full_pu_poe_mu0","PU-PoE mu=0",0.956744913928013,0.870234741784038,5,0.333333333333333,0.777777777777778,0.174384536213224,2.30219849662411,0.0493565813515323,0.778754189748235,0.9825,0.533333333333333,0.3525,5.2,0.1775,0.533333333333333,1,1,0.635,1,0.635,1,0.129986267448771,0.0833698358965258,0.037259049583684,0.116681944798729,0.241366157921933,0.0182154218833515,0.335874064454817,0.979930162004827,0.990787745591379,0.895388936452807,0.999926975214672,0.9725,0.89,0.522,0.921899243322074,0.957506793717643,-3.16856338283184,2.43765182426572,3.02841280773588,0.220562734350234,14.5023745079063,0.3974,0.0588,0.1314,0.2587,0.240975,0.431225,1,2.63701413669688,0.714202189681844,0.853159588345007,1.03996105793088,5946.4126701355
"Fixed mixed-signal covariate-driven SAR design, lambda = 2",33,"full_pu_poe_mu0","PU-PoE mu=0",0.924006259780908,0.777840375586854,6,0.4,0.777777777777778,0.182473223221607,2.39091153684627,0.049853850562341,0.743898101965494,0.9825,0.6,0.3475,4.6,0.1725,0.6,0.9925,0.8,0.895,8.79999999999999,0.595,0.8,0.134474296501955,0.0836536979933186,0.0400476182389151,0.119983646883494,0.249154077121685,0.0166486865331523,0.330008399426569,0.981392721519285,0.992878802583111,0.895390775528057,0.999945058707527,0.9715,0.8955,0.573,0.918394555485314,0.957225130604163,-3.10788334138741,2.55979376202877,2.80983905176961,0.210030231247025,14.7345725851351,0.4114,0.0506,0.1672,0.2549,0.2594,0.434125,1,2.65233250088982,0.713410744392,0.87578417025771,1.02478159265931,5949.86899018288
"Fixed mixed-signal covariate-driven SAR design, lambda = 2",34,"full_pu_poe_mu0","PU-PoE mu=0",0.873239436619718,0.620657276995305,2,0.133333333333333,0.711111111111111,0.196478099642919,3.0967562586247,0.0493396101281289,0.851354268336363,0.97,0.2,0.44,8.2,0.14,0.2,0.9875,0.666666666666667,1.0975,14,0.5975,0.666666666666667,0.122608063274065,0.0752596906071758,0.0368150273182541,0.109827999052761,0.229467422898454,0.0179934935392208,0.303299834359663,0.989805530264078,0.995716106018653,0.944768205869347,0.999974116023889,0.992,0.9645,0.717,0.954780022229648,0.97578705800995,-3.4734716082265,2.58975999731789,3.48695099410043,0.211497866920815,11.943604572466,0.4212,0.0524,0.1872,0.2494,0.248575,0.446125,1,2.6830191289092,0.715259336379794,0.872564479340867,1.03956126844045,5875.61753201485
"Fixed mixed-signal covariate-driven SAR design, lambda = 2",35,"full_pu_poe_mu0","PU-PoE mu=0",0.886572769953052,0.659718309859155,3,0.2,0.733333333333333,0.189191956991218,2.98582909208732,0.0469305440856877,0.81503069433927,0.9775,0.4,0.3975,6.4,0.1725,0.4,0.985,0.6,1.1275,16.6,0.5275,0.6,0.13075474337809,0.0813591167748984,0.0373062412980646,0.117038449444825,0.243758534480814,0.0164634571618022,0.324201317750351,0.985616324456439,0.993994018111698,0.923957634168463,0.9999205682191,0.988,0.939,0.622,0.941086719451844,0.967657581095827,-3.32109574433967,2.49549662396489,3.41778204354228,0.199094370737593,12.7926663243308,0.4106,0.053,0.1592,0.2473,0.252725,0.437075,1,2.65116845637857,0.713562353012858,0.862172282034101,0.98061585423099,5886.56942391396
"Fixed mixed-signal covariate-driven SAR design, lambda = 2",36,"full_pu_poe_mu0","PU-PoE mu=0",0.901408450704225,0.706103286384977,3,0.2,0.733333333333333,0.190316562845028,2.99269544239762,0.0489290939769402,0.855939800394039,0.97,0.2,0.4325,8.2,0.1325,0.2,0.9975,0.933333333333333,0.69,3.6,0.59,0.933333333333333,0.115561104700305,0.0722857427899804,0.0350859873873755,0.100976539413982,0.217517265616283,0.0144714720573597,0.288615363128677,0.987314718378618,0.995240063615011,0.930777429650152,0.999957416857348,0.9905,0.949,0.6545,0.94602556203184,0.971659731679744,-3.06848369622529,2.4952489385806,3.60054514694138,0.210842446524641,12.2692677639551,0.4034,0.0504,0.1894,0.2395,0.2631,0.431325,1,2.65051953258578,0.715592244897248,0.886523903524517,0.888353310223142,5784.15222597122
"Fixed mixed-signal covariate-driven SAR design, lambda = 2",37,"full_pu_poe_mu0","PU-PoE mu=0",0.885696400625978,0.657276995305164,2,0.133333333333333,0.711111111111111,0.185888413802293,3.17795676868078,0.0454660406582676,0.853638392184784,0.9725,0.266666666666667,0.4175,7.6,0.1425,0.266666666666667,0.985,0.6,1.0675,16.6,0.4675,0.6,0.115239806061039,0.0720445814540554,0.0340658447711769,0.102097115453309,0.214254749929157,0.0145535724343353,0.28490926823558,0.992834359262739,0.997614745923239,0.957210218532489,0.999983331980582,0.996,0.983,0.8005,0.970862448275039,0.984890578903536,-3.43317530224542,2.50196170839815,3.78360818178175,0.203164397796502,11.0455920045898,0.4194,0.0524,0.2136,0.2495,0.24725,0.45695,1,2.66620365008949,0.713987529330685,0.899612926909266,0.996989762163893,5655.55148601532
"Fixed mixed-signal covariate-driven SAR design, lambda = 2",38,"full_pu_poe_mu0","PU-PoE mu=0",0.953051643192488,0.866103286384977,4,0.266666666666667,0.755555555555556,0.192047073613014,2.25047650051323,0.055185883689325,0.763984700047887,0.9825,0.533333333333333,0.34,5.2,0.165,0.533333333333333,1,1,0.7625,1,0.7625,1,0.147230062701209,0.0888331320240214,0.0468547854321342,0.130612069210435,0.267109456272168,0.0228417782785181,0.367911451602996,0.966983507770051,0.984068043562027,0.834743214023858,0.999814456842174,0.918,0.7845,0.4055,0.885768772533068,0.933772350486562,-3.14494810207675,2.69155655944372,2.79073139714815,0.215592561846494,13.2747933654501,0.413,0.0594,0.1584,0.264,0.2625,0.444025,1,2.660071842905,0.716922511320035,0.863266511978721,1.04787338749102,5993.55011796951
"Fixed mixed-signal covariate-driven SAR design, lambda = 2",39,"full_pu_poe_mu0","PU-PoE mu=0",0.948732394366197,0.854460093896714,5,0.333333333333333,0.755555555555556,0.163893075382975,2.48952404925371,0.0445911691846811,0.793606068312507,0.98,0.533333333333333,0.3475,5.2,0.1475,0.533333333333333,0.9975,0.933333333333333,0.56,3.6,0.46,0.933333333333333,0.107785491942363,0.0714721983471191,0.0304504118261425,0.0924055973114267,0.203638228051418,0.0139126976827587,0.288756792255622,0.992657430917248,0.997799304023901,0.956763289028984,0.999984170166786,0.9955,0.9835,0.7935,0.96430373009629,0.981255154852175,-3.30415887518764,2.69394484738766,3.17890101143798,0.213805043282149,14.9364561209941,0.4402,0.049,0.1264,0.2583,0.25895,0.4601,1,2.7005238721771,0.712418488246619,0.850554763270624,1.01304088221921,5970.99200510979
"Fixed mixed-signal covariate-driven SAR design, lambda = 2",40,"full_pu_poe_mu0","PU-PoE mu=0",0.886447574334898,0.663286384976526,2,0.133333333333333,0.711111111111111,0.199328091149103,3.09255582828435,0.0505996670019221,0.849269375405547,0.9725,0.266666666666667,0.435,7.6,0.16,0.266666666666667,0.9925,0.8,0.845,8.79999999999999,0.545,0.8,0.12618377143641,0.078716675867736,0.0351086461227026,0.115578822228811,0.236832201408474,0.0155804297411794,0.311280181678095,0.988066929594437,0.995401899768713,0.933296804817657,0.999950291556622,0.992,0.952,0.676,0.945260788458584,0.971884298778525,-3.26818515370372,2.54750648625325,3.40944195746448,0.206043332757474,13.325532381302,0.425,0.056,0.169,0.2532,0.243475,0.4333,1,2.69209877508528,0.713300086545567,0.874440868767322,1.01575412579873,5815.1680970192
"Fixed mixed-signal covariate-driven SAR design, lambda = 2",41,"full_pu_poe_mu0","PU-PoE mu=0",0.912363067292645,0.742159624413146,2,0.133333333333333,0.688888888888889,0.186512617742475,2.83549962663353,0.0491395334181104,0.851847174744747,0.97,0.266666666666667,0.4475,7.6,0.1475,0.266666666666667,0.9925,0.8,0.88,8.79999999999999,0.58,0.8,0.115195466054969,0.0732982349766406,0.0333287217876226,0.101774475943679,0.212907842607693,0.0160296790783151,0.294932355112033,0.986383274453077,0.99399988836334,0.92995229405199,0.99991531694168,0.9905,0.9475,0.626,0.941502188750712,0.967817445798612,-3.38920211308038,2.58628993561509,3.36912953524191,0.206644652405546,12.4278456897796,0.4198,0.0518,0.1764,0.2538,0.251525,0.43895,1,2.66170828851305,0.714221653295272,0.886836345457362,1.0167064113207,5855.74253511429
"Fixed mixed-signal covariate-driven SAR design, lambda = 2",42,"full_pu_poe_mu0","PU-PoE mu=0",0.925696400625978,0.777089201877934,3,0.2,0.733333333333333,0.174081816724107,2.81917532714797,0.0456087371580505,0.836227241873989,0.975,0.333333333333333,0.4025,7,0.1525,0.333333333333333,0.995,0.866666666666667,0.69,6.19999999999999,0.49,0.866666666666667,0.113287504077307,0.0712063110052875,0.0329990712112254,0.0995038770225757,0.211512803967253,0.014198198002269,0.287099912987323,0.992635447875337,0.997660279735523,0.95347630709729,0.999983156117429,0.996,0.9785,0.805,0.965333643173025,0.982713907897539,-3.25359877091671,2.60089326704933,3.74986664869674,0.211400394413386,12.9755990834233,0.417,0.0496,0.1846,0.2413,0.2517,0.448225,1,2.67564056056447,0.708923557847055,0.887907177113824,0.946664197874975,5820.54692292213
"Fixed mixed-signal covariate-driven SAR design, lambda = 2",43,"full_pu_poe_mu0","PU-PoE mu=0",0.885383411580595,0.656338028169014,3,0.2,0.733333333333333,0.189831249793703,3.3036845982986,0.0460340596661885,0.862484634350088,0.9725,0.266666666666667,0.4075,7.6,0.1325,0.266666666666667,0.9875,0.666666666666667,0.9575,14,0.4575,0.666666666666667,0.108900017349068,0.0679181012837871,0.0310416713415242,0.0976830697096917,0.203574417528456,0.0158245905720826,0.275470138379768,0.994797954674441,0.998860504781998,0.962667447558134,0.999994089790639,0.996,0.9855,0.8695,0.972745771990029,0.986791797126199,-3.31195694128918,2.59780505378502,3.77658509931802,0.201573825982917,13.1972919314389,0.4352,0.0506,0.1776,0.254,0.246925,0.45485,1,2.69017427931525,0.714503202474224,0.876868516477647,1.00119701482573,5661.59775209427
"Fixed mixed-signal covariate-driven SAR design, lambda = 2",44,"full_pu_poe_mu0","PU-PoE mu=0",0.874428794992175,0.624788732394366,0,0,0.666666666666667,0.203757632857767,3.25092679617131,0.0513818687509679,0.89561644927465,0.97,0.2,0.4725,8.2,0.1725,0.2,0.9925,0.8,0.8575,8.79999999999999,0.5575,0.8,0.137878028225477,0.0838278304197579,0.0396153338537805,0.122612552591813,0.261330948042676,0.0167477723533443,0.326165013476949,0.986797390749874,0.994622977292743,0.928588489629765,0.999929258678897,0.991,0.9405,0.642,0.946707373730326,0.97074994401353,-3.3482467961761,2.37044399895897,3.51873618687334,0.207950123729632,11.9216319368134,0.4112,0.055,0.2154,0.252,0.247225,0.43335,1,2.65615117015453,0.713829103560725,0.897524780544974,0.98671191411581,5858.58474993706
"Fixed mixed-signal covariate-driven SAR design, lambda = 2",45,"full_pu_poe_mu0","PU-PoE mu=0",0.853270735524257,0.562629107981221,2,0.133333333333333,0.711111111111111,0.203723114508482,3.41762280462174,0.0496754521558992,0.894573951301943,0.97,0.2,0.43,8.2,0.13,0.2,0.98,0.466666666666667,1.3275,21.8,0.5275,0.466666666666667,0.12343903431587,0.078147108101545,0.0375197294533841,0.107732241493071,0.227766134474228,0.0169705620089005,0.317119521018122,0.990599173563528,0.99648350991332,0.94338149675685,0.999952743749857,0.997,0.968,0.729,0.960523275097906,0.979089802858328,-3.2612618076372,2.4086751023213,3.6931355158926,0.200837911872889,11.4267926864731,0.416,0.0474,0.1898,0.2408,0.254625,0.445325,1,2.65632431128959,0.712271876513798,0.898544795560418,0.938167538388013,5788.69550085068
"Fixed mixed-signal covariate-driven SAR design, lambda = 2",46,"full_pu_poe_mu0","PU-PoE mu=0",0.873552425665102,0.620845070422535,0,0,0.666666666666667,0.196172096175908,3.49416479910035,0.0473837914282459,0.918579518980106,0.965,0.0666666666666667,0.4725,9.4,0.1225,0.0666666666666667,0.9875,0.666666666666667,0.9675,14,0.4675,0.666666666666667,0.106911709004518,0.0680382365333335,0.0317685546792557,0.093476218989673,0.201434114995558,0.0156471702806136,0.277627691847376,0.993310141220572,0.998039063121998,0.955205550098681,0.999982719815115,0.995,0.9805,0.8195,0.972642579836759,0.986086036341659,-3.31489813077565,2.47169335253183,3.90491609204373,0.213684529306155,11.0519362223577,0.4282,0.0506,0.1854,0.2452,0.252475,0.449775,1,2.67063474907559,0.712126294843215,0.883506644421968,0.933184608005453,5698.18979501724
"Fixed mixed-signal covariate-driven SAR design, lambda = 2",47,"full_pu_poe_mu0","PU-PoE mu=0",0.924569640062598,0.774084507042254,4,0.266666666666667,0.755555555555556,0.173229309983476,2.80424144564316,0.0451348575650117,0.83173030120603,0.98,0.466666666666667,0.3475,5.8,0.1475,0.466666666666667,0.9925,0.8,0.7775,8.79999999999999,0.4775,0.8,0.1130231771316,0.0730134589273738,0.0313220708111121,0.0995304745009566,0.212090768130125,0.0145508695510799,0.288997845770983,0.991666747939801,0.997146026679074,0.947931864433921,0.999987826836029,0.9965,0.973,0.762,0.965357083335345,0.982036583988938,-3.3524073535023,2.64497821203952,3.43480757527162,0.214222815205701,14.4666833209529,0.444,0.0482,0.1556,0.249,0.250525,0.454325,1,2.71108789609537,0.715350203424405,0.866921961212596,1.00781169306969,5816.06453299522
"Fixed mixed-signal covariate-driven SAR design, lambda = 2",48,"full_pu_poe_mu0","PU-PoE mu=0",0.92056338028169,0.76169014084507,6,0.4,0.8,0.170142271144616,2.54136763641037,0.0443375485675009,0.765791474433082,0.9825,0.533333333333333,0.3225,5.2,0.1475,0.533333333333333,0.99,0.733333333333333,0.965,11.4,0.565,0.733333333333333,0.129830923909956,0.0778441885328078,0.0397559877038385,0.117150390928578,0.239351932284821,0.018286343542603,0.312429976562088,0.990868973279589,0.997412299031,0.93901249369606,0.999992531363532,0.995,0.9665,0.751,0.95834944462485,0.97935045822105,-3.32406299669464,2.41801395660914,3.08367769117204,0.2224122900638,14.8245347292594,0.4016,0.053,0.155,0.2452,0.2516,0.4445,1,2.63598839891288,0.716206410626978,0.8695029064504,0.970360397983046,5916.8327691555
"Fixed mixed-signal covariate-driven SAR design, lambda = 2",49,"full_pu_poe_mu0","PU-PoE mu=0",0.862910798122066,0.624788732394366,3,0.2,0.711111111111111,0.213670497858518,2.83030211000305,0.0566218664058207,0.840587582255635,0.97,0.266666666666667,0.46,7.6,0.16,0.266666666666667,0.995,0.866666666666667,0.9425,6.19999999999999,0.7425,0.866666666666667,0.139484373146567,0.0868379944705298,0.0415791637477921,0.120686441335257,0.260467823343764,0.0190757686531733,0.353174255115672,0.973842757503457,0.986279514551588,0.873976196384241,0.999945172755964,0.954,0.8405,0.4295,0.899837684969405,0.943675235672883,-3.23812862787242,2.70943421631209,2.77113645150085,0.206106052321431,11.0453825378134,0.4214,0.0556,0.204,0.2656,0.2587,0.4459,1,2.66198689356393,0.717355028127394,0.891601196246362,1.10747252902084,5865.76822900772
"Fixed mixed-signal covariate-driven SAR design, lambda = 2",50,"full_pu_poe_mu0","PU-PoE mu=0",0.893333333333333,0.68037558685446,5,0.333333333333333,0.777777777777778,0.186673196107306,2.71739882206843,0.0475685448784982,0.784075761943861,0.975,0.333333333333333,0.405,7,0.155,0.333333333333333,0.9925,0.8,0.94,8.79999999999999,0.64,0.8,0.148891705065665,0.0908431661076945,0.0441258924389093,0.136621792659326,0.278429945396287,0.0183138628547129,0.357907610914428,0.986116044132875,0.994503620992901,0.92724558498854,0.999975266573128,0.9895,0.938,0.631,0.939031738949092,0.966766554980863,-3.49971271131796,2.43078733966861,3.35940405246526,0.209939657351781,12.2934341922795,0.4086,0.05,0.208,0.2462,0.254625,0.439075,1,2.63798941990279,0.711813360929817,0.901643311854836,0.961559576135736,5847.46016716957
"Fixed mixed-signal covariate-driven SAR design, lambda = 2",51,"full_pu_poe_mu0","PU-PoE mu=0",0.946478873239437,0.84131455399061,6,0.4,0.8,0.1823757546534,2.17727721605553,0.051280494287697,0.728295742275084,0.9825,0.533333333333333,0.37,5.2,0.195,0.533333333333333,0.9975,0.933333333333333,0.7925,3.6,0.6925,0.933333333333333,0.15994766724819,0.0953716116466858,0.0476593366755045,0.146774530778794,0.291181253370763,0.0210792659191541,0.380532120518971,0.97392362202091,0.988668230440323,0.870858243729621,0.999942790936812,0.948,0.8355,0.4725,0.901744521451803,0.943741781789974,-3.27579514863538,2.48304084923741,2.52776452658794,0.217261625252691,15.500355521701,0.4074,0.0546,0.1648,0.2569,0.2646,0.44125,1,2.63092812105443,0.712476341849354,0.871381362711531,1.00374481661551,6048.98705101013
"Fixed mixed-signal covariate-driven SAR design, lambda = 2",52,"full_pu_poe_mu0","PU-PoE mu=0",0.895023474178404,0.694084507042254,4,0.266666666666667,0.711111111111111,0.203094684586312,2.73356214516568,0.0545963356767473,0.825739773743662,0.975,0.333333333333333,0.4425,7,0.1925,0.333333333333333,0.9925,0.8,0.9325,8.79999999999999,0.6325,0.8,0.139021848257764,0.0857930894720325,0.0395631975770583,0.125714115177701,0.257674020427227,0.0181654154065765,0.340291431463567,0.980045150193167,0.99165227986697,0.88479967759226,0.999891794004306,0.9675,0.8975,0.544,0.920984139988596,0.958541495681607,-3.3759998151921,2.70940304731646,3.16101779145768,0.206516145730034,12.1449789046,0.4472,0.0516,0.1398,0.2622,0.24225,0.440275,1,2.69493007821265,0.713826134693576,0.865503184549309,1.12479991370324,5963.75952100754
"Fixed mixed-signal covariate-driven SAR design, lambda = 2",53,"full_pu_poe_mu0","PU-PoE mu=0",0.919311424100157,0.76056338028169,4,0.266666666666667,0.733333333333333,0.180603373194077,2.68441503390466,0.0474517220594712,0.801496417211875,0.9725,0.266666666666667,0.425,7.6,0.15,0.266666666666667,0.995,0.866666666666667,0.76,6.19999999999999,0.56,0.866666666666667,0.128865625871712,0.0797344259754701,0.0384127066150125,0.114679641357934,0.238491844798677,0.0188281931213172,0.318685062834981,0.989016059318571,0.995924779044594,0.932659803710675,0.999974078494309,0.9895,0.957,0.707,0.952375241189153,0.975352551052586,-3.28083669130641,2.54184662059816,3.43609334741787,0.216024600733544,12.8914359897982,0.426,0.0544,0.1762,0.253,0.2504,0.44515,1,2.65850466561344,0.714181450039327,0.872236354457875,1.01437515227334,5879.19281983376
"Fixed mixed-signal covariate-driven SAR design, lambda = 2",54,"full_pu_poe_mu0","PU-PoE mu=0",0.901220657276995,0.715680751173709,3,0.2,0.711111111111111,0.19475120124129,2.80842234948851,0.0514364559908878,0.843652906100048,0.97,0.266666666666667,0.4575,7.6,0.1575,0.266666666666667,0.9925,0.8,0.955,8.79999999999999,0.655,0.8,0.128686026879644,0.0801641194245528,0.0391638029483042,0.112783302881373,0.243438968837495,0.0159635863494953,0.320658117629743,0.984155367283154,0.993411217949014,0.913298742982803,0.999918769674227,0.9805,0.931,0.5955,0.933229372096961,0.964118725948549,-3.3419924481412,2.49863024222519,3.19487814505215,0.20623459150869,13.0827879155415,0.4122,0.0508,0.176,0.248,0.2477,0.44485,1,2.61857584625958,0.709966161534912,0.891310265189919,1.02234168158821,5932.35072112083
"Fixed mixed-signal covariate-driven SAR design, lambda = 2",55,"full_pu_poe_mu0","PU-PoE mu=0",0.891142410015649,0.675492957746479,3,0.2,0.733333333333333,0.192388634569965,2.97055664640064,0.0498022418433664,0.837976253791216,0.9725,0.266666666666667,0.4325,7.6,0.1575,0.266666666666667,0.9925,0.8,0.8475,8.79999999999999,0.5475,0.8,0.12154807758414,0.0760404975173841,0.0371592262130354,0.108051345177319,0.226561489759306,0.0175936683428112,0.302873599940612,0.990469119652607,0.997049046405033,0.939660931527161,0.999979055790472,0.9955,0.963,0.75,0.955809934827178,0.977496706859559,-3.3172921524129,2.67128916169094,3.54095197719539,0.205053554553185,11.3243574892729,0.4222,0.0488,0.1678,0.2556,0.231925,0.452175,1,2.66315379746532,0.711004619538935,0.872507206205927,1.13490182766828,5741.5584359169
"Fixed mixed-signal covariate-driven SAR design, lambda = 2",56,"full_pu_poe_mu0","PU-PoE mu=0",0.913802816901408,0.746854460093897,4,0.266666666666667,0.733333333333333,0.203932796281,2.34641306825875,0.0555539542365533,0.74083429405037,0.98,0.466666666666667,0.4125,5.8,0.2125,0.466666666666667,0.995,0.866666666666667,1.01,6.19999999999999,0.81,0.866666666666667,0.180756140137023,0.107393491245537,0.0528208026163002,0.163143274905993,0.333151635182871,0.0238486543735433,0.431596098835284,0.949891200531651,0.969302331740018,0.795252371858565,0.999162915503091,0.85,0.647,0.233,0.85278316433335,0.908966420049785,-3.43273950190594,2.48631847145978,2.15652626078724,0.221006139421716,15.6745248458818,0.4426,0.0666,0.1048,0.2672,0.24385,0.441325,1,2.66836709272581,0.719728091472716,0.840075612820632,1.1649764434321,5940.20543503761
"Fixed mixed-signal covariate-driven SAR design, lambda = 2",57,"full_pu_poe_mu0","PU-PoE mu=0",0.876870109546166,0.634741784037559,2,0.133333333333333,0.711111111111111,0.203068459806479,3.11400565347176,0.0519191967989774,0.859712702355489,0.9725,0.266666666666667,0.4275,7.6,0.1525,0.266666666666667,0.99,0.733333333333333,0.995,11.4,0.595,0.733333333333333,0.128401842222113,0.0779983861756073,0.0412453475585766,0.11344044866091,0.23662264233877,0.0197060483092039,0.311040045534215,0.989666003551234,0.996356458276024,0.942431938971904,0.999965106139601,0.9925,0.9635,0.7155,0.950624429297144,0.974931524568202,-3.26480992654723,2.47615234691913,3.50639466411088,0.203867217991214,11.2204186435051,0.3986,0.0482,0.2258,0.2594,0.23265,0.439825,1,2.63961288393133,0.7090364996768,0.907947807066541,1.0900150628508,5908.4249420166
"Fixed mixed-signal covariate-driven SAR design, lambda = 2",58,"full_pu_poe_mu0","PU-PoE mu=0",0.93245696400626,0.80075117370892,5,0.333333333333333,0.777777777777778,0.173347263713991,2.55645059014961,0.0465823413303962,0.783997643947454,0.9775,0.4,0.385,6.4,0.16,0.4,0.9925,0.8,0.8075,8.79999999999999,0.5075,0.8,0.118495656018604,0.0735098922113234,0.0348163560206393,0.105228546912668,0.222129239204068,0.0164353418134356,0.288163932759165,0.990717405272898,0.997109102877694,0.937245061347033,0.999976472594155,0.9945,0.9635,0.75,0.958988462288429,0.978983786243449,-3.44736813795118,2.70593347919498,3.50104065893402,0.210600714428501,13.3571328564641,0.4324,0.0498,0.1786,0.2489,0.256525,0.4583,1,2.68309787147194,0.712266132917306,0.878865132754856,1.02104377156064,5893.547093153
"Fixed mixed-signal covariate-driven SAR design, lambda = 2",59,"full_pu_poe_mu0","PU-PoE mu=0",0.869483568075117,0.609577464788732,1,0.0666666666666667,0.688888888888889,0.199893254337631,3.27659343524801,0.0497732202850885,0.885464598581756,0.97,0.2,0.435,8.2,0.135,0.2,0.9875,0.666666666666667,1.0575,14,0.5575,0.666666666666667,0.114800186642955,0.0742213985344601,0.0326770026593472,0.0999737031091419,0.216821420591784,0.0164744534300351,0.290738722346853,0.990374310437682,0.996191670500431,0.944135867398045,0.999980119733272,0.9965,0.9695,0.722,0.954762719521794,0.976327716527359,-3.24416291063262,2.59276547471793,3.33117149039782,0.215943120862644,14.2590817555579,0.4266,0.0482,0.1586,0.2503,0.247125,0.434075,1,2.68423821940054,0.712774638570439,0.868846031127073,1.00829891054748,5930.98044705391
"Fixed mixed-signal covariate-driven SAR design, lambda = 2",60,"full_pu_poe_mu0","PU-PoE mu=0",0.921189358372457,0.765070422535211,3,0.2,0.733333333333333,0.187460757598992,2.51490789510212,0.0509544328665805,0.790271169977604,0.9825,0.533333333333333,0.355,5.2,0.18,0.533333333333333,0.995,0.866666666666667,0.8475,6.19999999999999,0.6475,0.866666666666667,0.139871455889045,0.0864701947545543,0.0391237845377862,0.127485851713309,0.254913252233997,0.01698018982324,0.35016865219893,0.977477618118222,0.988694054635498,0.883849372695779,0.999806286893627,0.9655,0.873,0.4685,0.91406507186928,0.951599290525449,-3.46544994295508,2.5037221175243,2.42317618255877,0.225075802710486,16.7343442876687,0.4174,0.0612,0.1206,0.251,0.258675,0.4388,1,2.65059088022566,0.720574432859779,0.85347788606939,1.02418643301434,5930.36703586578
"Fixed mixed-signal covariate-driven SAR design, lambda = 2",61,"full_pu_poe_mu0","PU-PoE mu=0",0.879374021909233,0.6381220657277,3,0.2,0.733333333333333,0.188964814772169,3.58416553261889,0.0431041368710489,0.887273525687516,0.97,0.2,0.4175,8.2,0.1175,0.2,0.9775,0.4,1.2975,24.4,0.3975,0.4,0.0945361173381689,0.0601388787504564,0.0286787085240832,0.0829166643879442,0.173928721433399,0.012671544391555,0.235450231227133,0.995621594430524,0.99869834450647,0.971030887775097,0.99999045997081,1,0.994,0.875,0.979991803869577,0.990090824146838,-3.42498164307076,2.71791782314449,3.69506649773689,0.208218535604228,16.2836668284211,0.466,0.0456,0.1394,0.2475,0.251,0.46965,1,2.72461904320089,0.712348481888037,0.862992810094898,0.991152215018675,5691.37017989159
"Fixed mixed-signal covariate-driven SAR design, lambda = 2",62,"full_pu_poe_mu0","PU-PoE mu=0",0.889827856025039,0.670422535211268,2,0.133333333333333,0.711111111111111,0.202463157895481,2.77628452744165,0.0540235233299353,0.835237482787337,0.9725,0.266666666666667,0.4725,7.6,0.1975,0.266666666666667,0.995,0.866666666666667,0.86,6.19999999999999,0.66,0.866666666666667,0.149622731431207,0.0932695174240924,0.0423881266869145,0.12993381550377,0.281455374393143,0.0191994406460406,0.370331432193857,0.978812677581204,0.991028808814921,0.884256209883035,0.99994462427867,0.9615,0.881,0.5285,0.907549750470951,0.948552707633158,-3.4729753116867,2.61046993371763,2.817507249862,0.22066776545737,14.5004871380846,0.4088,0.0542,0.1576,0.2588,0.23865,0.434575,1,2.6678170214636,0.714253060851051,0.875082869610121,1.12809075025751,5899.00987577438
"Fixed mixed-signal covariate-driven SAR design, lambda = 2",63,"full_pu_poe_mu0","PU-PoE mu=0",0.930704225352113,0.792112676056338,5,0.333333333333333,0.777777777777778,0.168565058060115,2.60184049800688,0.0440253791366046,0.776835239514762,0.98,0.466666666666667,0.3275,5.8,0.1275,0.466666666666667,0.9925,0.8,0.855,8.79999999999999,0.555,0.8,0.116632107737274,0.0730117431945974,0.035188671078344,0.103009661524263,0.217870003622323,0.0153272907150843,0.294509299908013,0.992170524645421,0.997388259744478,0.955893021832729,0.999966715206997,0.9975,0.982,0.7745,0.968573092532882,0.983973552679344,-3.47728941713551,2.56969304863068,2.96536771835949,0.213400600568117,16.7566292925813,0.441,0.0556,0.1326,0.2549,0.25205,0.461075,1,2.69864603150907,0.713493071021328,0.85430681737434,1.06954203545157,5958.87558794022
"Fixed mixed-signal covariate-driven SAR design, lambda = 2",64,"full_pu_poe_mu0","PU-PoE mu=0",0.950297339593114,0.851079812206573,7,0.466666666666667,0.822222222222222,0.161369356020595,2.23101442319764,0.0442083438819615,0.721951141853923,0.985,0.6,0.3,4.6,0.15,0.6,0.995,0.866666666666667,0.765,6.19999999999999,0.565,0.866666666666667,0.131312800734215,0.0821722126250602,0.0398097227861098,0.116180401651339,0.240328545793482,0.0200129527799968,0.330560066097282,0.992157976541758,0.997574558949136,0.951795678665314,0.999992023329855,0.996,0.976,0.7825,0.957158984952854,0.979687797028603,-3.35971425327406,2.48507026285573,2.9667788561431,0.2097334556683,17.8979368790219,0.4166,0.06,0.1444,0.2529,0.240775,0.4544,1,2.65040719178819,0.715549605486642,0.862995676742417,1.06654139177804,5974.99385881424
"Fixed mixed-signal covariate-driven SAR design, lambda = 2",65,"full_pu_poe_mu0","PU-PoE mu=0",0.874303599374022,0.623849765258216,1,0.0666666666666667,0.688888888888889,0.200309486125964,3.33729374929145,0.0493585652554136,0.898068693649795,0.9675,0.133333333333333,0.4775,8.8,0.1525,0.133333333333333,0.9875,0.666666666666667,1.0375,14,0.5375,0.666666666666667,0.118566869722442,0.0742355604986385,0.0347046675063605,0.105763638575885,0.22146212905761,0.0167269017607185,0.295815535751219,0.989110140914651,0.995306766845332,0.940336386428876,0.999940851879905,0.996,0.9605,0.688,0.951302644105873,0.974263813571834,-3.40352143362382,2.56426492166581,3.67619022904129,0.205989751719382,12.4414839906298,0.4006,0.0516,0.1562,0.2478,0.2542,0.4423,1,2.63088673251935,0.711331860161306,0.874622030164398,0.943444430752836,5750.39612984657
"Fixed mixed-signal covariate-driven SAR design, lambda = 2",66,"full_pu_poe_mu0","PU-PoE mu=0",0.936525821596244,0.809765258215962,5,0.333333333333333,0.777777777777778,0.168896365830553,2.41302748774343,0.0455029899128223,0.748755687186953,0.9775,0.4,0.36,6.4,0.135,0.4,0.995,0.866666666666667,0.7675,6.19999999999999,0.5675,0.866666666666667,0.129435345723159,0.0787268558375204,0.0391984160908113,0.115350738557035,0.240206493875788,0.0186973557713764,0.320023805385562,0.991264697468936,0.997503707564698,0.943460780249215,0.999983164183058,0.994,0.964,0.772,0.954529431941043,0.977965594992379,-3.13474950351219,2.6090229164897,3.18288835536594,0.217075399751721,14.3990164262485,0.4282,0.0562,0.1592,0.248,0.251175,0.443925,1,2.65777187252167,0.714841079101698,0.870789863408813,1.01321441470319,5893.0203769207
"Fixed mixed-signal covariate-driven SAR design, lambda = 2",67,"full_pu_poe_mu0","PU-PoE mu=0",0.939655712050078,0.823286384976526,4,0.266666666666667,0.733333333333333,0.180130397605176,2.38757492219836,0.0497186002477535,0.775061224974497,0.9775,0.4,0.415,6.4,0.19,0.4,1,1,0.6025,1,0.6025,1,0.145238477382208,0.0869581311867957,0.0462059372802287,0.130534913767301,0.267018157925982,0.0199617502900688,0.353279599554268,0.979446583951555,0.989932885779214,0.899501641396304,0.99997070220003,0.974,0.884,0.4985,0.917160945491122,0.953548626958458,-3.34314666572123,2.64448012841277,3.04492314627431,0.215023699965316,13.9449410247734,0.4042,0.0574,0.1458,0.2585,0.258475,0.443125,1,2.63351570316504,0.71455625304226,0.860067064605842,1.01042787115173,5946.8608109951
"Fixed mixed-signal covariate-driven SAR design, lambda = 2",68,"full_pu_poe_mu0","PU-PoE mu=0",0.930829420970266,0.793990610328638,3,0.2,0.733333333333333,0.180479263929798,2.62784260238417,0.0491130938205299,0.825430274239078,0.975,0.333333333333333,0.4025,7,0.1525,0.333333333333333,0.9975,0.933333333333333,0.6875,3.6,0.5875,0.933333333333333,0.118831130410585,0.0778435513705974,0.0340213546133651,0.102630938498682,0.223574997927939,0.0158233118951089,0.322073547427391,0.98907660018148,0.996493156380882,0.931112429111151,0.999983456543239,0.9885,0.955,0.713,0.949876200181063,0.974036705272477,-3.3286222364811,2.56998293849496,3.33063849750116,0.215123248750083,12.0347023895602,0.4136,0.0526,0.1738,0.2534,0.24705,0.448425,1,2.64115671759909,0.710726786861186,0.885144363811177,1.02435816260418,5774.84497404099
"Fixed mixed-signal covariate-driven SAR design, lambda = 2",69,"full_pu_poe_mu0","PU-PoE mu=0",0.870547730829421,0.613333333333333,2,0.133333333333333,0.711111111111111,0.19596259091909,3.26010596507682,0.0484309087359174,0.886985679291458,0.97,0.2,0.445,8.2,0.145,0.2,0.99,0.733333333333333,0.9375,11.4,0.5375,0.733333333333333,0.117288279106602,0.0719934260085757,0.0357587721232023,0.104400322835943,0.215569683715059,0.0151136250511172,0.290641529087224,0.993568411466781,0.998435284414984,0.955348704364425,0.999998855909744,0.997,0.979,0.827,0.966659922348165,0.983426967459267,-3.30480567842386,2.50426679456961,3.55989409888125,0.211711009064319,11.4143760157703,0.4366,0.0516,0.159,0.2576,0.246775,0.44225,1,2.66746512397373,0.713975085416674,0.878993483993525,1.01482958755951,5846.00547194481
"Fixed mixed-signal covariate-driven SAR design, lambda = 2",70,"full_pu_poe_mu0","PU-PoE mu=0",0.940219092331768,0.835305164319249,6,0.4,0.8,0.182934375057263,2.17628890207688,0.0511212441244607,0.720068659300169,0.9825,0.6,0.3425,4.6,0.1675,0.6,0.9975,0.933333333333333,0.79,3.6,0.69,0.933333333333333,0.143387533402402,0.0870135186584538,0.0422796529347125,0.127692548693314,0.265903873582984,0.0208267141210144,0.353184345389437,0.970986006486557,0.984937215853853,0.856297828965381,0.999614692713156,0.9445,0.8205,0.401,0.900778315829402,0.942717695669794,-3.08617419894244,2.59152614542811,2.66893668916668,0.217918282001299,13.5022542098389,0.4154,0.0534,0.1696,0.2656,0.256275,0.44095,1,2.65485430312761,0.713561246403889,0.875176905554493,1.06106067244407,5932.78823709488
"Fixed mixed-signal covariate-driven SAR design, lambda = 2",71,"full_pu_poe_mu0","PU-PoE mu=0",0.874241001564945,0.622723004694836,1,0.0666666666666667,0.688888888888889,0.191217599385264,3.468884951876,0.0452908005589757,0.893300614529626,0.965,0.0666666666666667,0.46,9.4,0.11,0.0666666666666667,0.9825,0.533333333333333,1.15,19.2,0.45,0.533333333333333,0.10344452590222,0.0665196292436463,0.029996051941859,0.0911486861102875,0.192171345196222,0.0149237585578496,0.264492291896632,0.995557499416367,0.998401373632221,0.972828709894356,0.999972831149541,1,0.9965,0.884,0.974241822320909,0.98701765994144,-3.36431108656929,2.5215886965456,4.11642312030387,0.196028918632208,11.1261874583937,0.4404,0.0386,0.2338,0.2358,0.259925,0.455275,1,2.69009919683135,0.710376246453351,0.908734776740716,0.887772070505019,5540.39695215225
"Fixed mixed-signal covariate-driven SAR design, lambda = 2",72,"full_pu_poe_mu0","PU-PoE mu=0",0.922253521126761,0.774460093896714,2,0.133333333333333,0.688888888888889,0.189028556649458,2.63001911289635,0.0511908274881952,0.823674671895208,0.9775,0.4,0.4075,6.4,0.1825,0.4,0.9975,0.933333333333333,0.705,3.6,0.605,0.933333333333333,0.143774901848782,0.0855216217871235,0.0447717793118358,0.132420157115094,0.260692597521648,0.0209404173286982,0.341428321032504,0.981353800723708,0.990942302694728,0.899414097408355,0.999820165287435,0.974,0.9155,0.529,0.929169680707405,0.960381359462432,-3.37338998719876,2.5109313571523,2.95720831557328,0.206071314649878,14.1084471481768,0.4198,0.047,0.1648,0.2499,0.256925,0.42875,1,2.6866963122986,0.713304686332355,0.869529378423097,0.980959371598947,6026.78077912331
"Fixed mixed-signal covariate-driven SAR design, lambda = 2",73,"full_pu_poe_mu0","PU-PoE mu=0",0.872425665101721,0.618215962441315,0,0,0.666666666666667,0.201985932145095,3.41485874580686,0.0503174343421908,0.919992857839603,0.9625,0,0.5125,10,0.1375,0,0.9875,0.666666666666667,1.025,14,0.525,0.666666666666667,0.108743481325456,0.0706829327673647,0.0311725150289106,0.0953671912998016,0.207430793873082,0.0153879142082714,0.275066790576451,0.996773651939797,0.999730165737544,0.974721312295303,0.999999999984891,0.9985,0.9925,0.914,0.970905122209681,0.987218135465595,-3.40455984427545,2.61245812642425,3.46828473643913,0.211583052187558,13.2272412618336,0.4376,0.0568,0.153,0.247,0.246425,0.452775,1,2.68528451837128,0.715617068027249,0.860688631857849,1.02953968475394,5749.97256016731
"Fixed mixed-signal covariate-driven SAR design, lambda = 2",74,"full_pu_poe_mu0","PU-PoE mu=0",0.911048513302034,0.733145539906103,6,0.4,0.8,0.172280734073188,2.93864522595076,0.0423868337085604,0.793562087854368,0.9825,0.533333333333333,0.3175,5.2,0.1425,0.533333333333333,0.99,0.733333333333333,0.8275,11.4,0.4275,0.733333333333333,0.111037636273682,0.0692020209055382,0.0343515801711296,0.0986358463479046,0.205933713901584,0.0155510301260262,0.273003637305447,0.994936409163927,0.998799053271651,0.964884979775225,0.999995182663434,0.9985,0.986,0.87,0.976684348645607,0.988735538496504,-3.29058195057614,2.64702571916864,3.51600308225436,0.202676350061817,15.8285760040301,0.4276,0.0498,0.1552,0.2469,0.259225,0.46415,1,2.67389306164,0.711565535462777,0.872631800084455,0.987380653065109,5850.50036001205
"Fixed mixed-signal covariate-driven SAR design, lambda = 2",75,"full_pu_poe_mu0","PU-PoE mu=0",0.920500782472613,0.762253521126761,4,0.266666666666667,0.755555555555556,0.187858439429612,2.41386483723448,0.0506949967853052,0.758477158305813,0.9775,0.4,0.4275,6.4,0.2025,0.4,0.995,0.866666666666667,0.85,6.19999999999999,0.65,0.866666666666667,0.172976999136415,0.100813419308504,0.0562595993667683,0.158076234577073,0.314450319534904,0.0254152240238418,0.408596361089633,0.974021498198965,0.988312238484908,0.868222551502399,0.999884491948477,0.951,0.8375,0.4685,0.908050463205643,0.947361612862905,-3.41655201305925,2.44176115359388,2.69024788425021,0.216893491879202,14.8990517362978,0.4406,0.0604,0.151,0.25,0.257475,0.420025,1,2.71093309458997,0.714665064566959,0.866484126461247,0.972758008027275,6001.42257618904
"Fixed mixed-signal covariate-driven SAR design, lambda = 2",76,"full_pu_poe_mu0","PU-PoE mu=0",0.839561815336463,0.52169014084507,1,0.0666666666666667,0.688888888888889,0.213255071422311,3.59229618504732,0.0505496926213837,0.897334790915086,0.9675,0.133333333333333,0.4825,8.8,0.1575,0.133333333333333,0.9825,0.533333333333333,1.2375,19.2,0.5375,0.533333333333333,0.123277219442249,0.0760483303894644,0.0391667513187956,0.109080771135401,0.226150699911399,0.0185019476201406,0.303272362887967,0.993430020478441,0.997996100976508,0.956915187924007,0.999999895169237,0.998,0.981,0.8155,0.9600645975078,0.980644131386627,-3.29114190641708,2.62895867717977,3.79844095057482,0.205516690678903,11.3059624270135,0.4342,0.051,0.2008,0.2503,0.250475,0.448575,1,2.65706206530947,0.713004802835544,0.895507350025969,0.979285221981177,5706.40782809258
"Fixed mixed-signal covariate-driven SAR design, lambda = 2",77,"full_pu_poe_mu0","PU-PoE mu=0",0.943161189358372,0.833051643192488,6,0.4,0.777777777777778,0.175812703957449,2.23989234348976,0.0483033648795721,0.734624209628146,0.98,0.466666666666667,0.3625,5.8,0.1625,0.466666666666667,1,1,0.6625,1,0.6625,1,0.148616764064711,0.0885153483540757,0.0473878801973395,0.132752818998738,0.27428228127808,0.0220559907318487,0.352747097167562,0.97998402361854,0.990925740678371,0.889861641627056,0.99991087475941,0.972,0.8915,0.5305,0.92746059367686,0.960845067508219,-3.46904813870137,2.4513589234506,3.20536961648386,0.21141096630831,12.5701622345038,0.4274,0.056,0.1776,0.2546,0.242,0.4293,1,2.66716217806307,0.716776658187312,0.880292186183034,1.06104935377686,5906.60638284683
"Fixed mixed-signal covariate-driven SAR design, lambda = 2",78,"full_pu_poe_mu0","PU-PoE mu=0",0.916870109546166,0.750798122065728,5,0.333333333333333,0.777777777777778,0.173036571465744,2.61295376149062,0.0444300907467568,0.754335092903624,0.975,0.333333333333333,0.415,7,0.165,0.333333333333333,0.99,0.733333333333333,0.935,11.4,0.535,0.733333333333333,0.132724494689768,0.0785616378389186,0.0431076265276094,0.11856869302036,0.241746202827106,0.022735552671691,0.322008220778283,0.987816454659319,0.995742729169542,0.924483144143853,0.999960705458609,0.9885,0.9505,0.693,0.954361866766462,0.97599544070308,-3.3124944249021,2.66210832413746,3.33351212370512,0.219448478373402,14.8087736393647,0.4194,0.0584,0.145,0.2512,0.253125,0.446675,1,2.65416059105516,0.715120621196518,0.866040533193435,1.01038833822268,5945.84392809868
"Fixed mixed-signal covariate-driven SAR design, lambda = 2",79,"full_pu_poe_mu0","PU-PoE mu=0",0.879937402190923,0.64093896713615,2,0.133333333333333,0.711111111111111,0.193952862292756,3.16935991331124,0.0488197710135173,0.864186566987414,0.9675,0.133333333333333,0.4475,8.8,0.1225,0.133333333333333,0.9875,0.666666666666667,1.055,14,0.555,0.666666666666667,0.111042598141188,0.0711466541507333,0.0320113689140085,0.0980958519906535,0.208511377272059,0.0146304139024874,0.279535545526395,0.993002437357917,0.998140240731545,0.953552416541153,0.999994045173552,0.997,0.9785,0.8065,0.962507229426415,0.981781073252438,-3.14974285653661,2.53690188717921,3.38486787601226,0.204653318606086,13.5289158389064,0.4208,0.0544,0.1696,0.253,0.25565,0.44545,1,2.67333171642987,0.713998035711046,0.881050817238642,0.992909798079677,5774.72988915443
"Fixed mixed-signal covariate-driven SAR design, lambda = 2",80,"full_pu_poe_mu0","PU-PoE mu=0",0.913302034428795,0.740093896713615,4,0.266666666666667,0.755555555555556,0.177186628254431,2.70451887302201,0.0457301024666108,0.793703784958823,0.9725,0.266666666666667,0.42,7.6,0.145,0.266666666666667,0.9925,0.8,0.885,8.79999999999999,0.585,0.8,0.137360387743403,0.0804699252608816,0.0431581863924469,0.126617001393631,0.249800258823428,0.0201915850540643,0.326952494067237,0.990967870530637,0.997284827861452,0.940911385999361,0.999983851583997,0.995,0.968,0.749,0.960121515429165,0.979717435734694,-3.32885763435428,2.42208919357593,3.52251882014746,0.220864799434726,14.2180057927052,0.4166,0.0542,0.1732,0.2466,0.249025,0.448525,1,2.65310448619979,0.714416081723757,0.881089610752936,0.966888470808761,5776.12800908089
"Fixed mixed-signal covariate-driven SAR design, lambda = 2",81,"full_pu_poe_mu0","PU-PoE mu=0",0.858591549295775,0.576150234741784,1,0.0666666666666667,0.688888888888889,0.201232091832907,3.48707814197189,0.0484085626235535,0.910179770367414,0.965,0.0666666666666667,0.48,9.4,0.13,0.0666666666666667,0.985,0.6,1.1175,16.6,0.5175,0.6,0.109769346617804,0.071446282135479,0.0300741544556296,0.0942357136100554,0.20584072527573,0.0132595551934624,0.290049245988896,0.992231641677067,0.997294491247541,0.953648383571027,0.999970654786404,0.997,0.978,0.782,0.963954551286545,0.981713197220093,-3.55352889264816,2.4817644596508,3.7820226014635,0.205238295048101,12.0301028995254,0.4268,0.0474,0.1926,0.2484,0.24805,0.44675,1,2.68395362010228,0.711413771635347,0.890713922828605,0.973391206241762,5769.17308187485
"Fixed mixed-signal covariate-driven SAR design, lambda = 2",82,"full_pu_poe_mu0","PU-PoE mu=0",0.926823161189358,0.784976525821596,3,0.2,0.711111111111111,0.189985069502425,2.52794997048464,0.0527863932313133,0.80548672528061,0.98,0.466666666666667,0.36,5.8,0.16,0.466666666666667,0.9975,0.933333333333333,0.7375,3.6,0.6375,0.933333333333333,0.129848004019384,0.082048154389752,0.0380295845232914,0.114767182851536,0.245694267454865,0.0161703440813004,0.333651390069921,0.980337172193073,0.991718200925174,0.896878212379109,0.999907835765706,0.9715,0.896,0.5435,0.914548838366293,0.95400328332222,-3.23382443302001,2.65605169874687,2.74975689293354,0.212809930870919,15.1598050345412,0.4104,0.0506,0.1376,0.2647,0.248425,0.44335,1,2.65611275661772,0.712643325191744,0.855183036460927,1.10062231138887,5949.61313605309
"Fixed mixed-signal covariate-driven SAR design, lambda = 2",83,"full_pu_poe_mu0","PU-PoE mu=0",0.883693270735524,0.658028169014084,3,0.2,0.711111111111111,0.188393935654454,3.04190092833491,0.0469661187986568,0.84625957467594,0.9725,0.333333333333333,0.41,7,0.135,0.333333333333333,0.9875,0.666666666666667,1.035,14,0.535,0.666666666666667,0.118788464430475,0.0763609706350232,0.0336736758495975,0.102905512031604,0.224734968088423,0.0159549497736805,0.306664422389691,0.98862924830916,0.995197000607948,0.938350161726191,0.999894062675922,0.9915,0.9615,0.6855,0.956463216414414,0.975679282853913,-3.37701111652614,2.54760036971847,3.40949580869372,0.211772402883299,13.4714700068859,0.4282,0.0478,0.2132,0.2523,0.250425,0.445725,1,2.68937059457648,0.710175888415057,0.892605735860355,1.01178272037137,5771.37537503242
"Fixed mixed-signal covariate-driven SAR design, lambda = 2",84,"full_pu_poe_mu0","PU-PoE mu=0",0.902159624413146,0.706478873239437,3,0.2,0.733333333333333,0.182184898526449,3.02957950563214,0.0466427839712067,0.860882931114147,0.9725,0.266666666666667,0.395,7.6,0.12,0.266666666666667,0.99,0.733333333333333,0.93,11.4,0.53,0.733333333333333,0.106575964816408,0.0685578393189279,0.0306329418377978,0.0936898768089343,0.199229960010157,0.0126207566132439,0.277707822188234,0.996707713629916,0.999518223510175,0.974043539788408,0.999999310570891,1,0.989,0.92,0.977403476547944,0.990197344714862,-3.24218735533883,2.47842170637941,3.51074833741623,0.217973680272478,14.5765491697345,0.4208,0.0532,0.171,0.2504,0.2483,0.446675,1,2.66390239788239,0.713605634458637,0.873205145121429,0.990641992538853,5879.20780277252
"Fixed mixed-signal covariate-driven SAR design, lambda = 2",85,"full_pu_poe_mu0","PU-PoE mu=0",0.897589984350548,0.694460093896714,2,0.133333333333333,0.711111111111111,0.188751739949184,3.07767332428613,0.0487801427017042,0.878651817492768,0.9725,0.266666666666667,0.4175,7.6,0.1425,0.266666666666667,0.9875,0.666666666666667,1.0225,14,0.5225,0.666666666666667,0.115890166336771,0.0725568708255858,0.0345624856212166,0.104390918801653,0.213512320760064,0.0142948451211055,0.286731204188987,0.99337676450836,0.998034232316604,0.957241700691622,0.999989269532922,0.9975,0.9805,0.815,0.970056328239572,0.985118691741392,-3.38597858734039,2.44775649838472,3.17433664742838,0.208977304413579,16.0923064748265,0.412,0.058,0.16,0.2548,0.244075,0.464375,1,2.64823251083341,0.71718597626414,0.868781345753089,1.03600641286889,5945.95861697197
"Fixed mixed-signal covariate-driven SAR design, lambda = 2",86,"full_pu_poe_mu0","PU-PoE mu=0",0.939467918622848,0.818403755868545,4,0.266666666666667,0.755555555555556,0.172008188953891,2.39729586289064,0.0463505184579435,0.753866621447228,0.9725,0.266666666666667,0.4125,7.6,0.1375,0.266666666666667,0.9975,0.933333333333333,0.7325,3.6,0.6325,0.933333333333333,0.135373040997218,0.0809440057731156,0.0429839974287877,0.12263252076314,0.245023842816979,0.0167956500952699,0.322025429659717,0.985336346642951,0.994220426951449,0.914686731425776,0.999946773808873,0.986,0.9315,0.622,0.942047690548668,0.969426906000173,-3.27048456611923,2.52093660933242,2.94208681758863,0.223598926871794,15.607772864961,0.4148,0.055,0.1448,0.2462,0.244,0.44315,1,2.65892414434286,0.715028067747246,0.854809852552963,1.02805553895398,5951.80576491356
"Fixed mixed-signal covariate-driven SAR design, lambda = 2",87,"full_pu_poe_mu0","PU-PoE mu=0",0.888262910798122,0.671924882629108,4,0.266666666666667,0.733333333333333,0.195471752550567,3.11690465168019,0.0500999958508,0.872627592173975,0.9725,0.333333333333333,0.4425,7,0.1675,0.333333333333333,0.9875,0.666666666666667,1.0175,14,0.5175,0.666666666666667,0.110244741026443,0.0718200746344438,0.0311517360796933,0.0949348063639913,0.21194048821392,0.0145506514679728,0.287368850621352,0.993022343413713,0.997443790566108,0.959217465031916,0.999972462783476,0.998,0.983,0.8035,0.965001274031994,0.982271951495189,-3.26876441807618,2.634085629855,3.65703476871308,0.208961093245333,11.5834768602965,0.4194,0.0524,0.1942,0.2523,0.2359,0.45675,1,2.66387303620506,0.71432481829977,0.885645985698435,1.10223563861735,5885.97092914581
"Fixed mixed-signal covariate-driven SAR design, lambda = 2",88,"full_pu_poe_mu0","PU-PoE mu=0",0.928763693270735,0.786854460093897,2,0.133333333333333,0.711111111111111,0.1757563131236,2.69609757606282,0.0466591167368437,0.817950274171475,0.975,0.333333333333333,0.4,7,0.15,0.333333333333333,0.995,0.866666666666667,0.7325,6.19999999999999,0.5325,0.866666666666667,0.114834647317123,0.0731049341481688,0.032386417109295,0.100656123849782,0.215432709816546,0.0144809166292606,0.291111874989837,0.989061093098519,0.995948093748969,0.936892365981895,0.99997434689666,0.993,0.9565,0.6945,0.951272674278806,0.97393635435158,-3.35660506365967,2.83068649200713,3.17491753581305,0.2114653284556,16.8570621297929,0.4418,0.0526,0.125,0.2513,0.259475,0.45055,1,2.67792789517542,0.712459986960599,0.857153641678783,1.01643083128635,5916.11661815643
"Fixed mixed-signal covariate-driven SAR design, lambda = 2",89,"full_pu_poe_mu0","PU-PoE mu=0",0.895336463223787,0.696150234741784,4,0.266666666666667,0.733333333333333,0.193657870314792,2.70794827831696,0.050573942269555,0.797508580759234,0.9725,0.333333333333333,0.435,7,0.16,0.333333333333333,0.9925,0.8,0.9,8.79999999999999,0.6,0.8,0.143850981011838,0.0849458635695654,0.04444034287125,0.131523860100842,0.260127192231566,0.0215170844356949,0.335561852283264,0.982133371180242,0.992770391890077,0.905528639681689,0.999912996334996,0.977,0.91,0.571,0.937823398148818,0.965988082819373,-3.40519589546644,2.5265165470928,3.3030694384238,0.208197641689371,11.4001258868454,0.4262,0.0494,0.2154,0.2495,0.25505,0.437775,1,2.69067779487201,0.711375061873368,0.901115393165556,1.01495659712586,5861.84163713455
"Fixed mixed-signal covariate-driven SAR design, lambda = 2",90,"full_pu_poe_mu0","PU-PoE mu=0",0.925696400625978,0.778215962441315,4,0.266666666666667,0.755555555555556,0.185075229813293,2.40034390678386,0.0506649777224612,0.760330793802954,0.98,0.466666666666667,0.3875,5.8,0.1875,0.466666666666667,0.995,0.866666666666667,0.87,6.19999999999999,0.67,0.866666666666667,0.146112306573652,0.0889326930742013,0.0435069873074367,0.130178536371685,0.266865200069291,0.0187754295404743,0.357648019810682,0.978789747886201,0.990492866954759,0.883405066264486,0.999902029906064,0.967,0.8885,0.512,0.911622972110489,0.950328153407413,-3.34483597365678,2.59008774683989,3.01317888577722,0.209674530692218,14.2196788994211,0.4256,0.0526,0.145,0.2528,0.259525,0.440325,1,2.67888572378971,0.714300383360587,0.865903483924827,0.990804415515794,5809.94968819618
"Fixed mixed-signal covariate-driven SAR design, lambda = 2",91,"full_pu_poe_mu0","PU-PoE mu=0",0.864788732394366,0.595117370892019,1,0.0666666666666667,0.688888888888889,0.201015064762297,3.29947134507283,0.0494673562982784,0.893896033615474,0.965,0.0666666666666667,0.4825,9.4,0.1325,0.0666666666666667,0.985,0.6,1.165,16.6,0.565,0.6,0.125201562231099,0.0787984436015724,0.0379723117891002,0.111287214719564,0.231297697843236,0.0185653424383198,0.312653629806497,0.987903807413352,0.995654492803188,0.924571912367661,0.999956942261145,0.9895,0.9505,0.682,0.951404543622864,0.974882776783323,-3.37436685022912,2.42576676720815,3.5569253255159,0.199732476378254,11.0722029469043,0.4096,0.05,0.1854,0.2441,0.25675,0.44015,1,2.64570104309937,0.710897852202807,0.871584655835049,0.921386756846719,5715.44341802597
"Fixed mixed-signal covariate-driven SAR design, lambda = 2",92,"full_pu_poe_mu0","PU-PoE mu=0",0.914491392801252,0.747981220657277,4,0.266666666666667,0.733333333333333,0.185650164535126,2.55916696889319,0.0497034690222468,0.795056783025359,0.985,0.6,0.3125,4.6,0.1625,0.6,0.9925,0.8,0.95,8.79999999999999,0.65,0.8,0.131415551613228,0.0789057640121833,0.0406727381025288,0.117590134897457,0.24619410843935,0.019371683820167,0.315818745349742,0.981516103099075,0.990785082358228,0.905215342028233,0.999877105295584,0.9785,0.908,0.521,0.923872665824191,0.956938371501218,-3.5715946969552,2.44084106812003,3.01723199002323,0.208535347398964,13.5660183381983,0.41,0.0518,0.1784,0.2556,0.249725,0.435125,1,2.64109685357506,0.713526039413229,0.883967910576189,1.00973727315516,5925.0242869854
"Fixed mixed-signal covariate-driven SAR design, lambda = 2",93,"full_pu_poe_mu0","PU-PoE mu=0",0.93358372456964,0.80131455399061,4,0.266666666666667,0.755555555555556,0.189196285121574,2.18384532400213,0.0526332762476844,0.725393935655944,0.985,0.6,0.3675,4.6,0.2175,0.6,1,1,0.745,1,0.745,1,0.175704755248633,0.100098489965607,0.0586075199858577,0.15994177845594,0.313207349331964,0.0288035873263837,0.403659677733811,0.969521074755854,0.9858166689723,0.850163670235509,0.999816470237591,0.9325,0.7985,0.415,0.889903930442263,0.937421579227211,-3.42450931516621,2.62350933504382,2.8921215225259,0.217606763271584,12.9125341773645,0.4162,0.058,0.1498,0.2658,0.244725,0.433,1,2.65681548823521,0.716150525248517,0.8702302777924,1.09929666850066,5883.51585698128
"Fixed mixed-signal covariate-driven SAR design, lambda = 2",94,"full_pu_poe_mu0","PU-PoE mu=0",0.833114241001565,0.499718309859155,2,0.133333333333333,0.711111111111111,0.211496771281248,3.90118257284109,0.0470812465001431,0.899110897243162,0.9675,0.133333333333333,0.455,8.8,0.13,0.133333333333333,0.98,0.466666666666667,1.23,21.8,0.43,0.466666666666667,0.0999984723786315,0.0643230326137838,0.0294298213182856,0.0882932558121535,0.184528848569769,0.0117366429154168,0.247217524492662,0.994690451530114,0.99814597415609,0.96748468908094,0.999977800344743,0.999,0.991,0.862,0.972832909203173,0.986387131650501,-3.16871391277699,2.64173880134331,3.9127734196577,0.20945822651454,11.4495558347286,0.4502,0.0438,0.1872,0.2385,0.2623,0.45185,1,2.72270101665396,0.710032016758911,0.880934245147146,0.912004651888588,5601.03972506523
"Fixed mixed-signal covariate-driven SAR design, lambda = 2",95,"full_pu_poe_mu0","PU-PoE mu=0",0.904225352112676,0.714366197183099,2,0.133333333333333,0.711111111111111,0.184905884177972,3.12424045225685,0.0471847623489988,0.888047939482362,0.9675,0.133333333333333,0.4425,8.8,0.1175,0.133333333333333,0.9875,0.666666666666667,1.0025,14,0.5025,0.666666666666667,0.106734433785425,0.0682503691808196,0.0323328948502448,0.0920009274116337,0.202151639542865,0.0148071175048715,0.27373837855345,0.994114196623141,0.998185759673167,0.96304809498512,0.999973196505478,0.999,0.9845,0.84,0.97262812614126,0.986340217069145,-3.36404341491789,2.50051171913036,3.70711090561432,0.211188359934447,12.3284388589855,0.4274,0.0552,0.1726,0.2513,0.2515,0.4613,1,2.65534132613318,0.715267628578463,0.880243999678156,1.0009501992815,5813.72948002815
"Fixed mixed-signal covariate-driven SAR design, lambda = 2",96,"full_pu_poe_mu0","PU-PoE mu=0",0.936525821596244,0.812957746478873,7,0.466666666666667,0.8,0.17989622902951,2.35193547577508,0.0496996283578369,0.76050849998266,0.9825,0.533333333333333,0.33,5.2,0.155,0.533333333333333,0.9975,0.933333333333333,0.7275,3.6,0.6275,0.933333333333333,0.136295960251914,0.0843479599142613,0.0418478219420559,0.123613353102592,0.251526434991229,0.0195568232861174,0.336554111880836,0.977955085157227,0.98926822041551,0.883514939581839,0.999824124128315,0.9635,0.8835,0.48,0.919907592726988,0.956166585822162,-3.36789364739581,2.57494433626592,2.77220349803647,0.211965570836277,15.7296294454739,0.43,0.0558,0.1484,0.2511,0.261575,0.439225,1,2.66318550398393,0.714736281936161,0.864790529425944,1.02204037249532,5922.72892093658
"Fixed mixed-signal covariate-driven SAR design, lambda = 2",97,"full_pu_poe_mu0","PU-PoE mu=0",0.903599374021909,0.710798122065728,5,0.333333333333333,0.777777777777778,0.182663694109941,2.6694397729087,0.0476080032495163,0.793486928599774,0.98,0.466666666666667,0.3575,5.8,0.1575,0.466666666666667,0.9925,0.8,0.9125,8.79999999999999,0.6125,0.8,0.13732683196916,0.084979573494918,0.0421134743997619,0.121623263735555,0.255572378599781,0.0199820936148397,0.338001405211006,0.984700492926737,0.994875702682251,0.906395242361015,0.999951549892019,0.98,0.9205,0.64,0.939935040675862,0.968937608979948,-3.2044658171014,2.41642435542891,3.32167469214541,0.219463477602082,13.9373450522115,0.404,0.0564,0.1572,0.2491,0.2489,0.4328,1,2.63281536853401,0.714026694841699,0.875767203723118,0.977692542742335,5905.03237009048
"Fixed mixed-signal covariate-driven SAR design, lambda = 2",98,"full_pu_poe_mu0","PU-PoE mu=0",0.894272300469484,0.688638497652582,4,0.266666666666667,0.733333333333333,0.194816797398303,2.79450012561798,0.0516536517949694,0.817042084201883,0.975,0.333333333333333,0.41,7,0.16,0.333333333333333,0.9875,0.666666666666667,1.095,14,0.595,0.666666666666667,0.138246947721282,0.0848341153958654,0.0389602506340208,0.126042880935977,0.252918061714186,0.0183556391757267,0.337381933142457,0.992066411017965,0.997918230256428,0.947252468634998,0.999989926922197,0.992,0.972,0.7885,0.949035999711738,0.975244542151611,-3.43852181943616,2.54110931417481,3.18159468561521,0.205220145608052,11.6532335336778,0.4262,0.0546,0.1758,0.2606,0.24735,0.4482,1,2.68151419573316,0.713273831922623,0.887288361820917,1.08551642375557,5868.30416512489
"Fixed mixed-signal covariate-driven SAR design, lambda = 2",99,"full_pu_poe_mu0","PU-PoE mu=0",0.894084507042254,0.683004694835681,4,0.266666666666667,0.755555555555556,0.184368604939168,3.30289330762239,0.0446039292431842,0.8570412981702,0.9725,0.266666666666667,0.3825,7.6,0.1075,0.266666666666667,0.9875,0.666666666666667,0.915,14,0.415,0.666666666666667,0.10254639115481,0.0667573982410951,0.0285703168737083,0.0901690284771059,0.193938826132307,0.0135535040599626,0.269597502590645,0.997089069404745,0.999325003542412,0.979642666026438,0.999996687844973,1,0.9975,0.9275,0.984663549448297,0.992797649545143,-3.26993448647842,2.647009363263,3.86833509472259,0.205823913814574,11.4390747312462,0.4486,0.053,0.1826,0.2527,0.247575,0.473325,1,2.70748409008905,0.712579286808775,0.878928599170491,1.04149447832519,5688.98849105835
"Fixed mixed-signal covariate-driven SAR design, lambda = 2",100,"full_pu_poe_mu0","PU-PoE mu=0",0.840813771517997,0.522441314553991,2,0.133333333333333,0.711111111111111,0.20251200029431,3.79300228817413,0.045264086902444,0.899071001929055,0.9675,0.133333333333333,0.4475,8.8,0.1225,0.133333333333333,0.98,0.466666666666667,1.2575,21.8,0.4575,0.466666666666667,0.0990197649286317,0.0647480568682057,0.0270900062255982,0.0863856590815539,0.187904487632471,0.0133098170559225,0.253835138422711,0.995445528214025,0.998593225811496,0.973195642557198,0.999986507021806,0.999,0.9915,0.88,0.977027356803763,0.988669280192968,-3.33169738132668,2.60453184846538,3.91141394858624,0.20527492847394,13.0536520566759,0.4338,0.0468,0.1818,0.2481,0.250625,0.464625,1,2.67633861409194,0.710185743598338,0.885375020968974,0.9658608030081,5708.49835181236
