"expert","parameter","n_rep","mean","sd","mc_se","q025","median","q975"
"cov","log_ell_mean_unrounded",100,0.942845930356294,0.00374543060826622,0.000374543060826622,0.935735513263874,0.942401810819722,0.949511849617686
"cov","log_ell_sd_unrounded",100,0.178060591830108,0.000734907834152651,7.34907834152651e-05,0.176682751444362,0.178099703395621,0.179282243738812
"cov","log_sig_mean_unrounded",100,0.346573590279973,0,0,0.346573590279973,0.346573590279973,0.346573590279973
"cov","log_sig_sd_unrounded",100,0.353653019151067,0,0,0.353653019151067,0.353653019151067,0.353653019151067
"cov","log_ell_mean_active",100,0.9423,0.00468287229478799,0.000468287229478799,0.94,0.94,0.95
"cov","log_ell_sd_active",100,0.18,0,0,0.18,0.18,0.18
"cov","log_sig_mean_active",100,0.35,0,0,0.35,0.35,0.35
"cov","log_sig_sd_active",100,0.35,0,0,0.35,0.35,0.35
"cov","ell_median",100,2.56729515135726,0.0096157483045367,0.00096157483045367,2.54908766220477,2.56613740103429,2.5844477616894
"cov","sigma_raw_median",100,1.4142135623731,0,0,1.4142135623731,1.4142135623731,1.4142135623731
"cov","prior_calibration_runtime_sec",100,0.365205566883087,0.0644956694516749,0.00644956694516749,0.262618029117584,0.365311503410339,0.492908853292465
"network","log_ell_mean_unrounded",100,-1.55285383417571,0.0214269320003254,0.00214269320003254,-1.59853390280886,-1.55052582737646,-1.51861464892782
"network","log_ell_sd_unrounded",100,0.103877258391631,0.00254008162533031,0.000254008162533031,0.100225165737688,0.10357568230477,0.109317146924316
"network","log_sig_mean_unrounded",100,2.61105195884988,0.0213717653929666,0.00213717653929666,2.56417681780888,2.61680465821402,2.63661675636188
"network","log_sig_sd_unrounded",100,0.353653019151067,3.9053564309191e-17,3.9053564309191e-18,0.353653019151067,0.353653019151067,0.353653019151067
"network","log_ell_mean_active",100,-1.5528,0.0216995089084681,0.00216995089084681,-1.6,-1.55,-1.52
"network","log_ell_sd_active",100,0.1031,0.00464823198711732,0.000464823198711731,0.1,0.1,0.11
"network","log_sig_mean_active",100,2.6109,0.0215601109421632,0.00215601109421632,2.56475,2.62,2.64
"network","log_sig_sd_active",100,0.35,0,0,0.35,0.35,0.35
"network","ell_median",100,0.211691022431408,0.0045084840124411,0.00045084840124411,0.202193685733759,0.212136397438824,0.219015090442941
"network","sigma_raw_median",100,13.6164055498266,0.285877843947705,0.0285877843947705,12.9900155770849,13.6919193302242,13.965874194823
"network","prior_calibration_runtime_sec",100,0.365205566883087,0.0644956694516749,0.00644956694516749,0.262618029117584,0.365311503410339,0.492908853292465
