"scenario","replicate","geometry_source","covariate_seed","sar_seed","lambda_SAR","n","n_covariates","n_true_zero","n_true_positive","n_observed_positive","n_hidden_positive","hidden_covariates_only","hidden_network_only","hidden_both","mean_oracle_score_hidden","mean_oracle_score_observed","observed_minus_hidden_score","n_covariate_signal","n_network_signal","n_both_signal","prior_calibration_runtime_sec","tau_scale_cov"
"Fixed mixed-signal covariate-driven SAR design, lambda = 2",1,"regenerated_from_competing_SAR_seeds",20361729,20611789,2,400,10,355,45,30,15,1,10,4,-7.80760656119268,7.2749096622154,15.0825162234081,30,30,15,0.216655015945435,0.83
"Fixed mixed-signal covariate-driven SAR design, lambda = 2",2,"regenerated_from_competing_SAR_seeds",20362729,20612789,2,400,10,355,45,30,15,1,12,2,-9.19730319608033,8.5930726703272,17.7903758664075,30,30,15,0.230926990509033,0.83
"Fixed mixed-signal covariate-driven SAR design, lambda = 2",3,"regenerated_from_competing_SAR_seeds",20363729,20613789,2,400,10,355,45,30,15,1,13,1,-6.90958025661209,8.33984245440658,15.2494227110187,30,30,15,0.236840963363647,0.83
"Fixed mixed-signal covariate-driven SAR design, lambda = 2",4,"regenerated_from_competing_SAR_seeds",20364729,20614789,2,400,10,355,45,30,15,6,9,0,-5.23595618820189,7.98250059972846,13.2184567879304,30,30,15,0.232614040374756,0.83
"Fixed mixed-signal covariate-driven SAR design, lambda = 2",5,"regenerated_from_competing_SAR_seeds",20365729,20615789,2,400,10,355,45,30,15,4,11,0,-10.5485274518122,7.78927298312449,18.3378004349366,30,30,15,0.236821889877319,0.83
"Fixed mixed-signal covariate-driven SAR design, lambda = 2",6,"regenerated_from_competing_SAR_seeds",20366729,20616789,2,400,10,355,45,30,15,2,11,2,-7.53010624306711,6.83060716777722,14.3607134108443,30,30,15,0.236648082733154,0.83
"Fixed mixed-signal covariate-driven SAR design, lambda = 2",7,"regenerated_from_competing_SAR_seeds",20367729,20617789,2,400,10,355,45,30,15,3,10,2,-10.8549918050032,8.21353326351825,19.0685250685215,30,30,15,0.235903978347778,0.83
"Fixed mixed-signal covariate-driven SAR design, lambda = 2",8,"regenerated_from_competing_SAR_seeds",20368729,20618789,2,400,10,355,45,30,15,0,12,3,-11.8896016006608,6.66724765627757,18.5568492569384,30,30,15,0.233956813812256,0.83
"Fixed mixed-signal covariate-driven SAR design, lambda = 2",9,"regenerated_from_competing_SAR_seeds",20369729,20619789,2,400,10,355,45,30,15,3,11,1,-6.42464326505972,8.16473655004029,14.5893798151,30,30,15,0.411275863647461,0.83
"Fixed mixed-signal covariate-driven SAR design, lambda = 2",10,"regenerated_from_competing_SAR_seeds",20370729,20620789,2,400,10,355,45,30,15,3,11,1,-8.62234527309723,7.86389011982155,16.4862353929188,30,30,15,0.302228212356567,0.83
"Fixed mixed-signal covariate-driven SAR design, lambda = 2",11,"regenerated_from_competing_SAR_seeds",20371729,20621789,2,400,10,355,45,30,15,1,11,3,-8.83196949568077,7.85171509587596,16.6836845915567,30,30,15,0.245273113250732,0.83
"Fixed mixed-signal covariate-driven SAR design, lambda = 2",12,"regenerated_from_competing_SAR_seeds",20372729,20622789,2,400,10,355,45,30,15,3,12,0,-6.24146338825646,9.92879057301846,16.1702539612749,30,30,15,0.310689926147461,0.83
"Fixed mixed-signal covariate-driven SAR design, lambda = 2",13,"regenerated_from_competing_SAR_seeds",20373729,20623789,2,400,10,355,45,30,15,1,12,2,-9.53688187051131,7.8597654202945,17.3966472908058,30,30,15,0.444437026977539,0.83
"Fixed mixed-signal covariate-driven SAR design, lambda = 2",14,"regenerated_from_competing_SAR_seeds",20374729,20624789,2,400,10,355,45,30,15,0,14,1,-8.75937817707932,8.78127338335555,17.5406515604349,30,30,15,0.318835973739624,0.83
"Fixed mixed-signal covariate-driven SAR design, lambda = 2",15,"regenerated_from_competing_SAR_seeds",20375729,20625789,2,400,10,355,45,30,15,3,11,1,-13.9864849214232,7.89095406865469,21.8774389900779,30,30,15,0.327789068222046,0.83
"Fixed mixed-signal covariate-driven SAR design, lambda = 2",16,"regenerated_from_competing_SAR_seeds",20376729,20626789,2,400,10,355,45,30,15,3,10,2,-11.3969638585615,5.88288693624276,17.2798507948043,30,30,15,0.461164951324463,0.83
"Fixed mixed-signal covariate-driven SAR design, lambda = 2",17,"regenerated_from_competing_SAR_seeds",20377729,20627789,2,400,10,355,45,30,15,2,10,3,-11.5275613300508,8.83670741092356,20.3642687409744,30,30,15,0.295546054840088,0.83
"Fixed mixed-signal covariate-driven SAR design, lambda = 2",18,"regenerated_from_competing_SAR_seeds",20378729,20628789,2,400,10,355,45,30,15,1,12,2,-11.417488526221,8.13476452764583,19.5522530538669,30,30,15,0.270385980606079,0.83
"Fixed mixed-signal covariate-driven SAR design, lambda = 2",19,"regenerated_from_competing_SAR_seeds",20379729,20629789,2,400,10,355,45,30,15,1,11,3,-13.9749517454296,8.74981276693261,22.7247645123622,30,30,15,0.252002000808716,0.83
"Fixed mixed-signal covariate-driven SAR design, lambda = 2",20,"regenerated_from_competing_SAR_seeds",20380729,20630789,2,400,10,355,45,30,15,3,10,2,-11.8394127261072,8.96378346141164,20.8031961875188,30,30,15,0.320122003555298,0.83
"Fixed mixed-signal covariate-driven SAR design, lambda = 2",21,"regenerated_from_competing_SAR_seeds",20381729,20631789,2,400,10,355,45,30,15,1,11,3,-12.0167066464916,9.68380740970488,21.7005140561965,30,30,15,0.313278198242188,0.83
"Fixed mixed-signal covariate-driven SAR design, lambda = 2",22,"regenerated_from_competing_SAR_seeds",20382729,20632789,2,400,10,355,45,30,15,3,11,1,-7.72165720605913,7.29948394534883,15.021141151408,30,30,15,0.39948296546936,0.83
"Fixed mixed-signal covariate-driven SAR design, lambda = 2",23,"regenerated_from_competing_SAR_seeds",20383729,20633789,2,400,10,355,45,30,15,0,12,3,-9.55985246559525,6.32884399446136,15.8886964600566,30,30,15,0.272727966308594,0.83
"Fixed mixed-signal covariate-driven SAR design, lambda = 2",24,"regenerated_from_competing_SAR_seeds",20384729,20634789,2,400,10,355,45,30,15,4,11,0,-11.332759783403,6.19309674373771,17.5258565271407,30,30,15,0.241300821304321,0.83
"Fixed mixed-signal covariate-driven SAR design, lambda = 2",25,"regenerated_from_competing_SAR_seeds",20385729,20635789,2,400,10,355,45,30,15,1,11,3,-7.11995333761315,10.1132101796308,17.2331635172439,30,30,15,0.230353116989136,0.83
"Fixed mixed-signal covariate-driven SAR design, lambda = 2",26,"regenerated_from_competing_SAR_seeds",20386729,20636789,2,400,10,355,45,30,15,2,12,1,-11.9863944652414,8.34325495176755,20.3296494170089,30,30,15,0.352741956710815,0.83
"Fixed mixed-signal covariate-driven SAR design, lambda = 2",27,"regenerated_from_competing_SAR_seeds",20387729,20637789,2,400,10,355,45,30,15,2,11,2,-14.9680082061174,10.558373048338,25.5263812544554,30,30,15,0.331658124923706,0.83
"Fixed mixed-signal covariate-driven SAR design, lambda = 2",28,"regenerated_from_competing_SAR_seeds",20388729,20638789,2,400,10,355,45,30,15,1,14,0,-12.4304587496827,10.0829579944712,22.5134167441539,30,30,15,0.409193992614746,0.83
"Fixed mixed-signal covariate-driven SAR design, lambda = 2",29,"regenerated_from_competing_SAR_seeds",20389729,20639789,2,400,10,355,45,30,15,5,9,1,-6.82445015619693,8.15359097894586,14.9780411351428,30,30,15,0.319149017333984,0.83
"Fixed mixed-signal covariate-driven SAR design, lambda = 2",30,"regenerated_from_competing_SAR_seeds",20390729,20640789,2,400,10,355,45,30,15,4,11,0,-6.20691650754795,8.6652796881416,14.8721961956895,30,30,15,0.449425935745239,0.83
"Fixed mixed-signal covariate-driven SAR design, lambda = 2",31,"regenerated_from_competing_SAR_seeds",20391729,20641789,2,400,10,355,45,30,15,3,12,0,-6.48853032277519,8.62164879069843,15.1101791134736,30,30,15,0.242610931396484,0.83
"Fixed mixed-signal covariate-driven SAR design, lambda = 2",32,"regenerated_from_competing_SAR_seeds",20392729,20642789,2,400,10,355,45,30,15,2,10,3,-8.47237216922977,9.38217727413066,17.8545494433604,30,30,15,0.307126045227051,0.83
"Fixed mixed-signal covariate-driven SAR design, lambda = 2",33,"regenerated_from_competing_SAR_seeds",20393729,20643789,2,400,10,355,45,30,15,3,11,1,-7.14891540811582,6.85919402687324,14.0081094349891,30,30,15,0.319892883300781,0.83
"Fixed mixed-signal covariate-driven SAR design, lambda = 2",34,"regenerated_from_competing_SAR_seeds",20394729,20644789,2,400,10,355,45,30,15,1,13,1,-9.31168355635841,9.67816435961893,18.9898479159773,30,30,15,0.337929010391235,0.83
"Fixed mixed-signal covariate-driven SAR design, lambda = 2",35,"regenerated_from_competing_SAR_seeds",20395729,20645789,2,400,10,355,45,30,15,3,11,1,-7.28564248510477,8.41580890221247,15.7014513873172,30,30,15,0.4011549949646,0.83
"Fixed mixed-signal covariate-driven SAR design, lambda = 2",36,"regenerated_from_competing_SAR_seeds",20396729,20646789,2,400,10,355,45,30,15,0,11,4,-10.7795930281169,8.42179852848004,19.201391556597,30,30,15,0.267904043197632,0.83
"Fixed mixed-signal covariate-driven SAR design, lambda = 2",37,"regenerated_from_competing_SAR_seeds",20397729,20647789,2,400,10,355,45,30,15,2,12,1,-9.03258914244408,9.09265195626725,18.1252410987113,30,30,15,0.338722944259644,0.83
"Fixed mixed-signal covariate-driven SAR design, lambda = 2",38,"regenerated_from_competing_SAR_seeds",20398729,20648789,2,400,10,355,45,30,15,3,10,2,-4.76420454831612,9.13910352206519,13.9033080703813,30,30,15,0.248620986938477,0.83
"Fixed mixed-signal covariate-driven SAR design, lambda = 2",39,"regenerated_from_competing_SAR_seeds",20399729,20649789,2,400,10,355,45,30,15,2,12,1,-10.2068056294714,10.6834605380078,20.8902661674792,30,30,15,0.369441986083984,0.83
"Fixed mixed-signal covariate-driven SAR design, lambda = 2",40,"regenerated_from_competing_SAR_seeds",20400729,20650789,2,400,10,355,45,30,15,1,11,3,-7.78411574722111,7.86809335127319,15.6522090984943,30,30,15,0.303373098373413,0.83
"Fixed mixed-signal covariate-driven SAR design, lambda = 2",41,"regenerated_from_competing_SAR_seeds",20401729,20651789,2,400,10,355,45,30,15,1,11,3,-9.7190138190263,6.0744636723554,15.7934774913817,30,30,15,0.257071971893311,0.83
"Fixed mixed-signal covariate-driven SAR design, lambda = 2",42,"regenerated_from_competing_SAR_seeds",20402729,20652789,2,400,10,355,45,30,15,2,12,1,-13.2487402377267,11.3402260126707,24.5889662503973,30,30,15,0.246102094650269,0.83
"Fixed mixed-signal covariate-driven SAR design, lambda = 2",43,"regenerated_from_competing_SAR_seeds",20403729,20653789,2,400,10,355,45,30,15,2,12,1,-12.4884862944266,7.30445795041302,19.7929442448396,30,30,15,0.241034984588623,0.83
"Fixed mixed-signal covariate-driven SAR design, lambda = 2",44,"regenerated_from_competing_SAR_seeds",20404729,20654789,2,400,10,355,45,30,15,1,13,1,-8.05959402012151,7.32078961191516,15.3803836320367,30,30,15,0.241610050201416,0.83
"Fixed mixed-signal covariate-driven SAR design, lambda = 2",45,"regenerated_from_competing_SAR_seeds",20405729,20655789,2,400,10,355,45,30,15,1,12,2,-7.14333654632949,7.94681760014137,15.0901541464709,30,30,15,0.2347731590271,0.83
"Fixed mixed-signal covariate-driven SAR design, lambda = 2",46,"regenerated_from_competing_SAR_seeds",20406729,20656789,2,400,10,355,45,30,15,1,14,0,-10.4487518208005,9.14534989361976,19.5941017144203,30,30,15,0.24096417427063,0.83
"Fixed mixed-signal covariate-driven SAR design, lambda = 2",47,"regenerated_from_competing_SAR_seeds",20407729,20657789,2,400,10,355,45,30,15,3,12,0,-7.66931762095257,12.251249016833,19.9205666377855,30,30,15,0.239252090454102,0.83
"Fixed mixed-signal covariate-driven SAR design, lambda = 2",48,"regenerated_from_competing_SAR_seeds",20408729,20658789,2,400,10,355,45,30,15,2,10,3,-6.66131402070042,9.43320842437326,16.0945224450737,30,30,15,0.240769147872925,0.83
"Fixed mixed-signal covariate-driven SAR design, lambda = 2",49,"regenerated_from_competing_SAR_seeds",20409729,20659789,2,400,10,355,45,30,15,3,10,2,-6.08393021037773,4.91866559664223,11.00259580702,30,30,15,0.242212057113647,0.83
"Fixed mixed-signal covariate-driven SAR design, lambda = 2",50,"regenerated_from_competing_SAR_seeds",20410729,20660789,2,400,10,355,45,30,15,1,10,4,-7.77690476945643,7.40883848243398,15.1857432518904,30,30,15,0.242254972457886,0.83
"Fixed mixed-signal covariate-driven SAR design, lambda = 2",51,"regenerated_from_competing_SAR_seeds",20411729,20661789,2,400,10,355,45,30,15,1,11,3,-9.05054739236544,7.10635133143035,16.1568987237958,30,30,15,0.240492105484009,0.83
"Fixed mixed-signal covariate-driven SAR design, lambda = 2",52,"regenerated_from_competing_SAR_seeds",20412729,20662789,2,400,10,355,45,30,15,3,10,2,-4.67437201993726,9.89937418172833,14.5737462016656,30,30,15,0.238831043243408,0.83
"Fixed mixed-signal covariate-driven SAR design, lambda = 2",53,"regenerated_from_competing_SAR_seeds",20413729,20663789,2,400,10,355,45,30,15,2,11,2,-8.88955762472851,7.43306182321646,16.322619447945,30,30,15,0.23602294921875,0.83
"Fixed mixed-signal covariate-driven SAR design, lambda = 2",54,"regenerated_from_competing_SAR_seeds",20414729,20664789,2,400,10,355,45,30,15,2,10,3,-4.38914296802242,7.82599534360197,12.2151383116244,30,30,15,0.244874954223633,0.83
"Fixed mixed-signal covariate-driven SAR design, lambda = 2",55,"regenerated_from_competing_SAR_seeds",20415729,20665789,2,400,10,355,45,30,15,3,11,1,-5.2019479188779,8.5387135777021,13.74066149658,30,30,15,0.240504026412964,0.83
"Fixed mixed-signal covariate-driven SAR design, lambda = 2",56,"regenerated_from_competing_SAR_seeds",20416729,20666789,2,400,10,355,45,30,15,3,9,3,-13.1551147312354,5.4759254775382,18.6310402087736,30,30,15,0.236037015914917,0.83
"Fixed mixed-signal covariate-driven SAR design, lambda = 2",57,"regenerated_from_competing_SAR_seeds",20417729,20667789,2,400,10,355,45,30,15,2,10,3,-9.47113119024213,8.37449534181606,17.8456265320582,30,30,15,0.236459970474243,0.83
"Fixed mixed-signal covariate-driven SAR design, lambda = 2",58,"regenerated_from_competing_SAR_seeds",20418729,20668789,2,400,10,355,45,30,15,2,12,1,-12.5018543125826,8.84640992806358,21.3482642406462,30,30,15,0.248424053192139,0.83
"Fixed mixed-signal covariate-driven SAR design, lambda = 2",59,"regenerated_from_competing_SAR_seeds",20419729,20669789,2,400,10,355,45,30,15,1,12,2,-8.14764405812752,9.32302419281982,17.4706682509473,30,30,15,0.249627113342285,0.83
"Fixed mixed-signal covariate-driven SAR design, lambda = 2",60,"regenerated_from_competing_SAR_seeds",20420729,20670789,2,400,10,355,45,30,15,4,9,2,-5.84619248906178,5.749921833645,11.5961143227068,30,30,15,0.242930173873901,0.83
"Fixed mixed-signal covariate-driven SAR design, lambda = 2",61,"regenerated_from_competing_SAR_seeds",20421729,20671789,2,400,10,355,45,30,15,3,12,0,-8.34966993140939,7.47219863087057,15.82186856228,30,30,15,0.251268863677979,0.83
"Fixed mixed-signal covariate-driven SAR design, lambda = 2",62,"regenerated_from_competing_SAR_seeds",20422729,20672789,2,400,10,355,45,30,15,1,11,3,-10.1525067497,6.7895091753234,16.9420159250234,30,30,15,0.245097875595093,0.83
"Fixed mixed-signal covariate-driven SAR design, lambda = 2",63,"regenerated_from_competing_SAR_seeds",20423729,20673789,2,400,10,355,45,30,15,1,11,3,-8.53878905144682,6.80591907481894,15.3447081262658,30,30,15,0.365118026733398,0.83
"Fixed mixed-signal covariate-driven SAR design, lambda = 2",64,"regenerated_from_competing_SAR_seeds",20424729,20674789,2,400,10,355,45,30,15,3,11,1,-7.94173907998321,7.55925155296603,15.5009906329492,30,30,15,0.236931085586548,0.83
"Fixed mixed-signal covariate-driven SAR design, lambda = 2",65,"regenerated_from_competing_SAR_seeds",20425729,20675789,2,400,10,355,45,30,15,2,12,1,-7.79011080617049,7.14809118500219,14.9382019911727,30,30,15,0.243068933486938,0.83
"Fixed mixed-signal covariate-driven SAR design, lambda = 2",66,"regenerated_from_competing_SAR_seeds",20426729,20676789,2,400,10,355,45,30,15,4,10,1,-5.96622377159529,7.77703917325922,13.7432629448545,30,30,15,0.247527122497559,0.83
"Fixed mixed-signal covariate-driven SAR design, lambda = 2",67,"regenerated_from_competing_SAR_seeds",20427729,20677789,2,400,10,355,45,30,15,2,11,2,-4.96287405851077,6.38839422514867,11.3512682836594,30,30,15,0.244512796401978,0.83
"Fixed mixed-signal covariate-driven SAR design, lambda = 2",68,"regenerated_from_competing_SAR_seeds",20428729,20678789,2,400,10,355,45,30,15,3,10,2,-5.74212940794854,8.07300254788446,13.815131955833,30,30,15,0.245122194290161,0.83
"Fixed mixed-signal covariate-driven SAR design, lambda = 2",69,"regenerated_from_competing_SAR_seeds",20429729,20679789,2,400,10,355,45,30,15,1,12,2,-8.1846233739802,7.93993481422594,16.1245581882061,30,30,15,0.245863914489746,0.83
"Fixed mixed-signal covariate-driven SAR design, lambda = 2",70,"regenerated_from_competing_SAR_seeds",20430729,20680789,2,400,10,355,45,30,15,1,11,3,-5.17723832331162,10.5627967810606,15.7400351043723,30,30,15,0.246634960174561,0.83
"Fixed mixed-signal covariate-driven SAR design, lambda = 2",71,"regenerated_from_competing_SAR_seeds",20431729,20681789,2,400,10,355,45,30,15,0,14,1,-8.95407874650228,8.11544562289883,17.0695243694011,30,30,15,0.244871854782104,0.83
"Fixed mixed-signal covariate-driven SAR design, lambda = 2",72,"regenerated_from_competing_SAR_seeds",20432729,20682789,2,400,10,355,45,30,15,2,12,1,-8.47916956881699,5.96885845375328,14.4480280225703,30,30,15,0.24249792098999,0.83
"Fixed mixed-signal covariate-driven SAR design, lambda = 2",73,"regenerated_from_competing_SAR_seeds",20433729,20683789,2,400,10,355,45,30,15,0,12,3,-8.57189500413667,6.71559215653686,15.2874871606735,30,30,15,0.247173070907593,0.83
"Fixed mixed-signal covariate-driven SAR design, lambda = 2",74,"regenerated_from_competing_SAR_seeds",20434729,20684789,2,400,10,355,45,30,15,4,11,0,-8.85937168050982,9.12818988772416,17.987561568234,30,30,15,0.236274003982544,0.83
"Fixed mixed-signal covariate-driven SAR design, lambda = 2",75,"regenerated_from_competing_SAR_seeds",20435729,20685789,2,400,10,355,45,30,15,2,12,1,-8.86520356534305,6.44196598738436,15.3071695527274,30,30,15,0.244955778121948,0.83
"Fixed mixed-signal covariate-driven SAR design, lambda = 2",76,"regenerated_from_competing_SAR_seeds",20436729,20686789,2,400,10,355,45,30,15,0,14,1,-12.1737721049447,9.7525686961758,21.9263408011205,30,30,15,0.245198011398315,0.83
"Fixed mixed-signal covariate-driven SAR design, lambda = 2",77,"regenerated_from_competing_SAR_seeds",20437729,20687789,2,400,10,355,45,30,15,1,11,3,-8.48038320797986,7.11605201799397,15.5964352259738,30,30,15,0.249202013015747,0.83
"Fixed mixed-signal covariate-driven SAR design, lambda = 2",78,"regenerated_from_competing_SAR_seeds",20438729,20688789,2,400,10,355,45,30,15,3,10,2,-6.15531060143969,9.59280884702085,15.7481194484605,30,30,15,0.245707035064697,0.83
"Fixed mixed-signal covariate-driven SAR design, lambda = 2",79,"regenerated_from_competing_SAR_seeds",20439729,20689789,2,400,10,355,45,30,15,1,12,2,-10.8786569925286,8.60184241919233,19.4804994117209,30,30,15,0.248300075531006,0.83
"Fixed mixed-signal covariate-driven SAR design, lambda = 2",80,"regenerated_from_competing_SAR_seeds",20440729,20690789,2,400,10,355,45,30,15,2,11,2,-8.59318850493226,7.98566879996647,16.5788573048987,30,30,15,0.243001937866211,0.83
"Fixed mixed-signal covariate-driven SAR design, lambda = 2",81,"regenerated_from_competing_SAR_seeds",20441729,20691789,2,400,10,355,45,30,15,0,14,1,-10.1164354616721,7.57846888028519,17.6949043419573,30,30,15,0.239786148071289,0.83
"Fixed mixed-signal covariate-driven SAR design, lambda = 2",82,"regenerated_from_competing_SAR_seeds",20442729,20692789,2,400,10,355,45,30,15,4,10,1,-7.408034560423,8.61866370522875,16.0266982656517,30,30,15,0.243391036987305,0.83
"Fixed mixed-signal covariate-driven SAR design, lambda = 2",83,"regenerated_from_competing_SAR_seeds",20443729,20693789,2,400,10,355,45,30,15,2,11,2,-12.5808312635036,5.85796718615981,18.4387984496634,30,30,15,0.247992038726807,0.83
"Fixed mixed-signal covariate-driven SAR design, lambda = 2",84,"regenerated_from_competing_SAR_seeds",20444729,20694789,2,400,10,355,45,30,15,2,11,2,-9.32968541508439,10.8657404791831,20.1954258942675,30,30,15,0.23860502243042,0.83
"Fixed mixed-signal covariate-driven SAR design, lambda = 2",85,"regenerated_from_competing_SAR_seeds",20445729,20695789,2,400,10,355,45,30,15,2,12,1,-7.31813806828341,8.41332136661005,15.7314594348935,30,30,15,0.239964008331299,0.83
"Fixed mixed-signal covariate-driven SAR design, lambda = 2",86,"regenerated_from_competing_SAR_seeds",20446729,20696789,2,400,10,355,45,30,15,2,11,2,-9.87043071853565,8.24715371338811,18.1175844319238,30,30,15,0.245827198028564,0.83
"Fixed mixed-signal covariate-driven SAR design, lambda = 2",87,"regenerated_from_competing_SAR_seeds",20447729,20697789,2,400,10,355,45,30,15,1,12,2,-9.76068911443952,10.7205594791989,20.4812485936384,30,30,15,0.248424768447876,0.83
"Fixed mixed-signal covariate-driven SAR design, lambda = 2",88,"regenerated_from_competing_SAR_seeds",20448729,20698789,2,400,10,355,45,30,15,2,11,2,-11.0545492402881,9.21368066812675,20.2682299084149,30,30,15,0.249952077865601,0.83
"Fixed mixed-signal covariate-driven SAR design, lambda = 2",89,"regenerated_from_competing_SAR_seeds",20449729,20699789,2,400,10,355,45,30,15,1,11,3,-10.0458823424831,8.95379415167174,18.9996764941549,30,30,15,0.248116016387939,0.83
"Fixed mixed-signal covariate-driven SAR design, lambda = 2",90,"regenerated_from_competing_SAR_seeds",20450729,20700789,2,400,10,355,45,30,15,2,10,3,-5.80420900210294,8.13566935584229,13.9398783579452,30,30,15,0.248646974563599,0.83
"Fixed mixed-signal covariate-driven SAR design, lambda = 2",91,"regenerated_from_competing_SAR_seeds",20451729,20701789,2,400,10,355,45,30,15,2,13,0,-9.57434168386045,9.82516933204125,19.3995110159017,30,30,15,0.242427110671997,0.83
"Fixed mixed-signal covariate-driven SAR design, lambda = 2",92,"regenerated_from_competing_SAR_seeds",20452729,20702789,2,400,10,355,45,30,15,1,12,2,-10.71769083029,7.62901011701915,18.3467009473092,30,30,15,0.24904990196228,0.83
"Fixed mixed-signal covariate-driven SAR design, lambda = 2",93,"regenerated_from_competing_SAR_seeds",20453729,20703789,2,400,10,355,45,30,15,2,10,3,-5.07594050522678,6.49253289850059,11.5684734037274,30,30,15,0.246352910995483,0.83
"Fixed mixed-signal covariate-driven SAR design, lambda = 2",94,"regenerated_from_competing_SAR_seeds",20454729,20704789,2,400,10,355,45,30,15,1,12,2,-10.1230930833438,9.13657611085986,19.2596691942037,30,30,15,0.243561029434204,0.83
"Fixed mixed-signal covariate-driven SAR design, lambda = 2",95,"regenerated_from_competing_SAR_seeds",20455729,20705789,2,400,10,355,45,30,15,2,13,0,-10.2496048994226,9.21165605103453,19.4612609504571,30,30,15,0.250536918640137,0.83
"Fixed mixed-signal covariate-driven SAR design, lambda = 2",96,"regenerated_from_competing_SAR_seeds",20456729,20706789,2,400,10,355,45,30,15,2,11,2,-8.36152059438994,5.81590520732117,14.1774258017111,30,30,15,0.249288082122803,0.83
"Fixed mixed-signal covariate-driven SAR design, lambda = 2",97,"regenerated_from_competing_SAR_seeds",20457729,20707789,2,400,10,355,45,30,15,3,9,3,-5.33984285612128,7.08438846692997,12.4242313230512,30,30,15,0.246409177780151,0.83
"Fixed mixed-signal covariate-driven SAR design, lambda = 2",98,"regenerated_from_competing_SAR_seeds",20458729,20708789,2,400,10,355,45,30,15,2,11,2,-7.98951898889434,8.54762810276491,16.5371470916592,30,30,15,0.240960836410522,0.83
"Fixed mixed-signal covariate-driven SAR design, lambda = 2",99,"regenerated_from_competing_SAR_seeds",20459729,20709789,2,400,10,355,45,30,15,2,12,1,-8.23699130334341,7.95274252164491,16.1897338249883,30,30,15,0.249006986618042,0.83
"Fixed mixed-signal covariate-driven SAR design, lambda = 2",100,"regenerated_from_competing_SAR_seeds",20460729,20710789,2,400,10,355,45,30,15,2,13,0,-9.89786091153588,7.14909524715172,17.0469561586876,30,30,15,0.246845006942749,0.83
