"scenario","replicate","geometry_source","expert","calibration_label","n","n_mean_features","Z_rms_factor","Z_rms_factor_from_dimension","attainable_corr_min","attainable_corr_max","attainable_corr_span","target_corr_pct_low","target_corr_pct_high","target_corr_low","target_corr_high","achieved_corr_at_first_target","achieved_corr_at_second_target","ell_interval_low","ell_interval_high","log_ell_mean_unrounded","log_ell_sd_unrounded","ell_median","unit_kernel_mean_marginal_sd","effective_sd_target_low","effective_sd_target_center","effective_sd_target_high","sigma_raw_interval_low","sigma_raw_interval_high","log_sig_mean_unrounded","log_sig_sd_unrounded","sigma_raw_median","effective_sigma_median_check","log_ell_mean_active","log_ell_sd_active","log_sig_mean_active","log_sig_sd_active","half_t_df","mean_rms_95_mult","tau_scale_unrounded","tau_scale_active","tau2_default","active_prior_rounding","active_prior_digits","prior_calibration_runtime_sec"
"Fixed mixed-signal covariate-driven SAR design, lambda = 2",1,"regenerated_from_competing_SAR_seeds","cov","production_001",400,10,3.15832233947075,3.15832233947075,0,0.999990000064991,0.999990000064991,0.1,0.5,0.0999990000064991,0.499995000032496,0.0999989992745575,0.499995000030603,1.80345806620095,3.62499786962045,0.938779835181305,0.17810218360526,2.55685972394424,1,1,2,4,1,4,0.693147180559945,0.353653019151067,2,2,0.94,0.18,0.69,0.35,3,4.16,0.827762579047875,0.83,0.6889,TRUE,2,0.216655015945435
"Fixed mixed-signal covariate-driven SAR design, lambda = 2",2,"regenerated_from_competing_SAR_seeds","cov","production_002",400,10,3.15832233947075,3.15832233947075,0,0.999990000062645,0.999990000062645,0.1,0.5,0.0999990000062645,0.499995000031323,0.0999990007589205,0.49999500003129,1.80447015394626,3.63652371408521,0.940647603446261,0.178768896284617,2.56163980804963,1,1,2,4,1,4,0.693147180559945,0.353653019151067,2,2,0.94,0.18,0.69,0.35,3,4.16,0.827762579047875,0.83,0.6889,TRUE,2,0.230926990509033
"Fixed mixed-signal covariate-driven SAR design, lambda = 2",3,"regenerated_from_competing_SAR_seeds","cov","production_003",400,10,3.15832233947075,3.15832233947075,0,0.999990000062389,0.999990000062389,0.1,0.5,0.099999000006239,0.499995000031195,0.099999000006228,0.499995000031112,1.80713127220242,3.63947458256158,0.94178999061921,0.178599881386424,2.56456786467679,1,1,2,4,1,4,0.693147180559945,0.353653019151067,2,2,0.94,0.18,0.69,0.35,3,4.16,0.827762579047875,0.83,0.6889,TRUE,2,0.236840963363647
"Fixed mixed-signal covariate-driven SAR design, lambda = 2",4,"regenerated_from_competing_SAR_seeds","cov","production_004",400,10,3.15832233947075,3.15832233947075,0,0.999990000063487,0.999990000063487,0.1,0.5,0.0999990000063487,0.499995000031743,0.0999990000063077,0.499995000031732,1.81058919571797,3.63375737978668,0.941959759296415,0.17771114532763,2.5650032849301,1,1,2,4,1,4,0.693147180559945,0.353653019151067,2,2,0.94,0.18,0.69,0.35,3,4.16,0.827762579047875,0.83,0.6889,TRUE,2,0.232614040374756
"Fixed mixed-signal covariate-driven SAR design, lambda = 2",5,"regenerated_from_competing_SAR_seeds","cov","production_005",400,10,3.15832233947075,3.15832233947075,0,0.999990000062864,0.999990000062864,0.1,0.5,0.0999990000062864,0.499995000031432,0.0999990000062597,0.499995000031392,1.80937425708281,3.63702759509546,0.942073912242706,0.178111865223255,2.5652961043251,1,1,2,4,1,4,0.693147180559945,0.353653019151067,2,2,0.94,0.18,0.69,0.35,3,4.16,0.827762579047875,0.83,0.6889,TRUE,2,0.236821889877319
"Fixed mixed-signal covariate-driven SAR design, lambda = 2",6,"regenerated_from_competing_SAR_seeds","cov","production_006",400,10,3.15832233947075,3.15832233947075,0,0.999990000062153,0.999990000062153,0.1,0.5,0.0999990000062153,0.499995000031076,0.0999990000060959,0.499995000030895,1.81426926290412,3.64252405308078,0.944179819598393,0.177807880996698,2.57070407260217,1,1,2,4,1,4,0.693147180559945,0.353653019151067,2,2,0.94,0.18,0.69,0.35,3,4.16,0.827762579047875,0.83,0.6889,TRUE,2,0.236648082733154
"Fixed mixed-signal covariate-driven SAR design, lambda = 2",7,"regenerated_from_competing_SAR_seeds","cov","production_007",400,10,3.15832233947075,3.15832233947075,0,0.999990000062651,0.999990000062651,0.1,0.5,0.0999990000062651,0.499995000031326,0.0999990005539759,0.49999500003129,1.80503234617496,3.6367431445206,0.940833526277961,0.178704821669131,2.56211611965377,1,1,2,4,1,4,0.693147180559945,0.353653019151067,2,2,0.94,0.18,0.69,0.35,3,4.16,0.827762579047875,0.83,0.6889,TRUE,2,0.235903978347778
"Fixed mixed-signal covariate-driven SAR design, lambda = 2",8,"regenerated_from_competing_SAR_seeds","cov","production_008",400,10,3.15832233947075,3.15832233947075,0,0.99999000006096,0.99999000006096,0.1,0.5,0.099999000006096,0.49999500003048,0.0999990000048527,0.499995000029001,1.82540052875061,3.65459085911071,0.948891788823835,0.177091191878108,2.5828457341831,1,1,2,4,1,4,0.693147180559945,0.353653019151067,2,2,0.95,0.18,0.69,0.35,3,4.16,0.827762579047875,0.83,0.6889,TRUE,2,0.233956813812256
"Fixed mixed-signal covariate-driven SAR design, lambda = 2",9,"regenerated_from_competing_SAR_seeds","cov","production_009",400,10,3.15832233947075,3.15832233947075,0,0.999990000062293,0.999990000062293,0.1,0.5,0.0999990000062293,0.499995000031146,0.0999990000061911,0.499995000031038,1.810444158167,3.64046865562839,0.942842315666925,0.178202309835902,2.56726804416143,1,1,2,4,1,4,0.693147180559945,0.353653019151067,2,2,0.94,0.18,0.69,0.35,3,4.16,0.827762579047875,0.83,0.6889,TRUE,2,0.411275863647461
"Fixed mixed-signal covariate-driven SAR design, lambda = 2",10,"regenerated_from_competing_SAR_seeds","cov","production_010",400,10,3.15832233947075,3.15832233947075,0,0.999990000061486,0.999990000061486,0.1,0.5,0.0999990000061486,0.499995000030743,0.0999990000058599,0.499995000030166,1.81791257888281,3.6484564317505,0.94599654545705,0.177711243690422,2.57537858203122,1,1,2,4,1,4,0.693147180559945,0.353653019151067,2,2,0.95,0.18,0.69,0.35,3,4.16,0.827762579047875,0.83,0.6889,TRUE,2,0.302228212356567
"Fixed mixed-signal covariate-driven SAR design, lambda = 2",11,"regenerated_from_competing_SAR_seeds","cov","production_011",400,10,3.15832233947075,3.15832233947075,0,0.999990000064839,0.999990000064839,0.1,0.5,0.0999990000064839,0.499995000032419,0.0999990000055309,0.499994999640764,1.79655898945539,3.62337211638057,0.936639139449976,0.178965521518474,2.55139211957423,1,1,2,4,1,4,0.693147180559945,0.353653019151067,2,2,0.94,0.18,0.69,0.35,3,4.16,0.827762579047875,0.83,0.6889,TRUE,2,0.245273113250732
"Fixed mixed-signal covariate-driven SAR design, lambda = 2",12,"regenerated_from_competing_SAR_seeds","cov","production_012",400,10,3.15832233947075,3.15832233947075,0,0.999990000064467,0.999990000064467,0.1,0.5,0.0999990000064467,0.499995000032234,0.0999989998174341,0.499994999747812,1.80064797706432,3.62363964988088,0.937812768128719,0.178404390849338,2.55438826437331,1,1,2,4,1,4,0.693147180559945,0.353653019151067,2,2,0.94,0.18,0.69,0.35,3,4.16,0.827762579047875,0.83,0.6889,TRUE,2,0.310689926147461
"Fixed mixed-signal covariate-driven SAR design, lambda = 2",13,"regenerated_from_competing_SAR_seeds","cov","production_013",400,10,3.15832233947075,3.15832233947075,0,0.999990000062469,0.999990000062469,0.1,0.5,0.0999990000062469,0.499995000031235,0.0999990000062361,0.499995000031174,1.80715782304267,3.63838948218302,0.941648240699291,0.178520062536705,2.56420436315112,1,1,2,4,1,4,0.693147180559945,0.353653019151067,2,2,0.94,0.18,0.69,0.35,3,4.16,0.827762579047875,0.83,0.6889,TRUE,2,0.444437026977539
"Fixed mixed-signal covariate-driven SAR design, lambda = 2",14,"regenerated_from_competing_SAR_seeds","cov","production_014",400,10,3.15832233947075,3.15832233947075,0,0.999990000062955,0.999990000062955,0.1,0.5,0.0999990000062955,0.499995000031478,0.0999990000062642,0.499995000031448,1.80981348231464,3.63613515203694,0.942072568837283,0.177987340617495,2.56529265809472,1,1,2,4,1,4,0.693147180559945,0.353653019151067,2,2,0.94,0.18,0.69,0.35,3,4.16,0.827762579047875,0.83,0.6889,TRUE,2,0.318835973739624
"Fixed mixed-signal covariate-driven SAR design, lambda = 2",15,"regenerated_from_competing_SAR_seeds","cov","production_015",400,10,3.15832233947075,3.15832233947075,0,0.999990000061017,0.999990000061017,0.1,0.5,0.0999990000061017,0.499995000030509,0.0999990000046512,0.499995000029123,1.82649274453809,3.6540883450475,0.949122115102393,0.17690351604552,2.58344069994464,1,1,2,4,1,4,0.693147180559945,0.353653019151067,2,2,0.95,0.18,0.69,0.35,3,4.16,0.827762579047875,0.83,0.6889,TRUE,2,0.327789068222046
"Fixed mixed-signal covariate-driven SAR design, lambda = 2",16,"regenerated_from_competing_SAR_seeds","cov","production_016",400,10,3.15832233947075,3.15832233947075,0,0.99999000006314,0.99999000006314,0.1,0.5,0.099999000006314,0.49999500003157,0.099998999750873,0.499995000031564,1.80121563393158,3.63246888214085,0.939187169525545,0.178944808758403,2.55790143287072,1,1,2,4,1,4,0.693147180559945,0.353653019151067,2,2,0.94,0.18,0.69,0.35,3,4.16,0.827762579047875,0.83,0.6889,TRUE,2,0.461164951324463
"Fixed mixed-signal covariate-driven SAR design, lambda = 2",17,"regenerated_from_competing_SAR_seeds","cov","production_017",400,10,3.15832233947075,3.15832233947075,0,0.999990000061171,0.999990000061171,0.1,0.5,0.0999990000061171,0.499995000030585,0.0999990000044477,0.499995000029308,1.82730560932487,3.6534215026937,0.949253331883603,0.176743449042119,2.58377971295935,1,1,2,4,1,4,0.693147180559945,0.353653019151067,2,2,0.95,0.18,0.69,0.35,3,4.16,0.827762579047875,0.83,0.6889,TRUE,2,0.295546054840088
"Fixed mixed-signal covariate-driven SAR design, lambda = 2",18,"regenerated_from_competing_SAR_seeds","cov","production_018",400,10,3.15832233947075,3.15832233947075,0,0.999990000063301,0.999990000063301,0.1,0.5,0.0999990000063301,0.49999500003165,0.0999989996442063,0.499995000031649,1.80191195679354,3.63053482991196,0.939114136437579,0.178710343563985,2.5577146282519,1,1,2,4,1,4,0.693147180559945,0.353653019151067,2,2,0.94,0.18,0.69,0.35,3,4.16,0.827762579047875,0.83,0.6889,TRUE,2,0.270385980606079
"Fixed mixed-signal covariate-driven SAR design, lambda = 2",19,"regenerated_from_competing_SAR_seeds","cov","production_019",400,10,3.15832233947075,3.15832233947075,0,0.999990000062927,0.999990000062927,0.1,0.5,0.0999990000062927,0.499995000031464,0.0999990000062643,0.499995000031428,1.80955072522714,3.63668449763834,0.942075505316716,0.178062919374842,2.56530019103491,1,1,2,4,1,4,0.693147180559945,0.353653019151067,2,2,0.94,0.18,0.69,0.35,3,4.16,0.827762579047875,0.83,0.6889,TRUE,2,0.252002000808716
"Fixed mixed-signal covariate-driven SAR design, lambda = 2",20,"regenerated_from_competing_SAR_seeds","cov","production_020",400,10,3.15832233947075,3.15832233947075,0,0.999990000062774,0.999990000062774,0.1,0.5,0.0999990000062774,0.499995000031387,0.0999990005925243,0.49999500003136,1.8049469319779,3.63597653527463,0.940704456817984,0.178663112584582,2.56178545004994,1,1,2,4,1,4,0.693147180559945,0.353653019151067,2,2,0.94,0.18,0.69,0.35,3,4.16,0.827762579047875,0.83,0.6889,TRUE,2,0.320122003555298
"Fixed mixed-signal covariate-driven SAR design, lambda = 2",21,"regenerated_from_competing_SAR_seeds","cov","production_021",400,10,3.15832233947075,3.15832233947075,0,0.999990000061537,0.999990000061537,0.1,0.5,0.0999990000061537,0.499995000030769,0.0999990000055117,0.499995000030093,1.82170816202341,3.64928647056942,0.947153136228413,0.17723719796928,2.57835896434106,1,1,2,4,1,4,0.693147180559945,0.353653019151067,2,2,0.95,0.18,0.69,0.35,3,4.16,0.827762579047875,0.83,0.6889,TRUE,2,0.313278198242188
"Fixed mixed-signal covariate-driven SAR design, lambda = 2",22,"regenerated_from_competing_SAR_seeds","cov","production_022",400,10,3.15832233947075,3.15832233947075,0,0.99999000006245,0.99999000006245,0.1,0.5,0.099999000006245,0.499995000031225,0.0999990007681727,0.499995000031178,1.80448861497776,3.6375900488189,0.940799311860893,0.178841080134237,2.5620284598439,1,1,2,4,1,4,0.693147180559945,0.353653019151067,2,2,0.94,0.18,0.69,0.35,3,4.16,0.827762579047875,0.83,0.6889,TRUE,2,0.39948296546936
"Fixed mixed-signal covariate-driven SAR design, lambda = 2",23,"regenerated_from_competing_SAR_seeds","cov","production_023",400,10,3.15832233947075,3.15832233947075,0,0.999990000061503,0.999990000061503,0.1,0.5,0.0999990000061503,0.499995000030751,0.0999990000060447,0.499995000030282,1.8138192254484,3.64735423631707,0.944718364752843,0.17820923036917,2.57208888568272,1,1,2,4,1,4,0.693147180559945,0.353653019151067,2,2,0.94,0.18,0.69,0.35,3,4.16,0.827762579047875,0.83,0.6889,TRUE,2,0.272727966308594
"Fixed mixed-signal covariate-driven SAR design, lambda = 2",24,"regenerated_from_competing_SAR_seeds","cov","production_024",400,10,3.15832233947075,3.15832233947075,0,0.999990000062012,0.999990000062012,0.1,0.5,0.0999990000062012,0.499995000031006,0.0999990000058052,0.499995000030661,1.81930555486278,3.64548709052781,0.945972427031612,0.17730813665969,2.57531646870396,1,1,2,4,1,4,0.693147180559945,0.353653019151067,2,2,0.95,0.18,0.69,0.35,3,4.16,0.827762579047875,0.83,0.6889,TRUE,2,0.241300821304321
"Fixed mixed-signal covariate-driven SAR design, lambda = 2",25,"regenerated_from_competing_SAR_seeds","cov","production_025",400,10,3.15832233947075,3.15832233947075,0,0.999990000061959,0.999990000061959,0.1,0.5,0.0999990000061959,0.49999500003098,0.099999000006106,0.499995000030721,1.81316473379885,3.64418914094866,0.94410383650209,0.178079826498143,2.57050874996776,1,1,2,4,1,4,0.693147180559945,0.353653019151067,2,2,0.94,0.18,0.69,0.35,3,4.16,0.827762579047875,0.83,0.6889,TRUE,2,0.230353116989136
"Fixed mixed-signal covariate-driven SAR design, lambda = 2",26,"regenerated_from_competing_SAR_seeds","cov","production_026",400,10,3.15832233947075,3.15832233947075,0,0.999990000062052,0.999990000062052,0.1,0.5,0.0999990000062052,0.499995000031026,0.0999990000061636,0.499995000030858,1.81072210104157,3.64228996952591,0.943169156458575,0.178290745465347,2.56810726922039,1,1,2,4,1,4,0.693147180559945,0.353653019151067,2,2,0.94,0.18,0.69,0.35,3,4.16,0.827762579047875,0.83,0.6889,TRUE,2,0.352741956710815
"Fixed mixed-signal covariate-driven SAR design, lambda = 2",27,"regenerated_from_competing_SAR_seeds","cov","production_027",400,10,3.15832233947075,3.15832233947075,0,0.999990000062101,0.999990000062101,0.1,0.5,0.0999990000062101,0.499995000031051,0.0999990000061444,0.499995000030884,1.81218219088683,3.64221204573445,0.943561475678124,0.178079663207028,2.56911498472012,1,1,2,4,1,4,0.693147180559945,0.353653019151067,2,2,0.94,0.18,0.69,0.35,3,4.16,0.827762579047875,0.83,0.6889,TRUE,2,0.331658124923706
"Fixed mixed-signal covariate-driven SAR design, lambda = 2",28,"regenerated_from_competing_SAR_seeds","cov","production_028",400,10,3.15832233947075,3.15832233947075,0,0.99999000006188,0.99999000006188,0.1,0.5,0.099999000006188,0.49999500003094,0.099999000006035,0.499995000030622,1.81516317008914,3.64517546916744,0.944789934271379,0.177867844751065,2.57227297543343,1,1,2,4,1,4,0.693147180559945,0.353653019151067,2,2,0.94,0.18,0.69,0.35,3,4.16,0.827762579047875,0.83,0.6889,TRUE,2,0.409193992614746
"Fixed mixed-signal covariate-driven SAR design, lambda = 2",29,"regenerated_from_competing_SAR_seeds","cov","production_029",400,10,3.15832233947075,3.15832233947075,0,0.999990000062929,0.999990000062929,0.1,0.5,0.0999990000062929,0.499995000031464,0.0999990000062687,0.499995000031435,1.80913150442174,3.63612756341205,0.941883078728449,0.178082956202861,2.56480660656218,1,1,2,4,1,4,0.693147180559945,0.353653019151067,2,2,0.94,0.18,0.69,0.35,3,4.16,0.827762579047875,0.83,0.6889,TRUE,2,0.319149017333984
"Fixed mixed-signal covariate-driven SAR design, lambda = 2",30,"regenerated_from_competing_SAR_seeds","cov","production_030",400,10,3.15832233947075,3.15832233947075,0,0.99999000006354,0.99999000006354,0.1,0.5,0.099999000006354,0.49999500003177,0.0999990000063316,0.499995000031762,1.80888940991082,3.63299217414804,0.941384835203642,0.17789702600739,2.56352902657748,1,1,2,4,1,4,0.693147180559945,0.353653019151067,2,2,0.94,0.18,0.69,0.35,3,4.16,0.827762579047875,0.83,0.6889,TRUE,2,0.449425935745239
"Fixed mixed-signal covariate-driven SAR design, lambda = 2",31,"regenerated_from_competing_SAR_seeds","cov","production_031",400,10,3.15832233947075,3.15832233947075,0,0.99999000006302,0.99999000006302,0.1,0.5,0.099999000006302,0.49999500003151,0.099998999615799,0.499995000031502,1.80205306251166,3.63309368518793,0.939505572696981,0.1788701069279,2.55871600647369,1,1,2,4,1,4,0.693147180559945,0.353653019151067,2,2,0.94,0.18,0.69,0.35,3,4.16,0.827762579047875,0.83,0.6889,TRUE,2,0.242610931396484
"Fixed mixed-signal covariate-driven SAR design, lambda = 2",32,"regenerated_from_competing_SAR_seeds","cov","production_032",400,10,3.15832233947075,3.15832233947075,0,0.999990000061743,0.999990000061743,0.1,0.5,0.0999990000061743,0.499995000030872,0.099999000005417,0.49999500003032,1.82256454083275,3.64802740029854,0.947215590427784,0.177029269690518,2.57851999871446,1,1,2,4,1,4,0.693147180559945,0.353653019151067,2,2,0.95,0.18,0.69,0.35,3,4.16,0.827762579047875,0.83,0.6889,TRUE,2,0.307126045227051
"Fixed mixed-signal covariate-driven SAR design, lambda = 2",33,"regenerated_from_competing_SAR_seeds","cov","production_033",400,10,3.15832233947075,3.15832233947075,0,0.999990000063726,0.999990000063726,0.1,0.5,0.0999990000063726,0.499995000031863,0.099999000006354,0.49999500003186,1.80837938603848,3.63135226513421,0.941018090552417,0.177853785035932,2.56258903839708,1,1,2,4,1,4,0.693147180559945,0.353653019151067,2,2,0.94,0.18,0.69,0.35,3,4.16,0.827762579047875,0.83,0.6889,TRUE,2,0.319892883300781
"Fixed mixed-signal covariate-driven SAR design, lambda = 2",34,"regenerated_from_competing_SAR_seeds","cov","production_034",400,10,3.15832233947075,3.15832233947075,0,0.999990000062865,0.999990000062865,0.1,0.5,0.0999990000062865,0.499995000031433,0.0999990000062735,0.499995000031398,1.80755940043178,3.63659795177741,0.941513076899307,0.178337735711565,2.56385779896745,1,1,2,4,1,4,0.693147180559945,0.353653019151067,2,2,0.94,0.18,0.69,0.35,3,4.16,0.827762579047875,0.83,0.6889,TRUE,2,0.337929010391235
"Fixed mixed-signal covariate-driven SAR design, lambda = 2",35,"regenerated_from_competing_SAR_seeds","cov","production_035",400,10,3.15832233947075,3.15832233947075,0,0.999990000061644,0.999990000061644,0.1,0.5,0.0999990000061644,0.499995000030822,0.0999990000053485,0.499995000030212,1.82298356812443,3.6486277596568,0.947412811328607,0.177012604341057,2.57902858690186,1,1,2,4,1,4,0.693147180559945,0.353653019151067,2,2,0.95,0.18,0.69,0.35,3,4.16,0.827762579047875,0.83,0.6889,TRUE,2,0.4011549949646
"Fixed mixed-signal covariate-driven SAR design, lambda = 2",36,"regenerated_from_competing_SAR_seeds","cov","production_036",400,10,3.15832233947075,3.15832233947075,0,0.999990000061609,0.999990000061609,0.1,0.5,0.0999990000061609,0.499995000030804,0.0999990000053209,0.499995000030136,1.82317363337006,3.64916586822801,0.947538674668846,0.177023629154893,2.57935321248318,1,1,2,4,1,4,0.693147180559945,0.353653019151067,2,2,0.95,0.18,0.69,0.35,3,4.16,0.827762579047875,0.83,0.6889,TRUE,2,0.267904043197632
"Fixed mixed-signal covariate-driven SAR design, lambda = 2",37,"regenerated_from_competing_SAR_seeds","cov","production_037",400,10,3.15832233947075,3.15832233947075,0,0.999990000062101,0.999990000062101,0.1,0.5,0.0999990000062101,0.49999500003105,0.0999990000052472,0.499995000030598,1.82378469178839,3.64677813358962,0.947378958779216,0.176771164475527,2.578941281687,1,1,2,4,1,4,0.693147180559945,0.353653019151067,2,2,0.95,0.18,0.69,0.35,3,4.16,0.827762579047875,0.83,0.6889,TRUE,2,0.338722944259644
"Fixed mixed-signal covariate-driven SAR design, lambda = 2",38,"regenerated_from_competing_SAR_seeds","cov","production_038",400,10,3.15832233947075,3.15832233947075,0,0.999990000062142,0.999990000062142,0.1,0.5,0.0999990000062142,0.499995000031071,0.0999990000061962,0.499995000030945,1.8083894565418,3.6411180716758,0.942363721592325,0.178537502831708,2.56603965886,1,1,2,4,1,4,0.693147180559945,0.353653019151067,2,2,0.94,0.18,0.69,0.35,3,4.16,0.827762579047875,0.83,0.6889,TRUE,2,0.248620986938477
"Fixed mixed-signal covariate-driven SAR design, lambda = 2",39,"regenerated_from_competing_SAR_seeds","cov","production_039",400,10,3.15832233947075,3.15832233947075,0,0.999990000064505,0.999990000064505,0.1,0.5,0.0999990000064505,0.499995000032253,0.0999989994599556,0.499995000032514,1.80274288071312,3.62513560269112,0.938600511463433,0.178213062350968,2.55640125946047,1,1,2,4,1,4,0.693147180559945,0.353653019151067,2,2,0.94,0.18,0.69,0.35,3,4.16,0.827762579047875,0.83,0.6889,TRUE,2,0.369441986083984
"Fixed mixed-signal covariate-driven SAR design, lambda = 2",40,"regenerated_from_competing_SAR_seeds","cov","production_040",400,10,3.15832233947075,3.15832233947075,0,0.999990000063174,0.999990000063174,0.1,0.5,0.0999990000063174,0.499995000031587,0.0999990000063094,0.499995000031577,1.80642084752689,3.63353677919606,0.940776974272579,0.178283642840985,2.5619712309461,1,1,2,4,1,4,0.693147180559945,0.353653019151067,2,2,0.94,0.18,0.69,0.35,3,4.16,0.827762579047875,0.83,0.6889,TRUE,2,0.303373098373413
"Fixed mixed-signal covariate-driven SAR design, lambda = 2",41,"regenerated_from_competing_SAR_seeds","cov","production_041",400,10,3.15832233947075,3.15832233947075,0,0.999990000062348,0.999990000062348,0.1,0.5,0.0999990000062348,0.499995000031174,0.0999990000061968,0.499995000031082,1.81043358811043,3.63985338047642,0.942754884390293,0.178160680049506,2.56704359445098,1,1,2,4,1,4,0.693147180559945,0.353653019151067,2,2,0.94,0.18,0.69,0.35,3,4.16,0.827762579047875,0.83,0.6889,TRUE,2,0.257071971893311
"Fixed mixed-signal covariate-driven SAR design, lambda = 2",42,"regenerated_from_competing_SAR_seeds","cov","production_042",400,10,3.15832233947075,3.15832233947075,0,0.999990000061606,0.999990000061606,0.1,0.5,0.0999990000061606,0.499995000030803,0.0999990000060239,0.499995000030374,1.81479408125536,3.64682248300729,0.944914121634662,0.17803496235667,2.57259243906815,1,1,2,4,1,4,0.693147180559945,0.353653019151067,2,2,0.94,0.18,0.69,0.35,3,4.16,0.827762579047875,0.83,0.6889,TRUE,2,0.246102094650269
"Fixed mixed-signal covariate-driven SAR design, lambda = 2",43,"regenerated_from_competing_SAR_seeds","cov","production_043",400,10,3.15832233947075,3.15832233947075,0,0.999990000061425,0.999990000061425,0.1,0.5,0.0999990000061425,0.499995000030713,0.0999990000052763,0.499995000029864,1.82336006421111,3.65069519052263,0.947799300359323,0.177104434058066,2.58002554580503,1,1,2,4,1,4,0.693147180559945,0.353653019151067,2,2,0.95,0.18,0.69,0.35,3,4.16,0.827762579047875,0.83,0.6889,TRUE,2,0.241034984588623
"Fixed mixed-signal covariate-driven SAR design, lambda = 2",44,"regenerated_from_competing_SAR_seeds","cov","production_044",400,10,3.15832233947075,3.15832233947075,0,0.999990000061537,0.999990000061537,0.1,0.5,0.0999990000061537,0.499995000030768,0.099999000005693,0.499995000030171,1.82008477138265,3.64860206369637,0.946613587835903,0.177416785661363,2.57696819013527,1,1,2,4,1,4,0.693147180559945,0.353653019151067,2,2,0.95,0.18,0.69,0.35,3,4.16,0.827762579047875,0.83,0.6889,TRUE,2,0.241610050201416
"Fixed mixed-signal covariate-driven SAR design, lambda = 2",45,"regenerated_from_competing_SAR_seeds","cov","production_045",400,10,3.15832233947075,3.15832233947075,0,0.99999000006434,0.99999000006434,0.1,0.5,0.099999000006434,0.49999500003217,0.0999990000071108,0.499994999659967,1.79307102230416,3.6233916562833,0.935670156771123,0.179462660961708,2.54892106220265,1,1,2,4,1,4,0.693147180559945,0.353653019151067,2,2,0.94,0.18,0.69,0.35,3,4.16,0.827762579047875,0.83,0.6889,TRUE,2,0.2347731590271
"Fixed mixed-signal covariate-driven SAR design, lambda = 2",46,"regenerated_from_competing_SAR_seeds","cov","production_046",400,10,3.15832233947075,3.15832233947075,0,0.999990000061952,0.999990000061952,0.1,0.5,0.0999990000061952,0.499995000030976,0.0999990000059661,0.499995000030652,1.8168454545405,3.64522823567652,0.945260355053046,0.177635215387279,2.57348331075831,1,1,2,4,1,4,0.693147180559945,0.353653019151067,2,2,0.95,0.18,0.69,0.35,3,4.16,0.827762579047875,0.83,0.6889,TRUE,2,0.24096417427063
"Fixed mixed-signal covariate-driven SAR design, lambda = 2",47,"regenerated_from_competing_SAR_seeds","cov","production_047",400,10,3.15832233947075,3.15832233947075,0,0.999990000063681,0.999990000063681,0.1,0.5,0.0999990000063681,0.499995000031841,0.099998999836975,0.49999500003184,1.80047288612329,3.62969116736009,0.93859845585342,0.178854873715468,2.55639600450185,1,1,2,4,1,4,0.693147180559945,0.353653019151067,2,2,0.94,0.18,0.69,0.35,3,4.16,0.827762579047875,0.83,0.6889,TRUE,2,0.239252090454102
"Fixed mixed-signal covariate-driven SAR design, lambda = 2",48,"regenerated_from_competing_SAR_seeds","cov","production_048",400,10,3.15832233947075,3.15832233947075,0,0.999990000061845,0.999990000061845,0.1,0.5,0.0999990000061845,0.499995000030922,0.0999990000060302,0.499995000030603,1.81521037904721,3.64521762995253,0.944808721216411,0.177864160589576,2.57232130103837,1,1,2,4,1,4,0.693147180559945,0.353653019151067,2,2,0.94,0.18,0.69,0.35,3,4.16,0.827762579047875,0.83,0.6889,TRUE,2,0.240769147872925
"Fixed mixed-signal covariate-driven SAR design, lambda = 2",49,"regenerated_from_competing_SAR_seeds","cov","production_049",400,10,3.15832233947075,3.15832233947075,0,0.999990000062148,0.999990000062148,0.1,0.5,0.0999990000062148,0.499995000031074,0.0999990000061319,0.499995000030908,1.81297308806321,3.64218099190345,0.943775381803974,0.177966175278241,2.56966459293355,1,1,2,4,1,4,0.693147180559945,0.353653019151067,2,2,0.94,0.18,0.69,0.35,3,4.16,0.827762579047875,0.83,0.6889,TRUE,2,0.242212057113647
"Fixed mixed-signal covariate-driven SAR design, lambda = 2",50,"regenerated_from_competing_SAR_seeds","cov","production_050",400,10,3.15832233947075,3.15832233947075,0,0.999990000062582,0.999990000062582,0.1,0.5,0.0999990000062582,0.499995000031291,0.0999990000062233,0.499995000031235,1.81020753781443,3.63808554505732,0.942449547304651,0.178068602064669,2.56625990049264,1,1,2,4,1,4,0.693147180559945,0.353653019151067,2,2,0.94,0.18,0.69,0.35,3,4.16,0.827762579047875,0.83,0.6889,TRUE,2,0.242254972457886
"Fixed mixed-signal covariate-driven SAR design, lambda = 2",51,"regenerated_from_competing_SAR_seeds","cov","production_051",400,10,3.15832233947075,3.15832233947075,0,0.999990000063253,0.999990000063253,0.1,0.5,0.0999990000063253,0.499995000031626,0.0999989993260785,0.499995000031621,1.80333303886641,3.63221484642713,0.939739626820707,0.178627254726289,2.55931495459686,1,1,2,4,1,4,0.693147180559945,0.353653019151067,2,2,0.94,0.18,0.69,0.35,3,4.16,0.827762579047875,0.83,0.6889,TRUE,2,0.240492105484009
"Fixed mixed-signal covariate-driven SAR design, lambda = 2",52,"regenerated_from_competing_SAR_seeds","cov","production_052",400,10,3.15832233947075,3.15832233947075,0,0.9999900000671,0.9999900000671,0.1,0.5,0.09999900000671,0.49999500003355,0.0999990000371482,0.499995000034257,1.7888674959025,3.60951754277021,0.932578427260988,0.179082725121061,2.54105265749285,1,1,2,4,1,4,0.693147180559945,0.353653019151067,2,2,0.93,0.18,0.69,0.35,3,4.16,0.827762579047875,0.83,0.6889,TRUE,2,0.238831043243408
"Fixed mixed-signal covariate-driven SAR design, lambda = 2",53,"regenerated_from_competing_SAR_seeds","cov","production_053",400,10,3.15832233947075,3.15832233947075,0,0.999990000061721,0.999990000061721,0.1,0.5,0.0999990000061721,0.499995000030861,0.0999990000061101,0.499995000030556,1.81197831493968,3.64507869289965,0.943898597288527,0.178309070966905,2.5699812349087,1,1,2,4,1,4,0.693147180559945,0.353653019151067,2,2,0.94,0.18,0.69,0.35,3,4.16,0.827762579047875,0.83,0.6889,TRUE,2,0.23602294921875
"Fixed mixed-signal covariate-driven SAR design, lambda = 2",54,"regenerated_from_competing_SAR_seeds","cov","production_054",400,10,3.15832233947075,3.15832233947075,0,0.99999000006207,0.99999000006207,0.1,0.5,0.099999000006207,0.499995000031035,0.0999990000061383,0.499995000030849,1.81229763324961,3.64268990683944,0.943658922510617,0.178096880540454,2.5693653490361,1,1,2,4,1,4,0.693147180559945,0.353653019151067,2,2,0.94,0.18,0.69,0.35,3,4.16,0.827762579047875,0.83,0.6889,TRUE,2,0.244874954223633
"Fixed mixed-signal covariate-driven SAR design, lambda = 2",55,"regenerated_from_competing_SAR_seeds","cov","production_055",400,10,3.15832233947075,3.15832233947075,0,0.999990000063334,0.999990000063334,0.1,0.5,0.0999990000063334,0.499995000031667,0.0999989999641258,0.499995000031666,1.79873301525596,3.62916456031846,0.938042504882264,0.179064498634644,2.55497516865462,1,1,2,4,1,4,0.693147180559945,0.353653019151067,2,2,0.94,0.18,0.69,0.35,3,4.16,0.827762579047875,0.83,0.6889,TRUE,2,0.240504026412964
"Fixed mixed-signal covariate-driven SAR design, lambda = 2",56,"regenerated_from_competing_SAR_seeds","cov","production_056",400,10,3.15832233947075,3.15832233947075,0,0.999990000064213,0.999990000064213,0.1,0.5,0.0999990000064213,0.499995000032107,0.0999990000065672,0.499994999286048,1.79392004587289,3.622673552469,0.935807749387442,0.17929133240903,2.54927179904923,1,1,2,4,1,4,0.693147180559945,0.353653019151067,2,2,0.94,0.18,0.69,0.35,3,4.16,0.827762579047875,0.83,0.6889,TRUE,2,0.236037015914917
"Fixed mixed-signal covariate-driven SAR design, lambda = 2",57,"regenerated_from_competing_SAR_seeds","cov","production_057",400,10,3.15832233947075,3.15832233947075,0,0.999990000062331,0.999990000062331,0.1,0.5,0.0999990000062331,0.499995000031165,0.0999990000061595,0.499995000031046,1.81250696721897,3.64078525415831,0.943455169634508,0.17793399300353,2.56884188678674,1,1,2,4,1,4,0.693147180559945,0.353653019151067,2,2,0.94,0.18,0.69,0.35,3,4.16,0.827762579047875,0.83,0.6889,TRUE,2,0.236459970474243
"Fixed mixed-signal covariate-driven SAR design, lambda = 2",58,"regenerated_from_competing_SAR_seeds","cov","production_058",400,10,3.15832233947075,3.15832233947075,0,0.999990000061999,0.999990000061999,0.1,0.5,0.0999990000061999,0.499995000031,0.0999990000061633,0.499995000030808,1.81029831197844,3.64286480850183,0.943131026173375,0.178390717373385,2.56800934842467,1,1,2,4,1,4,0.693147180559945,0.353653019151067,2,2,0.94,0.18,0.69,0.35,3,4.16,0.827762579047875,0.83,0.6889,TRUE,2,0.248424053192139
"Fixed mixed-signal covariate-driven SAR design, lambda = 2",59,"regenerated_from_competing_SAR_seeds","cov","production_059",400,10,3.15832233947075,3.15832233947075,0,0.999990000061641,0.999990000061641,0.1,0.5,0.0999990000061641,0.499995000030821,0.0999990000049415,0.499995000030125,1.82539290035728,3.64935698259902,0.948173117327094,0.176726648208298,2.58099018341905,1,1,2,4,1,4,0.693147180559945,0.353653019151067,2,2,0.95,0.18,0.69,0.35,3,4.16,0.827762579047875,0.83,0.6889,TRUE,2,0.249627113342285
"Fixed mixed-signal covariate-driven SAR design, lambda = 2",60,"regenerated_from_competing_SAR_seeds","cov","production_060",400,10,3.15832233947075,3.15832233947075,0,0.999990000062434,0.999990000062434,0.1,0.5,0.0999990000062434,0.499995000031217,0.0999990000061425,0.499995000031114,1.81363497995912,3.64021707666619,0.943688211962312,0.177735462030267,2.56944060544048,1,1,2,4,1,4,0.693147180559945,0.353653019151067,2,2,0.94,0.18,0.69,0.35,3,4.16,0.827762579047875,0.83,0.6889,TRUE,2,0.242930173873901
"Fixed mixed-signal covariate-driven SAR design, lambda = 2",61,"regenerated_from_competing_SAR_seeds","cov","production_061",400,10,3.15832233947075,3.15832233947075,0,0.999990000062255,0.999990000062255,0.1,0.5,0.0999990000062255,0.499995000031128,0.0999990000062183,0.499995000031041,1.80627307755089,3.63968739565474,0.941581723470921,0.178735975221188,2.56403380505649,1,1,2,4,1,4,0.693147180559945,0.353653019151067,2,2,0.94,0.18,0.69,0.35,3,4.16,0.827762579047875,0.83,0.6889,TRUE,2,0.251268863677979
"Fixed mixed-signal covariate-driven SAR design, lambda = 2",62,"regenerated_from_competing_SAR_seeds","cov","production_062",400,10,3.15832233947075,3.15832233947075,0,0.999990000062099,0.999990000062099,0.1,0.5,0.0999990000062099,0.499995000031049,0.0999990000061639,0.499995000030893,1.81105012058189,3.64194986332152,0.943213034559444,0.178220713828214,2.56821995536239,1,1,2,4,1,4,0.693147180559945,0.353653019151067,2,2,0.94,0.18,0.69,0.35,3,4.16,0.827762579047875,0.83,0.6889,TRUE,2,0.245097875595093
"Fixed mixed-signal covariate-driven SAR design, lambda = 2",63,"regenerated_from_competing_SAR_seeds","cov","production_063",400,10,3.15832233947075,3.15832233947075,0,0.999990000062156,0.999990000062156,0.1,0.5,0.0999990000062156,0.499995000031078,0.0999990000061432,0.49999500003092,1.81248170980246,3.6419687489266,0.943610708537938,0.178020460956334,2.56924147271166,1,1,2,4,1,4,0.693147180559945,0.353653019151067,2,2,0.94,0.18,0.69,0.35,3,4.16,0.827762579047875,0.83,0.6889,TRUE,2,0.365118026733398
"Fixed mixed-signal covariate-driven SAR design, lambda = 2",64,"regenerated_from_competing_SAR_seeds","cov","production_064",400,10,3.15832233947075,3.15832233947075,0,0.999990000064317,0.999990000064317,0.1,0.5,0.0999990000064317,0.499995000032159,0.0999990000044313,0.499994999955578,1.79679906950501,3.62434175266648,0.936839736743142,0.178999692020296,2.55190397326374,1,1,2,4,1,4,0.693147180559945,0.353653019151067,2,2,0.94,0.18,0.69,0.35,3,4.16,0.827762579047875,0.83,0.6889,TRUE,2,0.236931085586548
"Fixed mixed-signal covariate-driven SAR design, lambda = 2",65,"regenerated_from_competing_SAR_seeds","cov","production_065",400,10,3.15832233947075,3.15832233947075,0,0.999990000062504,0.999990000062504,0.1,0.5,0.0999990000062504,0.499995000031252,0.0999990000062068,0.499995000031179,1.81085828234084,3.63896131392987,0.942749604817929,0.178038313737502,2.56703004159434,1,1,2,4,1,4,0.693147180559945,0.353653019151067,2,2,0.94,0.18,0.69,0.35,3,4.16,0.827762579047875,0.83,0.6889,TRUE,2,0.243068933486938
"Fixed mixed-signal covariate-driven SAR design, lambda = 2",66,"regenerated_from_competing_SAR_seeds","cov","production_066",400,10,3.15832233947075,3.15832233947075,0,0.999990000062064,0.999990000062064,0.1,0.5,0.0999990000062064,0.499995000031032,0.0999990000060482,0.499995000030806,1.81528750478559,3.64350400082877,0.94459485810659,0.177733366960668,2.57177123522696,1,1,2,4,1,4,0.693147180559945,0.353653019151067,2,2,0.94,0.18,0.69,0.35,3,4.16,0.827762579047875,0.83,0.6889,TRUE,2,0.247527122497559
"Fixed mixed-signal covariate-driven SAR design, lambda = 2",67,"regenerated_from_competing_SAR_seeds","cov","production_067",400,10,3.15832233947075,3.15832233947075,0,0.999990000063032,0.999990000063032,0.1,0.5,0.0999990000063032,0.499995000031516,0.0999990004187821,0.499995000031501,1.80535692755666,3.63439887000229,0.940601020290281,0.178494455518048,2.56152048156222,1,1,2,4,1,4,0.693147180559945,0.353653019151067,2,2,0.94,0.18,0.69,0.35,3,4.16,0.827762579047875,0.83,0.6889,TRUE,2,0.244512796401978
"Fixed mixed-signal covariate-driven SAR design, lambda = 2",68,"regenerated_from_competing_SAR_seeds","cov","production_068",400,10,3.15832233947075,3.15832233947075,0,0.99999000006237,0.99999000006237,0.1,0.5,0.099999000006237,0.499995000031185,0.099999000006222,0.499995000031106,1.80794217563071,3.63931017535347,0.941991715188397,0.178473910232126,2.56508525320768,1,1,2,4,1,4,0.693147180559945,0.353653019151067,2,2,0.94,0.18,0.69,0.35,3,4.16,0.827762579047875,0.83,0.6889,TRUE,2,0.245122194290161
"Fixed mixed-signal covariate-driven SAR design, lambda = 2",69,"regenerated_from_competing_SAR_seeds","cov","production_069",400,10,3.15832233947075,3.15832233947075,0,0.999990000061739,0.999990000061739,0.1,0.5,0.0999990000061739,0.499995000030869,0.0999990000058488,0.499995000030435,1.81839552699168,3.64678620639004,0.945900411013973,0.177526668890219,2.57513101134575,1,1,2,4,1,4,0.693147180559945,0.353653019151067,2,2,0.95,0.18,0.69,0.35,3,4.16,0.827762579047875,0.83,0.6889,TRUE,2,0.245863914489746
"Fixed mixed-signal covariate-driven SAR design, lambda = 2",70,"regenerated_from_competing_SAR_seeds","cov","production_070",400,10,3.15832233947075,3.15832233947075,0,0.999990000061123,0.999990000061123,0.1,0.5,0.0999990000061123,0.499995000030561,0.0999990000051029,0.499995000029392,1.82422035446401,3.6529015242622,0.948337241338132,0.177138228739332,2.58141382064397,1,1,2,4,1,4,0.693147180559945,0.353653019151067,2,2,0.95,0.18,0.69,0.35,3,4.16,0.827762579047875,0.83,0.6889,TRUE,2,0.246634960174561
"Fixed mixed-signal covariate-driven SAR design, lambda = 2",71,"regenerated_from_competing_SAR_seeds","cov","production_071",400,10,3.15832233947075,3.15832233947075,0,0.999990000062721,0.999990000062721,0.1,0.5,0.0999990000062721,0.499995000031361,0.0999990004648775,0.499995000031334,1.80526093869807,3.63591483205202,0.940782949112467,0.178614406265499,2.56198653835973,1,1,2,4,1,4,0.693147180559945,0.353653019151067,2,2,0.94,0.18,0.69,0.35,3,4.16,0.827762579047875,0.83,0.6889,TRUE,2,0.244871854782104
"Fixed mixed-signal covariate-driven SAR design, lambda = 2",72,"regenerated_from_competing_SAR_seeds","cov","production_072",400,10,3.15832233947075,3.15832233947075,0,0.999990000061994,0.999990000061994,0.1,0.5,0.0999990000061994,0.499995000030997,0.0999990000061564,0.499995000030817,1.81087938163063,3.64259298873453,0.943254180540463,0.178289810322723,2.56832562946595,1,1,2,4,1,4,0.693147180559945,0.353653019151067,2,2,0.94,0.18,0.69,0.35,3,4.16,0.827762579047875,0.83,0.6889,TRUE,2,0.24249792098999
"Fixed mixed-signal covariate-driven SAR design, lambda = 2",73,"regenerated_from_competing_SAR_seeds","cov","production_073",400,10,3.15832233947075,3.15832233947075,0,0.999990000061501,0.999990000061501,0.1,0.5,0.0999990000061501,0.499995000030751,0.0999990000045739,0.499995000029823,1.82686333715694,3.65115575111048,0.948822117218044,0.176646942048931,2.58266578944188,1,1,2,4,1,4,0.693147180559945,0.353653019151067,2,2,0.95,0.18,0.69,0.35,3,4.16,0.827762579047875,0.83,0.6889,TRUE,2,0.247173070907593
"Fixed mixed-signal covariate-driven SAR design, lambda = 2",74,"regenerated_from_competing_SAR_seeds","cov","production_074",400,10,3.15832233947075,3.15832233947075,0,0.999990000063921,0.999990000063921,0.1,0.5,0.0999990000063921,0.49999500003196,0.0999990000065351,0.499994999896447,1.79392491292088,3.6240707708631,0.936001912287721,0.179389012685712,2.54976682111124,1,1,2,4,1,4,0.693147180559945,0.353653019151067,2,2,0.94,0.18,0.69,0.35,3,4.16,0.827762579047875,0.83,0.6889,TRUE,2,0.236274003982544
"Fixed mixed-signal covariate-driven SAR design, lambda = 2",75,"regenerated_from_competing_SAR_seeds","cov","production_075",400,10,3.15832233947075,3.15832233947075,0,0.999990000062217,0.999990000062217,0.1,0.5,0.0999990000062217,0.499995000031109,0.099999000006212,0.499995000031002,1.80690366890258,3.64046461468414,0.941863007564576,0.178701399667575,2.56475512842509,1,1,2,4,1,4,0.693147180559945,0.353653019151067,2,2,0.94,0.18,0.69,0.35,3,4.16,0.827762579047875,0.83,0.6889,TRUE,2,0.244955778121948
"Fixed mixed-signal covariate-driven SAR design, lambda = 2",76,"regenerated_from_competing_SAR_seeds","cov","production_076",400,10,3.15832233947075,3.15832233947075,0,0.999990000063396,0.999990000063396,0.1,0.5,0.0999990000063396,0.499995000031698,0.0999990000063108,0.499995000031681,1.80957972365964,3.63461713625845,0.94179919992719,0.177913768434007,2.56459148268085,1,1,2,4,1,4,0.693147180559945,0.353653019151067,2,2,0.94,0.18,0.69,0.35,3,4.16,0.827762579047875,0.83,0.6889,TRUE,2,0.245198011398315
"Fixed mixed-signal covariate-driven SAR design, lambda = 2",77,"regenerated_from_competing_SAR_seeds","cov","production_077",400,10,3.15832233947075,3.15832233947075,0,0.999990000060986,0.999990000060986,0.1,0.5,0.0999990000060986,0.499995000030493,0.0999990000044337,0.499995000028982,1.82728272055581,3.65469754161224,0.949421674518665,0.176835730676655,2.58421470985788,1,1,2,4,1,4,0.693147180559945,0.353653019151067,2,2,0.95,0.18,0.69,0.35,3,4.16,0.827762579047875,0.83,0.6889,TRUE,2,0.249202013015747
"Fixed mixed-signal covariate-driven SAR design, lambda = 2",78,"regenerated_from_competing_SAR_seeds","cov","production_078",400,10,3.15832233947075,3.15832233947075,0,0.999990000062371,0.999990000062371,0.1,0.5,0.0999990000062371,0.499995000031186,0.099999000006223,0.499995000031105,1.80779129131165,3.63939142041717,0.941961147281335,0.17850089642242,2.56500684511845,1,1,2,4,1,4,0.693147180559945,0.353653019151067,2,2,0.94,0.18,0.69,0.35,3,4.16,0.827762579047875,0.83,0.6889,TRUE,2,0.245707035064697
"Fixed mixed-signal covariate-driven SAR design, lambda = 2",79,"regenerated_from_competing_SAR_seeds","cov","production_079",400,10,3.15832233947075,3.15832233947075,0,0.999990000061033,0.999990000061033,0.1,0.5,0.0999990000061033,0.499995000030516,0.0999990000042533,0.499995000029037,1.8280028535585,3.65451298894714,0.949593436612039,0.176722330249838,2.58465861810839,1,1,2,4,1,4,0.693147180559945,0.353653019151067,2,2,0.95,0.18,0.69,0.35,3,4.16,0.827762579047875,0.83,0.6889,TRUE,2,0.248300075531006
"Fixed mixed-signal covariate-driven SAR design, lambda = 2",80,"regenerated_from_competing_SAR_seeds","cov","production_080",400,10,3.15832233947075,3.15832233947075,0,0.999990000062899,0.999990000062899,0.1,0.5,0.0999990000062899,0.499995000031449,0.0999990007692906,0.499995000031435,1.80448272281217,3.63436425749413,0.940354085734198,0.178615585766954,2.56088803172928,1,1,2,4,1,4,0.693147180559945,0.353653019151067,2,2,0.94,0.18,0.69,0.35,3,4.16,0.827762579047875,0.83,0.6889,TRUE,2,0.243001937866211
"Fixed mixed-signal covariate-driven SAR design, lambda = 2",81,"regenerated_from_competing_SAR_seeds","cov","production_081",400,10,3.15832233947075,3.15832233947075,0,0.999990000061636,0.999990000061636,0.1,0.5,0.0999990000061636,0.499995000030818,0.099999000005574,0.499995000030241,1.82124539136493,3.64834092608972,0.946896535753526,0.177235903541398,2.5776974410836,1,1,2,4,1,4,0.693147180559945,0.353653019151067,2,2,0.95,0.18,0.69,0.35,3,4.16,0.827762579047875,0.83,0.6889,TRUE,2,0.239786148071289
"Fixed mixed-signal covariate-driven SAR design, lambda = 2",82,"regenerated_from_competing_SAR_seeds","cov","production_082",400,10,3.15832233947075,3.15832233947075,0,0.999990000063429,0.999990000063429,0.1,0.5,0.0999990000063429,0.499995000031715,0.0999990000044029,0.499995000031715,1.79679461886343,3.62820637505477,0.937371362380666,0.179272198366466,2.55326099152132,1,1,2,4,1,4,0.693147180559945,0.353653019151067,2,2,0.94,0.18,0.69,0.35,3,4.16,0.827762579047875,0.83,0.6889,TRUE,2,0.243391036987305
"Fixed mixed-signal covariate-driven SAR design, lambda = 2",83,"regenerated_from_competing_SAR_seeds","cov","production_083",400,10,3.15832233947075,3.15832233947075,0,0.9999900000645,0.9999900000645,0.1,0.5,0.09999900000645,0.49999500003225,0.099999000006351,0.499995000032247,1.81339539299417,3.63106788837313,0.94236389241485,0.177127181653056,2.56604009719741,1,1,2,4,1,4,0.693147180559945,0.353653019151067,2,2,0.94,0.18,0.69,0.35,3,4.16,0.827762579047875,0.83,0.6889,TRUE,2,0.247992038726807
"Fixed mixed-signal covariate-driven SAR design, lambda = 2",84,"regenerated_from_competing_SAR_seeds","cov","production_084",400,10,3.15832233947075,3.15832233947075,0,0.999990000063075,0.999990000063075,0.1,0.5,0.0999990000063075,0.499995000031538,0.0999989995436338,0.499995000031531,1.80240270037873,3.63279146842016,0.93956098033022,0.178799393635232,2.55885778279945,1,1,2,4,1,4,0.693147180559945,0.353653019151067,2,2,0.94,0.18,0.69,0.35,3,4.16,0.827762579047875,0.83,0.6889,TRUE,2,0.23860502243042
"Fixed mixed-signal covariate-driven SAR design, lambda = 2",85,"regenerated_from_competing_SAR_seeds","cov","production_085",400,10,3.15832233947075,3.15832233947075,0,0.999990000063513,0.999990000063513,0.1,0.5,0.0999990000063513,0.499995000031757,0.0999989999820277,0.499995000031756,1.79821434526497,3.62921344219584,0.937905042156477,0.179141506078713,2.55462397894192,1,1,2,4,1,4,0.693147180559945,0.353653019151067,2,2,0.94,0.18,0.69,0.35,3,4.16,0.827762579047875,0.83,0.6889,TRUE,2,0.239964008331299
"Fixed mixed-signal covariate-driven SAR design, lambda = 2",86,"regenerated_from_competing_SAR_seeds","cov","production_086",400,10,3.15832233947075,3.15832233947075,0,0.999990000061689,0.999990000061689,0.1,0.5,0.0999990000061689,0.499995000030845,0.0999990000056318,0.499995000030356,1.82092676919529,3.64740796912633,0.94668117760187,0.177215293247586,2.57714237269856,1,1,2,4,1,4,0.693147180559945,0.353653019151067,2,2,0.95,0.18,0.69,0.35,3,4.16,0.827762579047875,0.83,0.6889,TRUE,2,0.245827198028564
"Fixed mixed-signal covariate-driven SAR design, lambda = 2",87,"regenerated_from_competing_SAR_seeds","cov","production_087",400,10,3.15832233947075,3.15832233947075,0,0.999990000062639,0.999990000062639,0.1,0.5,0.0999990000062639,0.49999500003132,0.0999990000062448,0.499995000031271,1.80851214469757,3.63764738453534,0.941920818746214,0.178276914153541,2.56490340423563,1,1,2,4,1,4,0.693147180559945,0.353653019151067,2,2,0.94,0.18,0.69,0.35,3,4.16,0.827762579047875,0.83,0.6889,TRUE,2,0.248424768447876
"Fixed mixed-signal covariate-driven SAR design, lambda = 2",88,"regenerated_from_competing_SAR_seeds","cov","production_088",400,10,3.15832233947075,3.15832233947075,0,0.999990000062365,0.999990000062365,0.1,0.5,0.0999990000062365,0.499995000031183,0.0999990000062258,0.49999500003111,1.80712356771134,3.63902249976445,0.941725746815508,0.178569278572798,2.56440311237453,1,1,2,4,1,4,0.693147180559945,0.353653019151067,2,2,0.94,0.18,0.69,0.35,3,4.16,0.827762579047875,0.83,0.6889,TRUE,2,0.249952077865601
"Fixed mixed-signal covariate-driven SAR design, lambda = 2",89,"regenerated_from_competing_SAR_seeds","cov","production_089",400,10,3.15832233947075,3.15832233947075,0,0.999990000062135,0.999990000062135,0.1,0.5,0.0999990000062135,0.499995000031067,0.0999990000062032,0.49999500003094,1.8070348662327,3.64114590643872,0.941992874042243,0.178730614587134,2.56508822576832,1,1,2,4,1,4,0.693147180559945,0.353653019151067,2,2,0.94,0.18,0.69,0.35,3,4.16,0.827762579047875,0.83,0.6889,TRUE,2,0.248116016387939
"Fixed mixed-signal covariate-driven SAR design, lambda = 2",90,"regenerated_from_competing_SAR_seeds","cov","production_090",400,10,3.15832233947075,3.15832233947075,0,0.999990000062389,0.999990000062389,0.1,0.5,0.0999990000062389,0.499995000031194,0.0999990000062116,0.499995000031113,1.80950854502928,3.63941943163284,0.942439729224593,0.178260644407154,2.56623470487117,1,1,2,4,1,4,0.693147180559945,0.353653019151067,2,2,0.94,0.18,0.69,0.35,3,4.16,0.827762579047875,0.83,0.6889,TRUE,2,0.248646974563599
"Fixed mixed-signal covariate-driven SAR design, lambda = 2",91,"regenerated_from_competing_SAR_seeds","cov","production_091",400,10,3.15832233947075,3.15832233947075,0,0.999990000062251,0.999990000062251,0.1,0.5,0.0999990000062251,0.499995000031126,0.0999990000061647,0.499995000030981,1.8118653136407,3.64158342791652,0.943387734683707,0.178080241677409,2.56866866290122,1,1,2,4,1,4,0.693147180559945,0.353653019151067,2,2,0.94,0.18,0.69,0.35,3,4.16,0.827762579047875,0.83,0.6889,TRUE,2,0.242427110671997
"Fixed mixed-signal covariate-driven SAR design, lambda = 2",92,"regenerated_from_competing_SAR_seeds","cov","production_092",400,10,3.15832233947075,3.15832233947075,0,0.999990000060885,0.999990000060885,0.1,0.5,0.0999990000060885,0.499995000030442,0.0999990000022656,0.499995000028401,1.83311415157264,3.65687634741234,0.951312784377949,0.176174942175494,2.5891063676475,1,1,2,4,1,4,0.693147180559945,0.353653019151067,2,2,0.95,0.18,0.69,0.35,3,4.16,0.827762579047875,0.83,0.6889,TRUE,2,0.24904990196228
"Fixed mixed-signal covariate-driven SAR design, lambda = 2",93,"regenerated_from_competing_SAR_seeds","cov","production_093",400,10,3.15832233947075,3.15832233947075,0,0.999990000061887,0.999990000061887,0.1,0.5,0.0999990000061887,0.499995000030944,0.0999990000060619,0.499995000030675,1.81454393851425,3.64437771457181,0.94450989522834,0.177899050891848,2.57155273942276,1,1,2,4,1,4,0.693147180559945,0.353653019151067,2,2,0.94,0.18,0.69,0.35,3,4.16,0.827762579047875,0.83,0.6889,TRUE,2,0.246352910995483
"Fixed mixed-signal covariate-driven SAR design, lambda = 2",94,"regenerated_from_competing_SAR_seeds","cov","production_094",400,10,3.15832233947075,3.15832233947075,0,0.999990000065591,0.999990000065591,0.1,0.5,0.0999990000065591,0.499995000032795,0.0999990000083409,0.49999500003293,1.7923682676538,3.61601995734983,0.934455880817853,0.179043127140828,2.5458278470385,1,1,2,4,1,4,0.693147180559945,0.353653019151067,2,2,0.93,0.18,0.69,0.35,3,4.16,0.827762579047875,0.83,0.6889,TRUE,2,0.243561029434204
"Fixed mixed-signal covariate-driven SAR design, lambda = 2",95,"regenerated_from_competing_SAR_seeds","cov","production_095",400,10,3.15832233947075,3.15832233947075,0,0.999990000062994,0.999990000062994,0.1,0.5,0.0999990000062994,0.499995000031497,0.099999000006279,0.499995000031474,1.80866622275288,3.63539571138272,0.94165382332268,0.178097223185982,2.56421867817832,1,1,2,4,1,4,0.693147180559945,0.353653019151067,2,2,0.94,0.18,0.69,0.35,3,4.16,0.827762579047875,0.83,0.6889,TRUE,2,0.250536918640137
"Fixed mixed-signal covariate-driven SAR design, lambda = 2",96,"regenerated_from_competing_SAR_seeds","cov","production_096",400,10,3.15832233947075,3.15832233947075,0,0.999990000061943,0.999990000061943,0.1,0.5,0.0999990000061944,0.499995000030972,0.0999990000060007,0.499995000030663,1.81615530762152,3.64501001332576,0.945040455468656,0.177716866164792,2.57291746506474,1,1,2,4,1,4,0.693147180559945,0.353653019151067,2,2,0.95,0.18,0.69,0.35,3,4.16,0.827762579047875,0.83,0.6889,TRUE,2,0.249288082122803
"Fixed mixed-signal covariate-driven SAR design, lambda = 2",97,"regenerated_from_competing_SAR_seeds","cov","production_097",400,10,3.15832233947075,3.15832233947075,0,0.999990000062769,0.999990000062769,0.1,0.5,0.0999990000062769,0.499995000031385,0.0999990000062557,0.499995000031343,1.8087994263763,3.63710703561859,0.941925960034441,0.178198496470972,2.56491659117721,1,1,2,4,1,4,0.693147180559945,0.353653019151067,2,2,0.94,0.18,0.69,0.35,3,4.16,0.827762579047875,0.83,0.6889,TRUE,2,0.246409177780151
"Fixed mixed-signal covariate-driven SAR design, lambda = 2",98,"regenerated_from_competing_SAR_seeds","cov","production_098",400,10,3.15832233947075,3.15832233947075,0,0.999990000062532,0.999990000062532,0.1,0.5,0.0999990000062533,0.499995000031266,0.0999990005232761,0.499995000031228,1.80513780883321,3.63695543977819,0.940891925633695,0.17870480842605,2.56226574995359,1,1,2,4,1,4,0.693147180559945,0.353653019151067,2,2,0.94,0.18,0.69,0.35,3,4.16,0.827762579047875,0.83,0.6889,TRUE,2,0.240960836410522
"Fixed mixed-signal covariate-driven SAR design, lambda = 2",99,"regenerated_from_competing_SAR_seeds","cov","production_099",400,10,3.15832233947075,3.15832233947075,0,0.99999000006059,0.99999000006059,0.1,0.5,0.099999000006059,0.499995000030295,0.0999990000008718,0.499995000027466,1.83554606940914,3.65961251882729,0.952349647690843,0.176027532988566,2.59179230928983,1,1,2,4,1,4,0.693147180559945,0.353653019151067,2,2,0.95,0.18,0.69,0.35,3,4.16,0.827762579047875,0.83,0.6889,TRUE,2,0.249006986618042
"Fixed mixed-signal covariate-driven SAR design, lambda = 2",100,"regenerated_from_competing_SAR_seeds","cov","production_100",400,10,3.15832233947075,3.15832233947075,0,0.999990000061858,0.999990000061858,0.1,0.5,0.0999990000061858,0.499995000030929,0.0999990000058911,0.499995000030578,1.81797922657406,3.64565691044021,0.945631070364301,0.177506068450978,2.57443751728343,1,1,2,4,1,4,0.693147180559945,0.353653019151067,2,2,0.95,0.18,0.69,0.35,3,4.16,0.827762579047875,0.83,0.6889,TRUE,2,0.246845006942749
