"stage","index","expert","attainable_corr_min","attainable_corr_max","attainable_corr_span","target_corr_pct_low","target_corr_pct_high","target_corr_low","target_corr_high","achieved_corr_at_first_target","achieved_corr_at_second_target","ell_interval_low","ell_interval_high","log_ell_mean_unrounded","log_ell_sd_unrounded","ell_median","unit_kernel_mean_marginal_sd","effective_sd_target_center","effective_sd_target_low","effective_sd_target_high","sigma_raw_interval_low","sigma_raw_interval_high","log_sig_mean_unrounded","log_sig_sd_unrounded","sigma_raw_median","effective_sigma_median_check","n_mean_features","Z_rms_factor","Z_rms_factor_from_dimension","half_t_df","mean_rms_95_mult","tau_scale_unrounded","tau_scale_active","tau2_default","log_ell_mean_active","log_ell_sd_active","log_sig_mean_active","log_sig_sd_active","calibration_label","active_prior_rounding","active_prior_digits","prior_calibration_runtime_sec"
"pilot",1,"cov",0,0.999990000061258,0.999990000061258,0.1,0.5,0.0999990000061258,0.499995000030629,0.0999990000052558,0.499995000029648,1.82342332095266,3.65168899465539,0.947952739364941,0.177165020479885,2.58042145273225,1,1.4142135623731,0.707106781186548,2.82842712474619,0.707106781186548,2.82842712474619,0.346573590279973,0.353653019151067,1.4142135623731,1.4142135623731,10,3.15832233947075,3.15832233947075,3,4.16,0.585316532857218,0.59,0.3481,0.95,0.18,0.35,0.35,"pilot_01",TRUE,2,0.349853038787842
"pilot",1,"network",1.14886754393918e-07,0.94083959899751,0.940839484110756,0.1,0.5,0.09408406329783,0.470419856942132,0.0940840632985568,0.470419856942134,0.171163078179591,0.258568610657286,-1.5588663526099,0.105242827107788,0.210374426489346,0.107711649724687,1.4142135623731,0.707106781186548,2.82842712474619,6.56481246916119,26.2592498766448,2.57487112266089,0.353653019151067,13.1296249383224,1.4142135623731,1,0.998749217771909,0.998749217771909,3,4.16,1.85093339598159,1.85,3.4225,-1.56,0.11,2.57,0.35,"pilot_01",TRUE,2,0.349853038787842
"pilot",2,"cov",0,0.999990000063986,0.999990000063986,0.1,0.5,0.0999990000063986,0.499995000031993,0.099999000006367,0.499995000031983,1.80976884920933,3.63343169465754,0.941688350813957,0.177803890305907,2.56430721574485,1,1.4142135623731,0.707106781186548,2.82842712474619,0.707106781186548,2.82842712474619,0.346573590279973,0.353653019151067,1.4142135623731,1.4142135623731,10,3.15832233947075,3.15832233947075,3,4.16,0.585316532857218,0.59,0.3481,0.94,0.18,0.35,0.35,"pilot_02",TRUE,2,0.45619010925293
"pilot",2,"network",1.15204869086966e-07,0.950563909774454,0.950563794569585,0.1,0.5,0.0950564946618276,0.475282012489662,0.0950564946626842,0.475282012487209,0.167396594918295,0.253483942498329,-1.57992213164127,0.105852623884277,0.205991137772199,0.103000309710138,1.4142135623731,0.707106781186548,2.82842712474619,6.86509373783903,27.4603749513561,2.61959687414245,0.353653019151067,13.7301874756781,1.4142135623731,1,0.998749217771909,0.998749217771909,3,4.16,1.85093339598159,1.85,3.4225,-1.58,0.11,2.62,0.35,"pilot_02",TRUE,2,0.45619010925293
"pilot",3,"cov",0,0.999990000061274,0.999990000061274,0.1,0.5,0.0999990000061274,0.499995000030637,0.0999990000056301,0.499995000029777,1.82042338231846,3.65089372870127,0.947020548241398,0.177529510390702,2.5780171275784,1,1.4142135623731,0.707106781186548,2.82842712474619,0.707106781186548,2.82842712474619,0.346573590279973,0.353653019151067,1.4142135623731,1.4142135623731,10,3.15832233947075,3.15832233947075,3,4.16,0.585316532857218,0.59,0.3481,0.95,0.18,0.35,0.35,"pilot_03",TRUE,2,0.482572078704834
"pilot",3,"network",1.15622661764783e-07,0.965275689223077,0.965275573600415,0.1,0.5,0.0965276729827032,0.482637902422869,0.0965276729835439,0.482637902422105,0.166741480172798,0.25370748149352,-1.58144200609544,0.107077826158133,0.205678294905277,0.106892510827661,1.4142135623731,0.707106781186548,2.82842712474619,6.61511995285235,26.4604798114094,2.58250511142464,0.353653019151067,13.2302399057047,1.4142135623731,3,1.72988438920062,1.72988438920062,3,4.16,1.06863689442204,1.07,1.1449,-1.58,0.11,2.58,0.35,"pilot_03",TRUE,2,0.482572078704834
"pilot",4,"cov",0,0.999990000061876,0.999990000061876,0.1,0.5,0.0999990000061876,0.499995000030938,0.0999990000058363,0.499995000030506,1.81871568200461,3.64670223625902,0.945976922519229,0.177475883487785,2.57532804603327,1,1.4142135623731,0.707106781186548,2.82842712474619,0.707106781186548,2.82842712474619,0.346573590279973,0.353653019151067,1.4142135623731,1.4142135623731,10,3.15832233947075,3.15832233947075,3,4.16,0.585316532857218,0.59,0.3481,0.95,0.18,0.35,0.35,"pilot_04",TRUE,2,0.543118000030518
"pilot",4,"network",1.17694023302555e-07,0.99500000000002,0.994999882305997,0.1,0.5,0.099500105924623,0.497500058847022,0.0995001059255841,0.497500058847029,0.169952110090043,0.257120998163992,-1.56522354093875,0.105621862271514,0.209041278666268,0.107213423537389,1.4142135623731,0.707106781186548,2.82842712474619,6.59531948385132,26.3812779354053,2.57950740889952,0.353653019151067,13.1906389677026,1.41421356237309,1,0.998749217771909,0.998749217771909,3,4.16,1.85093339598159,1.85,3.4225,-1.57,0.11,2.58,0.35,"pilot_04",TRUE,2,0.543118000030518
"pilot",5,"cov",0,0.9999900000633,0.9999900000633,0.1,0.5,0.09999900000633,0.49999500003165,0.0999990007571018,0.499995000031644,1.80449693060765,3.63262769180033,0.940119056286445,0.178491653373334,2.56028621835413,1,1.4142135623731,0.707106781186548,2.82842712474619,0.707106781186548,2.82842712474619,0.346573590279973,0.353653019151067,1.4142135623731,1.4142135623731,10,3.15832233947075,3.15832233947075,3,4.16,0.585316532857218,0.59,0.3481,0.94,0.18,0.35,0.35,"pilot_05",TRUE,2,0.517214059829712
"pilot",5,"network",1.15960404185845e-07,0.965263157894753,0.965263041934349,0.1,0.5,0.0965264201538391,0.482631636927579,0.0965264201434071,0.4826316363549,0.178359940275663,0.265509077154312,-1.52502894202755,0.101493034370627,0.217614758561752,0.10179037708213,1.4142135623731,0.707106781186548,2.82842712474619,6.94669576296017,27.7867830518407,2.63141329729417,0.353653019151067,13.8933915259203,1.4142135623731,1,0.998749217771909,0.998749217771909,3,4.16,1.85093339598159,1.85,3.4225,-1.53,0.1,2.63,0.35,"pilot_05",TRUE,2,0.517214059829712
