"parameter","mean","sd","q025","median","q975","pooled_tail_draws"
"z_log_ell_cov",0.0766883345640557,1.04961964467056,-1.9923227309675,0.107675983719158,2.08463487479881,25000
"z_log_sigma_cov",-0.886545686440331,0.779152922372238,-2.48359034606608,-0.853527707885498,0.542437738178582,25000
"raw_log_ell_cov",0.970644886634039,0.180704419331837,0.603109460521963,0.975512165233196,1.31455406427289,25000
"raw_log_sigma_cov",0.379709009745884,0.272703522830283,-0.179256621123128,0.391265302240076,0.879853208362504,25000
"beta0",-3.22343301498311,0.497060541204241,-4.24726578387239,-3.21477047099659,-2.2642520500501,25000
"tau2_cov_scale_ratio",0.208138219766142,0.255346843600884,0.000184617779781198,0.128195361678553,0.895826949442014,25000
"aux_cov_scale_ratio",6344.19898384455,117061.05248938,1.64576112092792,17.0644226331068,11558.2505820122,25000
"gamma_X1",0.112453318114317,0.25199574213136,-0.345562760216716,0.0700550168037843,0.684512467210054,25000
"gamma_X2",0.213189832599042,0.297613641308071,-0.250256864948342,0.150396823144345,0.896530622119516,25000
"gamma_X3",0.141490226663146,0.29631951743674,-0.372986620980709,0.0826842924329421,0.834191123884727,25000
"gamma_X4",0.115132228052425,0.227158459640982,-0.311340953560241,0.0833751610840936,0.608820678845456,25000
"gamma_X5",0.182630189188529,0.259882693575323,-0.260532719573126,0.140198927717547,0.772796449380896,25000
"gamma_X6",0.216048439148952,0.257819733986573,-0.196965280141608,0.177241303307729,0.790916545842279,25000
"gamma_X7",0.198036589873315,0.278247794981235,-0.253983371146923,0.146698076211905,0.828866026188554,25000
"gamma_X8",0.164498323763804,0.267202766265023,-0.286873363795421,0.114758969614166,0.791237345652645,25000
"gamma_X9",0.265852671255631,0.32215988056464,-0.204350898684354,0.199644156821234,1.02610366963479,25000
"gamma_X10",0.148430609157776,0.251337707681769,-0.294068947617376,0.107439459112071,0.713706576004464,25000
