"scenario","replicate","model_key","method","Overall_AUC","Hidden_AUC","Hidden_at_15","Hidden_Recall_at_15","Overall_Recall_at_45","Overall_LogLoss","Hidden_LogLoss","Overall_Brier","Hidden_Brier","Overall_Coverage_80","Hidden_Coverage_80","Overall_Interval_Score_80","Hidden_Interval_Score_80","Overall_Interval_Width_80","Hidden_Interval_Width_80","Overall_Coverage_95","Hidden_Coverage_95","Overall_Interval_Score_95","Hidden_Interval_Score_95","Overall_Interval_Width_95","Hidden_Interval_Width_95","anchor_max_mean","anchor_max_median","anchor_max_q025","anchor_max_q975","anchor_Pr_over_090","anchor_Pr_over_095","anchor_Pr_over_099","anchor_q99_median","anchor_top5_median","beta0_posterior_mean","tau_cov_posterior_mean","tau_network_posterior_mean","ell_cov_posterior_mean","sigma_cov_posterior_mean","ell_network_posterior_mean","sigma_network_posterior_mean","network_mean_feature_count","acc_blocked_f","acc_blocked_cov","acc_blocked_network","acc_joint_tune","acc_joint_sampling","acc_f_refresh_sampling","delta_final","kappa_cov_final","kappa_network_final","joint_theta_scale_final","runtime_sec"
"Fixed mixed-signal covariate-driven SAR design, lambda = 2",1,"full_poe","PoE",0.954553990610329,0.866854460093897,4,0.266666666666667,0.755555555555556,0.185742787698415,2.35074130812781,0.0547152928508806,0.777617391793042,0.9775,0.4,0.3725,6.4,0.1475,0.4,0.9975,0.933333333333333,0.6575,3.6,0.5575,0.933333333333333,0.967023515704691,0.98261390891442,0.845481077457179,0.999787134952019,0.9245,0.7735,0.375,0.86874613567067,0.922997178268578,-3.35744493282512,0.263147275326603,0.674471974899159,2.36348838510512,2.64510701833474,0.202298530919779,13.4958614914098,2,0.377,0.054,0.1472,0.2578,0.252125,0.391525,2.49733049243722,0.717550443536631,0.866491586288739,1.04186531730717,5938.55177998543
"Fixed mixed-signal covariate-driven SAR design, lambda = 2",2,"full_poe","PoE",0.912550860719875,0.742910798122066,5,0.333333333333333,0.755555555555556,0.186941495463592,2.77368751158665,0.0499342743317678,0.811389603056704,0.9725,0.333333333333333,0.3975,7,0.1225,0.333333333333333,0.9925,0.8,0.895,8.79999999999999,0.595,0.8,0.978851002409825,0.989889365155138,0.894791535274732,0.999808749800747,0.97,0.8855,0.499,0.910028728101288,0.950043494699429,-3.252902642209,0.155307341294366,0.255236987437232,2.38092997375138,2.92547442801366,0.21532520075668,13.0931543580527,5,0.3674,0.0504,0.1754,0.2475,0.2609,0.39765,2.48260170198114,0.715088966050474,0.882784097594576,0.971593874248247,5975.45274400711
"Fixed mixed-signal covariate-driven SAR design, lambda = 2",3,"full_poe","PoE",0.860093896713615,0.580469483568075,2,0.133333333333333,0.711111111111111,0.200831152472227,3.8249140177016,0.0453046702970874,0.90308795454562,0.9675,0.133333333333333,0.4225,8.8,0.0975,0.133333333333333,0.9825,0.533333333333333,1.0975,19.2,0.3975,0.533333333333333,0.992868434874259,0.997358805286718,0.957561441420189,0.999969602403623,0.9975,0.982,0.797,0.964668571222113,0.982230006431335,-3.40002817845245,0.216447950338762,1.05854064451536,2.51811631883415,4.12285147633481,0.203996574233305,10.5652400601277,1,0.4036,0.041,0.2024,0.2411,0.273225,0.4351,2.51124412185218,0.710130972306637,0.898659017644973,0.857028050786937,5580.1641869545
"Fixed mixed-signal covariate-driven SAR design, lambda = 2",4,"full_poe","PoE",0.966134585289515,0.922441314553991,8,0.533333333333333,0.844444444444444,0.172943069402129,2.18540213355813,0.0506242806255247,0.752606509771263,0.9825,0.6,0.2975,4.6,0.1225,0.6,0.9975,0.933333333333333,0.66,3.6,0.56,0.933333333333333,0.978640879028184,0.989761816270074,0.898151229531429,0.999781336093831,0.9715,0.8795,0.4935,0.908204310239123,0.949766230033554,-3.18961958367265,0.187331328215302,0.916027606769406,2.48303378523897,2.43315810022709,0.217602428980533,16.2078182349543,1,0.3884,0.0578,0.1546,0.258,0.25025,0.41585,2.51647659738078,0.720192352543517,0.864142295133429,1.12027121361616,6006.51473617554
"Fixed mixed-signal covariate-driven SAR design, lambda = 2",5,"full_poe","PoE",0.906478873239437,0.71981220657277,3,0.2,0.733333333333333,0.190973425131547,3.10443937725611,0.050472015690225,0.885765235803965,0.97,0.2,0.415,8.2,0.115,0.2,0.99,0.733333333333333,0.8975,11.4,0.4975,0.733333333333333,0.991517797980843,0.997396354715824,0.943440479777947,0.999981996026464,0.997,0.967,0.7615,0.950837123377728,0.975900204347091,-3.27494154172797,0.207140729453772,0.761712931502261,2.57124027686964,3.20881990837782,0.213162521083714,15.2553514338752,2,0.3858,0.0514,0.153,0.2568,0.2524,0.426225,2.52608888526583,0.717047332963935,0.869448342034517,1.0523090038062,5945.89213991165
"Fixed mixed-signal covariate-driven SAR design, lambda = 2",6,"full_poe","PoE",0.93433489827856,0.807136150234742,5,0.333333333333333,0.755555555555556,0.17258322851393,2.76270048811572,0.0459677769423031,0.806140778270553,0.9725,0.333333333333333,0.4,7,0.125,0.333333333333333,0.9925,0.8,0.7125,8.79999999999999,0.4125,0.8,0.987969922580404,0.994665851146978,0.936822636965892,0.99992387030345,0.9905,0.959,0.651,0.945442279788702,0.970979640802937,-3.40912661198828,0.194366079107138,0.945234552748544,2.6940643022205,3.16178777232279,0.206816347246022,15.6272698522741,1,0.3918,0.0496,0.1452,0.264,0.242025,0.434225,2.50687536358809,0.715666814371123,0.864147900335475,1.12863921226688,5954.30508494377
"Fixed mixed-signal covariate-driven SAR design, lambda = 2",7,"full_poe","PoE",0.874366197183099,0.626666666666667,4,0.266666666666667,0.733333333333333,0.202006930190782,3.33026350803039,0.0513172917625022,0.881740590582744,0.9725,0.266666666666667,0.4125,7.6,0.1375,0.266666666666667,0.9825,0.533333333333333,1.1475,19.2,0.4475,0.533333333333333,0.987114327026934,0.995418512631258,0.920238184805635,0.999978090110403,0.9865,0.9445,0.6645,0.945079038906375,0.970710529698057,-3.37338425790968,0.302722750832942,0.966107250074624,2.59273823252262,3.29986852240349,0.209966150326838,13.1502088683358,1,0.3978,0.055,0.1862,0.2649,0.233525,0.4229,2.51589823239281,0.719723843259738,0.884490123575072,1.13726100836574,5919.49750614166
"Fixed mixed-signal covariate-driven SAR design, lambda = 2",8,"full_poe","PoE",0.909984350547731,0.730140845070423,4,0.266666666666667,0.755555555555556,0.187776103330149,3.02433659416983,0.0494819090623378,0.859820457444645,0.975,0.333333333333333,0.39,7,0.14,0.333333333333333,0.99,0.733333333333333,0.8675,11.4,0.4675,0.733333333333333,0.986603541048461,0.994351252983921,0.928061245848379,0.999926069338717,0.9855,0.948,0.6425,0.937278041226741,0.967205898528446,-3.36652256778451,0.294949407000272,0.996067982660117,2.56785009407823,3.51898357085617,0.20843329225518,11.5882687351671,1,0.3962,0.0554,0.1776,0.2502,0.2464,0.41265,2.51944531240423,0.715404087877326,0.887245508311983,1.04366821882657,5832.71396017075
"Fixed mixed-signal covariate-driven SAR design, lambda = 2",9,"full_poe","PoE",0.905978090766823,0.71830985915493,3,0.2,0.733333333333333,0.189586138870816,3.10481710967494,0.0491932203948232,0.858892582571006,0.9725,0.266666666666667,0.41,7.6,0.135,0.266666666666667,0.9875,0.666666666666667,0.925,14,0.425,0.666666666666667,0.986486091667299,0.994489801230422,0.921308793326304,0.999952144513347,0.9885,0.94,0.646,0.937785285607905,0.967338978641075,-3.30397447724702,0.253046411998312,0.329340720972147,2.55687360789956,3.75086284819608,0.212713912441843,12.0693796968023,3,0.3654,0.0486,0.1974,0.2493,0.244325,0.418875,2.47679175682862,0.713516789052734,0.894283957777558,1.00485217855567,5767.25593590736
"Fixed mixed-signal covariate-driven SAR design, lambda = 2",10,"full_poe","PoE",0.867793427230047,0.604882629107981,2,0.133333333333333,0.711111111111111,0.207080908350954,3.41566831938899,0.0527086606259094,0.905605513709057,0.9675,0.133333333333333,0.4475,8.8,0.1225,0.133333333333333,0.9825,0.533333333333333,1.2175,19.2,0.5175,0.533333333333333,0.987932408235461,0.995647466138147,0.929709232353469,0.999955319558284,0.9885,0.9525,0.682,0.943373100054837,0.971168756895691,-3.30876837998899,0.222338366547011,0.942517246351317,2.4852320116751,3.62168192778151,0.201191965436967,12.6242313601485,1,0.3784,0.0532,0.1894,0.258,0.241525,0.412175,2.49270779140635,0.716414216154561,0.885988517537148,1.03785984920282,5679.7664680481
"Fixed mixed-signal covariate-driven SAR design, lambda = 2",11,"full_poe","PoE",0.888701095461659,0.67924882629108,2,0.133333333333333,0.688888888888889,0.210553769134607,2.91158519940644,0.0578765116166281,0.844390218317939,0.97,0.266666666666667,0.4425,7.6,0.1425,0.266666666666667,0.9875,0.666666666666667,1.105,14,0.605,0.666666666666667,0.97609019091706,0.987782791018969,0.88721800831859,0.999783123491071,0.96,0.8615,0.453,0.882639470634208,0.936094897071845,-3.53921903891541,0.38284621092224,0.954355492758355,2.70713675423099,2.3869955956122,0.219342501063516,14.0759893738666,1,0.3784,0.056,0.1646,0.2766,0.255175,0.42475,2.47642456297398,0.714653334871434,0.883927638769926,1.18286741059455,5124.5456969738
"Fixed mixed-signal covariate-driven SAR design, lambda = 2",12,"full_poe","PoE",0.900907668231612,0.702723004694836,2,0.133333333333333,0.711111111111111,0.184216610711341,3.3538135542399,0.0454073731773137,0.877872200413849,0.97,0.2,0.4175,8.2,0.1175,0.2,0.99,0.733333333333333,0.8025,11.4,0.4025,0.733333333333333,0.99595989102196,0.99903149078622,0.971681044153798,0.999995588608101,0.9995,0.992,0.896,0.975715804465156,0.988647114700682,-3.33798269403388,0.327270006768876,0.961876867716265,2.52184889455058,3.82063974370258,0.202849430312604,13.7086949776289,1,0.4136,0.0438,0.1516,0.2536,0.2368,0.43295,2.55877421821352,0.711125571905893,0.867102717050294,1.04097052976975,4860.58276700974
"Fixed mixed-signal covariate-driven SAR design, lambda = 2",13,"full_poe","PoE",0.859843505477308,0.580093896713615,2,0.133333333333333,0.711111111111111,0.204406876404025,3.62971923882897,0.0494469764701466,0.920460369676742,0.9675,0.133333333333333,0.4275,8.8,0.1025,0.133333333333333,0.98,0.466666666666667,1.265,21.8,0.465,0.466666666666667,0.991190694796469,0.997039164610208,0.944540226387525,0.999978663350059,0.995,0.969,0.757,0.957545329887866,0.979022019400291,-3.32115379774616,0.23512087740883,1.0059755011247,2.4625814993583,3.73778952094857,0.214405627040663,11.8283604914463,1,0.4108,0.0436,0.213,0.2448,0.24555,0.4131,2.54068262568614,0.713417453824355,0.889445315576029,0.955398561499697,4881.42600703239
"Fixed mixed-signal covariate-driven SAR design, lambda = 2",14,"full_poe","PoE",0.898654147104851,0.697464788732394,2,0.133333333333333,0.711111111111111,0.195565320901415,3.15330428298276,0.05149178517451,0.892663762103627,0.9675,0.133333333333333,0.44,8.8,0.115,0.133333333333333,0.9875,0.666666666666667,1.01,14,0.51,0.666666666666667,0.987407345498001,0.994512926705374,0.934201707755344,0.999938005882445,0.9935,0.9485,0.65,0.940335008633108,0.967724684843044,-3.3923545961651,0.266371550308592,1.01057417838593,2.50021776564313,3.46033238252788,0.198938757281416,12.7909157613695,1,0.3706,0.0464,0.2014,0.2369,0.26875,0.41945,2.487709063995,0.713063400617286,0.910343763534563,0.915828297077635,4913.11260890961
"Fixed mixed-signal covariate-driven SAR design, lambda = 2",15,"full_poe","PoE",0.868043818466354,0.605070422535211,2,0.133333333333333,0.711111111111111,0.205221219157919,3.3789023638909,0.0511697328136423,0.88035261265313,0.97,0.2,0.4225,8.2,0.1225,0.2,0.9875,0.666666666666667,1.03,14,0.53,0.666666666666667,0.985879799437482,0.993637527480237,0.922264847207857,0.99987392332639,0.9895,0.9405,0.616,0.93347434050984,0.96452070641215,-3.5384444301415,0.20721213510094,0.247084138105414,2.56603686636582,3.28048873541525,0.210016003029577,15.2020426080897,6,0.3718,0.0512,0.158,0.2439,0.26245,0.411375,2.50551534198192,0.716172756675685,0.865930437526386,0.950744516178487,5049.15077400208
"Fixed mixed-signal covariate-driven SAR design, lambda = 2",16,"full_poe","PoE",0.958560250391236,0.875680751173709,4,0.266666666666667,0.755555555555556,0.156723283239268,2.56036085273128,0.0432075165899417,0.80353851389294,0.975,0.333333333333333,0.3775,7,0.1275,0.333333333333333,0.995,0.866666666666667,0.61,6.19999999999999,0.41,0.866666666666667,0.99237171781066,0.99710197503977,0.954736093098767,0.999970732774805,0.998,0.979,0.771,0.964209767646925,0.981217160138705,-3.49333572802415,0.233974788131901,0.727869817918662,2.55156906194855,3.40954881574242,0.213262407403398,15.1663746664668,3,0.4106,0.051,0.1724,0.2577,0.255375,0.42555,2.56337694600523,0.714962119629044,0.877080247104319,0.989557638102286,4941.3588039875
"Fixed mixed-signal covariate-driven SAR design, lambda = 2",17,"full_poe","PoE",0.913677621283255,0.741408450704225,2,0.133333333333333,0.711111111111111,0.18444072487449,3.2045770063767,0.0476858672140538,0.888773908024566,0.9675,0.133333333333333,0.445,8.8,0.12,0.133333333333333,0.99,0.733333333333333,0.805,11.4,0.405,0.733333333333333,0.99479517019657,0.998718929425657,0.964139698782585,0.999995259359151,0.9995,0.9875,0.8535,0.970135401163796,0.985807157596231,-3.49898991308276,0.338338711101508,0.781571052348009,2.54810504179412,3.64421896634959,0.200926391940084,13.3593864173676,2,0.3914,0.0474,0.1948,0.2512,0.254975,0.4339,2.53005700150328,0.716111561588041,0.893225092979759,0.986252666647111,4868.43689918518
"Fixed mixed-signal covariate-driven SAR design, lambda = 2",18,"full_poe","PoE",0.843317683881064,0.530140845070423,3,0.2,0.733333333333333,0.200519412261979,3.71895148799828,0.046601118657894,0.902554258849107,0.9675,0.133333333333333,0.4225,8.8,0.0975,0.133333333333333,0.98,0.466666666666667,1.2225,21.8,0.4225,0.466666666666667,0.995505833425198,0.998531543862214,0.973682845015468,0.999985612864834,1,0.9965,0.869,0.972259880039651,0.986909315141362,-3.3867298447819,0.229577364742913,0.496153538979145,2.46618356897584,3.94406767681044,0.210683214223885,13.7642303250105,2,0.3982,0.0538,0.19,0.2448,0.23845,0.43425,2.51275719770628,0.717917402485641,0.88692561305147,1.00794180495881,4845.07907390594
"Fixed mixed-signal covariate-driven SAR design, lambda = 2",19,"full_poe","PoE",0.914679186228482,0.748544600938967,4,0.266666666666667,0.733333333333333,0.19432278986383,2.7792787568038,0.0530813512212052,0.823620076802326,0.975,0.333333333333333,0.38,7,0.13,0.333333333333333,0.9925,0.8,0.8675,8.79999999999999,0.5675,0.8,0.980982775307689,0.990741665445159,0.905246594954089,0.999898831251612,0.98,0.904,0.519,0.912928741607069,0.951518767638384,-3.41243757774361,0.196034204710341,0.433341096904939,2.50119864706101,2.98701710135668,0.213692305989466,12.2595175004824,3,0.3732,0.052,0.1926,0.2534,0.252575,0.415675,2.48930944775402,0.717060635409445,0.891421105417813,1.07564228273818,5914.30286407471
"Fixed mixed-signal covariate-driven SAR design, lambda = 2",20,"full_poe","PoE",0.908669796557121,0.726009389671362,2,0.133333333333333,0.711111111111111,0.181782209727493,3.22172377775322,0.0458409677111298,0.890006475232849,0.9675,0.133333333333333,0.45,8.8,0.125,0.133333333333333,0.9875,0.666666666666667,0.9325,14,0.4325,0.666666666666667,0.993868732011454,0.998008384296427,0.963209047071604,0.999982530778457,0.998,0.986,0.8195,0.9653596067187,0.982808573297168,-3.56359488544132,0.214487833969006,0.404286945284439,2.59121472829609,3.47632422775031,0.201759136730744,17.4552985860612,3,0.4194,0.047,0.1284,0.2449,0.2421,0.4327,2.53478118290075,0.712930839362871,0.865651379772036,1.04423685121353,5924.5539598465
"Fixed mixed-signal covariate-driven SAR design, lambda = 2",21,"full_poe","PoE",0.918810641627543,0.756431924882629,4,0.266666666666667,0.755555555555556,0.179207883962974,3.06699546825941,0.0466017403126118,0.86356786298302,0.9775,0.4,0.3525,6.4,0.1275,0.4,0.99,0.733333333333333,0.8425,11.4,0.4425,0.733333333333333,0.991465251941723,0.997397743303458,0.946861772996342,0.999972016904566,0.9955,0.9715,0.771,0.956342667793156,0.97774964757093,-3.23246541809972,0.247195111513211,1.07971023889669,2.58769324352185,3.64891902708492,0.217938056358549,15.9748872849904,1,0.3912,0.0496,0.166,0.2429,0.2546,0.41405,2.52032860234908,0.714288420218598,0.877387931018601,0.941987336786393,5962.64695191383
"Fixed mixed-signal covariate-driven SAR design, lambda = 2",22,"full_poe","PoE",0.864851330203443,0.596056338028169,2,0.133333333333333,0.711111111111111,0.208076902242911,3.66732146265339,0.0492133398649328,0.87866768068058,0.97,0.2,0.4375,8.2,0.1375,0.2,0.98,0.466666666666667,1.2125,21.8,0.4125,0.466666666666667,0.991387584861851,0.997287435862396,0.949493530037645,0.999987425518926,0.9955,0.974,0.75,0.951060050024284,0.976107043791567,-3.19193893156542,0.274751375876526,0.478056330775628,2.68527485979285,3.68745824923103,0.210018249078691,11.4496264452742,2,0.3876,0.0454,0.173,0.2568,0.249925,0.4253,2.51100663387826,0.71168733989205,0.881736517200702,1.02859284999513,5772.42327809334
"Fixed mixed-signal covariate-driven SAR design, lambda = 2",23,"full_poe","PoE",0.939467918622848,0.822535211267606,3,0.2,0.733333333333333,0.198247613136991,2.61938926004482,0.0572559114376923,0.841420447002698,0.975,0.333333333333333,0.39,7,0.14,0.333333333333333,1,1,0.6575,1,0.6575,1,0.969858648855718,0.986517964613889,0.849798559799687,0.999827955276446,0.9295,0.808,0.431,0.880110157601978,0.932633470557723,-3.34715807085046,0.260901556092738,1.02207088309421,2.50241282820523,2.96351217236222,0.220092044905398,12.1941726514746,1,0.3784,0.0564,0.154,0.2571,0.2611,0.398875,2.49281422845827,0.717987435721877,0.873535868094024,1.00132505237457,6042.69254589081
"Fixed mixed-signal covariate-driven SAR design, lambda = 2",24,"full_poe","PoE",0.939593114241002,0.821784037558685,2,0.133333333333333,0.711111111111111,0.180973843871891,2.75817253980335,0.0501822590667331,0.852035349884009,0.9675,0.133333333333333,0.4575,8.8,0.1325,0.133333333333333,0.9975,0.933333333333333,0.58,3.6,0.48,0.933333333333333,0.987786197824414,0.995503866983175,0.927372378827614,0.999962158294697,0.9885,0.95,0.6845,0.944757195702406,0.971730876131332,-3.52261406068585,0.331998973169153,0.46330444023334,2.68080635806827,2.8932906713038,0.214504476642458,15.9229024493273,2,0.3884,0.056,0.1272,0.2659,0.2426,0.426175,2.51573214541712,0.716933089316069,0.850324803860949,1.10433115833113,5952.97348403931
"Fixed mixed-signal covariate-driven SAR design, lambda = 2",25,"full_poe","PoE",0.942723004694836,0.829107981220657,4,0.266666666666667,0.755555555555556,0.177842730326925,2.65971397742667,0.0493937580016214,0.823216700929003,0.9725,0.266666666666667,0.41,7.6,0.135,0.266666666666667,0.9975,0.933333333333333,0.5925,3.6,0.4925,0.933333333333333,0.985121212972491,0.993514819201071,0.926542456932342,0.999926401891056,0.989,0.93,0.6075,0.932842009529679,0.964843851323942,-3.3424666233407,0.163203953938288,0.555562630332941,2.58914212126257,3.1249442670064,0.215186439512128,15.1894740429918,2,0.3966,0.053,0.1342,0.2521,0.249275,0.4117,2.51519809126013,0.716167562401311,0.863502559828703,1.02530008934381,6011.23754096031
"Fixed mixed-signal covariate-driven SAR design, lambda = 2",26,"full_poe","PoE",0.881064162754304,0.643192488262911,5,0.333333333333333,0.777777777777778,0.191918896143075,3.48498776676972,0.0451639418604297,0.855842086485081,0.975,0.333333333333333,0.37,7,0.12,0.333333333333333,0.985,0.6,0.997499999999999,16.6,0.3975,0.6,0.993368231106737,0.997770779592899,0.959584872779988,0.999984812089547,0.9975,0.985,0.8215,0.966919017283194,0.983251308670799,-3.39870222239006,0.279620301607336,0.360479558572683,2.55635490873883,3.68581177011931,0.217415472708461,13.803640922948,4,0.3882,0.0466,0.168,0.2479,0.244875,0.42695,2.52195404594916,0.713522519600039,0.875313298169646,1.01676652247977,5816.6882750988
"Fixed mixed-signal covariate-driven SAR design, lambda = 2",27,"full_poe","PoE",0.903724569640063,0.715868544600939,3,0.2,0.711111111111111,0.190256642308056,3.08001175065401,0.0490793627918475,0.839990414859483,0.9725,0.266666666666667,0.405,7.6,0.13,0.266666666666667,0.99,0.733333333333333,0.8425,11.4,0.4425,0.733333333333333,0.992303962506591,0.997144447703573,0.956058162206493,0.999966749644623,0.998,0.98,0.778,0.952497598803925,0.97581424078022,-3.37123548909394,0.256930301681502,0.463069931870718,2.63878604755614,3.59034515172172,0.203273327588681,10.8549961502722,2,0.4122,0.0424,0.212,0.261,0.2518,0.419725,2.5553282771331,0.71319095485552,0.889979031679571,1.06638924339976,5784.4357008934
"Fixed mixed-signal covariate-driven SAR design, lambda = 2",28,"full_poe","PoE",0.90697965571205,0.72093896713615,2,0.133333333333333,0.711111111111111,0.183185530036786,3.29175721569382,0.0459589100629665,0.883850365267894,0.9675,0.133333333333333,0.4325,8.8,0.1075,0.133333333333333,0.99,0.733333333333333,0.815,11.4,0.415,0.733333333333333,0.994734275898255,0.998597606022352,0.964514711039156,0.999996985390747,0.9995,0.9865,0.8565,0.974073041319245,0.987628242670038,-3.24545506842116,0.236439519284164,0.274340554056462,2.61389280292245,3.75909158478888,0.212508236428789,12.7483130929669,6,0.4234,0.051,0.1826,0.2405,0.27835,0.446075,2.53613155857911,0.715814382260865,0.890483393342323,0.919111952375628,5796.832903862
"Fixed mixed-signal covariate-driven SAR design, lambda = 2",29,"full_poe","PoE",0.966885758998435,0.906666666666667,6,0.4,0.777777777777778,0.170780918718778,2.3358173639148,0.0490676592679418,0.789939436229909,0.9775,0.466666666666667,0.35,5.8,0.125,0.466666666666667,1,1,0.575,1,0.575,1,0.981961010815216,0.991048066651825,0.909272773521438,0.999810265883341,0.9815,0.9145,0.5265,0.918456209245139,0.955188252275689,-3.47407562244044,0.16273112827375,0.510843012550392,2.51456822911518,3.07751947295476,0.206240697591733,14.0261554705731,2,0.3964,0.0476,0.1614,0.2464,0.25985,0.402375,2.50537888177586,0.713607396802499,0.881650205755583,0.951797442371062,6015.68598198891
"Fixed mixed-signal covariate-driven SAR design, lambda = 2",30,"full_poe","PoE",0.937339593114241,0.812018779342723,5,0.333333333333333,0.777777777777778,0.166198799115027,2.85168362547421,0.0442475218682837,0.844436274850417,0.975,0.333333333333333,0.3525,7,0.1025,0.333333333333333,0.995,0.866666666666667,0.6375,6.19999999999999,0.4375,0.866666666666667,0.997665970130953,0.999863406163954,0.979137861778606,0.999999999998352,1,0.9965,0.94,0.978443383944331,0.99103417268107,-3.45188896695952,0.229308206839668,0.433527712671874,2.54719376015013,3.4597058813506,0.20903097787202,16.4962535882435,3,0.4138,0.0554,0.144,0.2588,0.260125,0.43915,2.5540785886717,0.716088874031708,0.861978564137578,0.974959343254003,5871.38166809082
"Fixed mixed-signal covariate-driven SAR design, lambda = 2",31,"full_poe","PoE",0.957558685446009,0.873051643192488,6,0.4,0.8,0.170867162301481,2.57615613920518,0.0482994414585201,0.833155045526641,0.9775,0.4,0.35,6.4,0.125,0.4,0.9975,0.933333333333333,0.6425,3.6,0.5425,0.933333333333333,0.990591101256918,0.996790540634204,0.943823121795596,0.999982009410313,0.9955,0.9665,0.73,0.951260703022718,0.975354554501603,-3.45914540737353,0.218725963209128,0.554412622621489,2.4510064378239,3.19515752421349,0.213130451363949,15.8940310167633,2,0.3866,0.0558,0.1452,0.254,0.245725,0.418675,2.4910700787052,0.717551291507323,0.872501573528751,1.02143581404419,5914.63907194138
"Fixed mixed-signal covariate-driven SAR design, lambda = 2",32,"full_poe","PoE",0.965258215962441,0.895774647887324,4,0.266666666666667,0.755555555555556,0.174787454612818,2.42510986855566,0.0508585514832713,0.808356496686973,0.98,0.466666666666667,0.3425,5.8,0.1425,0.466666666666667,1,1,0.535,1,0.535,1,0.978220561433626,0.990706842727086,0.883975127461086,0.999875231008159,0.964,0.8785,0.516,0.915245382723129,0.95445950938844,-3.26718066507237,0.247233949645482,1.20759531281068,2.40015771487333,3.00354514659118,0.216137536599097,13.8417166504342,1,0.3676,0.0638,0.1674,0.2529,0.2483,0.405225,2.45610362747905,0.72148074772229,0.886784303827641,1.04259161623003,6012.16904306412
"Fixed mixed-signal covariate-driven SAR design, lambda = 2",33,"full_poe","PoE",0.927323943661972,0.789107981220657,6,0.4,0.777777777777778,0.181995455158578,2.6478995398112,0.0502104642986807,0.792591816881846,0.9825,0.6,0.3275,4.6,0.1525,0.6,0.99,0.733333333333333,0.8525,11.4,0.4525,0.733333333333333,0.987142729565216,0.995948039976449,0.922177415987051,0.999990458554955,0.9885,0.941,0.673,0.926966526448763,0.963695012119211,-3.22857220910357,0.264233029533566,0.57303647907025,2.5951727627935,2.97752986491727,0.211729168543804,14.8712242469179,3,0.4068,0.0596,0.1368,0.2534,0.26235,0.410025,2.52013703645893,0.718060143098319,0.864225549680788,0.992596486610538,6039.27080106735
"Fixed mixed-signal covariate-driven SAR design, lambda = 2",34,"full_poe","PoE",0.874992175273865,0.625915492957747,2,0.133333333333333,0.711111111111111,0.199665990329695,3.28750340785144,0.050412306190779,0.873881810176034,0.9675,0.133333333333333,0.445,8.8,0.12,0.133333333333333,0.9875,0.666666666666667,1.025,14,0.525,0.666666666666667,0.989818744240751,0.996012079164,0.945847993985565,0.999952438996053,0.993,0.969,0.726,0.9487448539838,0.973085753436246,-3.53623209434453,0.221211495830479,1.06672557252228,2.60544569951118,3.49312791342466,0.212907643711871,11.5312835140833,1,0.3844,0.0532,0.1694,0.2533,0.256575,0.429275,2.48804607865891,0.716713920939746,0.884484634202092,1.02602603212439,5954.55944991112
"Fixed mixed-signal covariate-driven SAR design, lambda = 2",35,"full_poe","PoE",0.889076682316119,0.667230046948357,3,0.2,0.733333333333333,0.189517207611564,3.26130903454688,0.0468596448672147,0.854615110877515,0.97,0.2,0.435,8.2,0.135,0.2,0.985,0.6,1.0325,16.6,0.4325,0.6,0.989861317659071,0.995742724699597,0.945338903738603,0.999942460414668,0.9965,0.9675,0.706,0.945560364655877,0.971624826330313,-3.40639716755363,0.259086500687068,0.294054740002753,2.4283368424715,3.61837116338271,0.201565217169584,13.1434120186681,3,0.373,0.0534,0.1682,0.2384,0.2548,0.410775,2.48725719223791,0.717033017328654,0.867774796284945,0.929879560110824,5913.60211205482
"Fixed mixed-signal covariate-driven SAR design, lambda = 2",36,"full_poe","PoE",0.887887323943662,0.666478873239437,3,0.2,0.711111111111111,0.197765589012872,3.31660251761049,0.0498339511869989,0.8841111937292,0.9675,0.2,0.445,8.2,0.12,0.2,0.9875,0.666666666666667,0.995,14,0.495,0.666666666666667,0.988434726250223,0.995788142038996,0.934285609476613,0.999943190891065,0.991,0.9555,0.6835,0.941538680515563,0.969365255379668,-3.111703554982,0.19423219985568,0.474897116816535,2.52728213787113,3.72761790562437,0.209380184555371,12.0241650385808,2,0.3982,0.041,0.1902,0.2464,0.2438,0.410675,2.52120441888282,0.709954706144148,0.901471863296838,0.976751745195666,5801.34232997894
"Fixed mixed-signal covariate-driven SAR design, lambda = 2",37,"full_poe","PoE",0.881940532081377,0.645821596244131,2,0.133333333333333,0.711111111111111,0.190260478384642,3.37700645643977,0.0465528713305561,0.878210580094468,0.9725,0.266666666666667,0.4,7.6,0.125,0.266666666666667,0.9825,0.533333333333333,1.115,19.2,0.415,0.533333333333333,0.993337205022624,0.997550966244202,0.962383044436268,0.99997834020603,0.9975,0.986,0.8095,0.966276761780256,0.982539902224458,-3.47769198871671,0.220135294997521,0.183965113354413,2.49429292459202,3.79134611177953,0.203948676331972,10.8054138010482,5,0.4136,0.0446,0.2386,0.2512,0.2591,0.417925,2.55117003630702,0.711117110944867,0.910047500218949,0.964415792413081,5742.54043507576
"Fixed mixed-signal covariate-driven SAR design, lambda = 2",38,"full_poe","PoE",0.950234741784038,0.855399061032864,4,0.266666666666667,0.755555555555556,0.192337551528417,2.49378329656919,0.0558613927070844,0.804876279657697,0.98,0.466666666666667,0.345,5.8,0.145,0.466666666666667,0.9975,0.933333333333333,0.73,3.6,0.63,0.933333333333333,0.973593165454445,0.988220076387585,0.860053424073641,0.999827477036936,0.951,0.843,0.4595,0.890135156943247,0.939846852961066,-3.22342556974237,0.288014597029701,0.107240179868852,2.59133329279323,2.82259653735744,0.214411174061317,13.460515038998,18,0.3888,0.0584,0.154,0.2683,0.2474,0.40365,2.52246724769868,0.718113050055075,0.868624057958972,1.11307702987506,6209.04693698883
"Fixed mixed-signal covariate-driven SAR design, lambda = 2",39,"full_poe","PoE",0.943974960876369,0.841877934272301,6,0.4,0.777777777777778,0.163456749592057,2.61455735693842,0.0442979624284099,0.78870662953195,0.975,0.4,0.3775,6.4,0.1275,0.4,0.9925,0.8,0.68,8.79999999999999,0.38,0.8,0.99656398832334,0.999168732127081,0.977673892150123,0.999996112673284,0.9995,0.9955,0.909,0.976237048412433,0.989207306467976,-3.34919037503027,0.287672647981066,1.57755309712115,2.64871426231455,3.31107993697399,0.201146447069932,11.8893459800379,1,0.4082,0.051,0.1772,0.2604,0.257425,0.448525,2.54325638593517,0.71611487636341,0.871773550629509,1.12781763299122,6036.77111101151
"Fixed mixed-signal covariate-driven SAR design, lambda = 2",40,"full_poe","PoE",0.880312989045383,0.645070422535211,2,0.133333333333333,0.711111111111111,0.206381129541535,3.30608184990113,0.0527873176046564,0.877482949567906,0.9675,0.133333333333333,0.455,8.8,0.13,0.133333333333333,0.99,0.733333333333333,0.8925,11.4,0.4925,0.733333333333333,0.983455197530613,0.993195689736227,0.908948924973217,0.999924682827326,0.98,0.92,0.5775,0.922323770483318,0.958751914562452,-3.29929953819584,0.228900920045727,0.898484663717817,2.58360663597673,3.26453765673087,0.208373051431386,12.4151216956646,1,0.3752,0.049,0.1638,0.2558,0.253075,0.410625,2.51351149252925,0.715297994381977,0.864397191540747,1.04355137642651,6065.23659706116
"Fixed mixed-signal covariate-driven SAR design, lambda = 2",41,"full_poe","PoE",0.919561815336463,0.76169014084507,2,0.133333333333333,0.711111111111111,0.181436078749081,3.0024318127715,0.0475255085881718,0.861176873248378,0.97,0.2,0.435,8.2,0.135,0.2,0.9925,0.8,0.7475,8.79999999999999,0.4475,0.8,0.989647258479483,0.996319163828667,0.940102320285224,0.999965205975118,0.995,0.96,0.712,0.953873266482453,0.97536400349017,-3.46519114931295,0.213647677802261,0.63192420764122,2.57506503651754,3.70936543857982,0.204157096342322,12.6016566574711,2,0.377,0.051,0.2166,0.251,0.243875,0.426375,2.50014221953458,0.716084912071104,0.894104331955106,1.06724660773401,5960.52752113342
"Fixed mixed-signal covariate-driven SAR design, lambda = 2",42,"full_poe","PoE",0.931517996870109,0.794553990610329,5,0.333333333333333,0.777777777777778,0.174006847173242,2.93562692277052,0.0460811617488194,0.854497646510052,0.975,0.333333333333333,0.38,7,0.13,0.333333333333333,0.9925,0.8,0.7425,8.79999999999999,0.4425,0.8,0.992631839471145,0.997987576032406,0.949168251558919,0.999987559832209,0.9975,0.974,0.802,0.96460146334535,0.982498129698798,-3.30774213412377,0.293384339703929,0.654484728030663,2.6031892474454,3.70149245876161,0.210919468835582,12.9967945059034,2,0.4036,0.0508,0.1804,0.2472,0.24805,0.42845,2.51686538852617,0.71382898074214,0.88385130477371,1.01399993728629,6046.11901116371
"Fixed mixed-signal covariate-driven SAR design, lambda = 2",43,"full_poe","PoE",0.884945226917058,0.654835680751174,3,0.2,0.733333333333333,0.194532916343891,3.5575836486979,0.0465247827764509,0.885789444810875,0.97,0.2,0.41,8.2,0.11,0.2,0.985,0.6,0.994999999999999,16.6,0.395,0.6,0.995223990991178,0.998892691780601,0.967878872390388,0.999991258731239,0.9985,0.9895,0.874,0.970458886041936,0.98631885093286,-3.34489287581918,0.269279337104405,0.740012293308161,2.61981901833503,3.78368979264591,0.204601234505852,13.1606828891413,2,0.4004,0.0494,0.178,0.254,0.256625,0.4345,2.52964253526972,0.718056009928374,0.874731314694559,0.998187619185,6008.99362111092
"Fixed mixed-signal covariate-driven SAR design, lambda = 2",44,"full_poe","PoE",0.871799687010955,0.616713615023474,0,0,0.666666666666667,0.209449031098225,3.51524774989197,0.0525894227575133,0.918063552066656,0.965,0.0666666666666667,0.485,9.4,0.135,0.0666666666666667,0.985,0.6,1.07,16.6,0.47,0.6,0.985635459126678,0.993575699093301,0.924684453003476,0.999911624303126,0.989,0.944,0.6175,0.930789700580492,0.962889123139804,-3.40958018539328,0.287885215239515,0.438924949154627,2.37997639687051,3.43290180275779,0.205344376271662,11.9501806413781,2,0.378,0.0458,0.2414,0.243,0.251875,0.401475,2.50904427400239,0.712380793674329,0.917094447215008,0.9402008560892,6074.17815208435
"Fixed mixed-signal covariate-driven SAR design, lambda = 2",45,"full_poe","PoE",0.855211267605634,0.566197183098592,3,0.2,0.733333333333333,0.204482029804917,3.6247250761108,0.0493231372876731,0.910256095664779,0.97,0.2,0.41,8.2,0.11,0.2,0.98,0.466666666666667,1.2425,21.8,0.4425,0.466666666666667,0.990849726847249,0.99649121771283,0.948175197696585,0.999961477452842,0.995,0.9725,0.737,0.957794147373059,0.978225021469637,-3.35097965993679,0.254703284988711,0.969761944122596,2.33398269806418,3.72563559631312,0.201865512102132,11.7860213890494,1,0.3852,0.0486,0.1822,0.2529,0.248525,0.425975,2.46206070188335,0.714739308603743,0.893483407660111,0.996368658066557,6099.9267578125
"Fixed mixed-signal covariate-driven SAR design, lambda = 2",46,"full_poe","PoE",0.877245696400626,0.631737089201878,0,0,0.666666666666667,0.197606333085771,3.58213889612238,0.0479860896799363,0.923723452078799,0.965,0.0666666666666667,0.465,9.4,0.115,0.0666666666666667,0.985,0.6,1.0425,16.6,0.4425,0.6,0.992183994656174,0.997369974274394,0.950418752880025,0.999991109309728,0.9965,0.976,0.7805,0.965897281036776,0.982464173283814,-3.35100205604488,0.224835172195468,1.29167430820725,2.49253073726327,3.77651740421942,0.211256579500757,10.8984143594749,1,0.409,0.044,0.2276,0.2544,0.2438,0.419025,2.55702263369972,0.712557213987782,0.913736030795419,0.996529801007068,6130.92270994186
"Fixed mixed-signal covariate-driven SAR design, lambda = 2",47,"full_poe","PoE",0.923755868544601,0.771643192488263,4,0.266666666666667,0.755555555555556,0.175644510089309,3.03898267770296,0.0455631198993947,0.862088674134661,0.9775,0.4,0.3475,6.4,0.1225,0.4,0.99,0.733333333333333,0.8,11.4,0.4,0.733333333333333,0.993406861396262,0.997735355045592,0.959049522897944,0.999984324380839,0.999,0.9835,0.809,0.967804010625878,0.983877602656366,-3.38897138522672,0.212410287896598,0.573180387933266,2.62523194932503,3.57117431248884,0.21536663645545,14.7768791456083,2,0.4088,0.0494,0.1414,0.2585,0.243275,0.43655,2.5250990911748,0.717762323100901,0.860443980182841,1.06699034515221,5872.38518118858
"Fixed mixed-signal covariate-driven SAR design, lambda = 2",48,"full_poe","PoE",0.924694835680751,0.774084507042254,6,0.4,0.8,0.172448203950808,2.68887150753131,0.0462146422975123,0.794821825801079,0.9775,0.4,0.35,6.4,0.125,0.4,0.99,0.733333333333333,0.8775,11.4,0.4775,0.733333333333333,0.990238370166101,0.997245039869952,0.935358318452685,0.999985683957947,0.992,0.9615,0.7465,0.945615241247792,0.972677379543825,-3.39221671527282,0.172957582391482,0.997506753021054,2.42552211753936,2.9663673044338,0.219100760135966,15.4002457887757,1,0.3808,0.063,0.1404,0.2422,0.25805,0.40505,2.5144831328136,0.720480094973465,0.860274638155801,0.966326186141896,4978.82246899605
"Fixed mixed-signal covariate-driven SAR design, lambda = 2",49,"full_poe","PoE",0.858841940532081,0.618591549295775,3,0.2,0.711111111111111,0.217166336351408,3.14879046611194,0.0570482569972811,0.878814145064038,0.9675,0.2,0.455,8.2,0.13,0.2,0.985,0.666666666666667,1.195,14,0.595,0.666666666666667,0.974933922451387,0.987453127461742,0.872267433795832,0.999753943557214,0.953,0.8555,0.449,0.902986410903533,0.94625488430644,-3.36186147910211,0.336634594066812,0.930657370819182,2.65720105099597,2.86938265868421,0.207249336321574,10.9445637931339,1,0.4018,0.058,0.158,0.2548,0.263075,0.4097,2.52653451990544,0.71879922448117,0.884053847906679,1.08559165321923,4879.10934519768
"Fixed mixed-signal covariate-driven SAR design, lambda = 2",50,"full_poe","PoE",0.903724569640063,0.711173708920188,5,0.333333333333333,0.777777777777778,0.185618564781912,2.88874290646907,0.0486650712005795,0.822215114421908,0.975,0.333333333333333,0.3875,7,0.1375,0.333333333333333,0.99,0.733333333333333,0.9525,11.4,0.5525,0.733333333333333,0.985815683422922,0.993987771078276,0.921176093587248,0.999956793196295,0.9905,0.932,0.6275,0.932084795140299,0.963599140371388,-3.56443576137545,0.200515882721741,1.02431948182043,2.45592106050591,3.42702385417418,0.210087775808119,12.3146826957309,1,0.3812,0.0524,0.2026,0.2432,0.2519,0.4022,2.49535695013795,0.71777624306307,0.906347324954768,0.978767382803142,4826.10949492455
"Fixed mixed-signal covariate-driven SAR design, lambda = 2",51,"full_poe","PoE",0.944663536776213,0.835492957746479,5,0.333333333333333,0.777777777777778,0.185340124030146,2.4357117589906,0.0534357319133134,0.782808598247633,0.9775,0.4,0.365,6.4,0.14,0.4,0.9975,0.933333333333333,0.7,3.6,0.6,0.933333333333333,0.970084639902546,0.985294408876602,0.846644412444562,0.999740344085209,0.9355,0.8155,0.407,0.881509063241948,0.93258542492653,-3.35703116742846,0.185144018452504,0.943147652379704,2.47141451808814,2.569152758224,0.222169546997372,14.6564336462456,1,0.358,0.0556,0.1482,0.2577,0.253925,0.400375,2.45907787254021,0.718391919382614,0.873637357608269,1.02397754107545,4931.84951305389
"Fixed mixed-signal covariate-driven SAR design, lambda = 2",52,"full_poe","PoE",0.914679186228482,0.749483568075117,4,0.266666666666667,0.733333333333333,0.196078125251876,2.83905199630298,0.0541225684999076,0.846046544847999,0.9775,0.4,0.3725,6.4,0.1475,0.4,0.99,0.733333333333333,0.9325,11.4,0.5325,0.733333333333333,0.983904670458641,0.993582251093563,0.910316296243526,0.999916027192365,0.9805,0.921,0.603,0.928525374689475,0.962887059332576,-3.44196840847512,0.288236294919482,0.860461554820226,2.70922049281867,3.16061559007213,0.20638472418935,12.0509667499768,2,0.3914,0.0464,0.1646,0.2703,0.23815,0.41895,2.53174503296972,0.711963403496317,0.874502285725586,1.1846656776095,4926.12986588478
"Fixed mixed-signal covariate-driven SAR design, lambda = 2",53,"full_poe","PoE",0.913489827856025,0.743286384976526,4,0.266666666666667,0.733333333333333,0.185588596758668,2.96430479801836,0.0486130971379033,0.835730596374302,0.9725,0.266666666666667,0.4025,7.6,0.1275,0.266666666666667,0.99,0.733333333333333,0.875,11.4,0.475,0.733333333333333,0.987586606606351,0.99515144531904,0.929068937697498,0.999957277855632,0.9895,0.9485,0.6585,0.942048316133253,0.968933079241843,-3.33030320085267,0.277031949677967,0.955598888919751,2.53583268090735,3.47695516332574,0.212567551585973,12.6717481313747,1,0.395,0.0534,0.1844,0.2637,0.24905,0.415675,2.49720991450729,0.718183020783041,0.893357068019698,1.0381682395768,4823.78076982498
"Fixed mixed-signal covariate-driven SAR design, lambda = 2",54,"full_poe","PoE",0.906478873239437,0.731079812206573,1,0.0666666666666667,0.688888888888889,0.195872947630815,2.97339205805585,0.0522505734520904,0.867256266049718,0.9725,0.333333333333333,0.415,7,0.14,0.333333333333333,0.99,0.733333333333333,0.925,11.4,0.525,0.733333333333333,0.983754306044091,0.993222726872053,0.910428687202097,0.999919657823535,0.9815,0.9215,0.5965,0.925655830244488,0.96037872969823,-3.40058349715023,0.197533665239753,0.638643024943151,2.53668803510001,3.24403640431236,0.203243788862971,12.7532705602331,2,0.3772,0.0498,0.2048,0.2605,0.246625,0.417475,2.47272812991275,0.717124986079185,0.897779629817831,1.09247608700777,4894.94225597382
"Fixed mixed-signal covariate-driven SAR design, lambda = 2",55,"full_poe","PoE",0.895211267605634,0.686760563380282,3,0.2,0.733333333333333,0.193716315985525,3.14990600431374,0.0504368550336215,0.861842887667008,0.97,0.2,0.4225,8.2,0.1225,0.2,0.9875,0.666666666666667,0.9475,14,0.4475,0.666666666666667,0.991294691838217,0.997352895291153,0.947470351861813,0.999979433736592,0.9935,0.971,0.773,0.958570688216025,0.978728194407544,-3.3901102316271,0.246360374010927,0.946756095753626,2.61788402700973,3.49303870859015,0.210133802011424,12.0869918592458,1,0.4092,0.0448,0.1904,0.2542,0.25425,0.420225,2.5299920508528,0.712961894564812,0.88924174154528,1.03489644886196,4787.35262298584
"Fixed mixed-signal covariate-driven SAR design, lambda = 2",56,"full_poe","PoE",0.906103286384977,0.72018779342723,4,0.266666666666667,0.755555555555556,0.202251708615457,2.73170081818378,0.0555683261811617,0.801180424981175,0.9775,0.4,0.375,6.4,0.15,0.4,0.995,0.866666666666667,0.84,6.19999999999999,0.64,0.866666666666667,0.954267806878418,0.971472842971015,0.810968442177349,0.999182456120353,0.879,0.6805,0.2425,0.852097396789383,0.910090990565981,-3.58866266395576,0.192893939807294,0.37736913548011,2.44872642022447,2.34384374937782,0.22433777589413,16.3149064942161,4,0.3734,0.0614,0.1388,0.2523,0.2375,0.4043,2.44150067013828,0.72085316987825,0.874265502763019,1.13952075408466,4923.89937901497
"Fixed mixed-signal covariate-driven SAR design, lambda = 2",57,"full_poe","PoE",0.887198748043818,0.665539906103286,2,0.133333333333333,0.711111111111111,0.203017938969155,3.29177804512053,0.0523387060456463,0.88456710794239,0.97,0.2,0.425,8.2,0.125,0.2,0.99,0.733333333333333,0.8975,11.4,0.4975,0.733333333333333,0.991755130203446,0.99752986274634,0.947997388892324,0.999989946388519,0.9945,0.9725,0.776,0.955616786938866,0.978075933410599,-3.37563124806814,0.17801608130307,1.55276383281407,2.47534974232383,3.51980668877085,0.203630628429689,11.175947700255,1,0.3856,0.0458,0.2136,0.2513,0.249875,0.42485,2.4886253546667,0.713308593590238,0.90268525376104,1.04530682279153,4864.15501785278
"Fixed mixed-signal covariate-driven SAR design, lambda = 2",58,"full_poe","PoE",0.931392801251956,0.797746478873239,6,0.4,0.777777777777778,0.179577729244765,2.73007824905303,0.0489587479793789,0.815174259803582,0.9775,0.4,0.3575,6.4,0.1325,0.4,0.995,0.866666666666667,0.65,6.19999999999999,0.45,0.866666666666667,0.987408169678753,0.995626595931096,0.925253668664209,0.999945452533154,0.9905,0.9445,0.677,0.943901740248085,0.971062720506319,-3.50753516176993,0.280628274038094,0.957052406306264,2.68278934285914,3.30076760924775,0.209981788695834,12.7283366934192,1,0.3994,0.0578,0.1738,0.2661,0.253875,0.428575,2.50929207580719,0.71763690101232,0.877461166881114,1.09673058534398,4942.91127896309
"Fixed mixed-signal covariate-driven SAR design, lambda = 2",59,"full_poe","PoE",0.873114241001565,0.620281690140845,3,0.2,0.733333333333333,0.201195752030934,3.44265438431699,0.0499766717289366,0.898533693113055,0.97,0.2,0.4175,8.2,0.1175,0.2,0.9825,0.533333333333333,1.1825,19.2,0.4825,0.533333333333333,0.990324084530436,0.996494587392828,0.945553230959606,0.999967292128306,0.9935,0.9705,0.727,0.950953167259551,0.975368534540464,-3.32365708886524,0.219465041408941,1.05239645337193,2.5700823545714,3.28732922407469,0.21658893118204,15.1839076382266,1,0.3926,0.0548,0.1472,0.2542,0.2554,0.4208,2.5067752668154,0.715647043338544,0.866785303137563,1.00395754758009,4897.21531105042
"Fixed mixed-signal covariate-driven SAR design, lambda = 2",60,"full_poe","PoE",0.920438184663537,0.76169014084507,3,0.2,0.733333333333333,0.185277618767474,2.75735350510006,0.0507081072911347,0.824279811433275,0.98,0.466666666666667,0.3375,5.8,0.1375,0.466666666666667,0.9925,0.8,0.8275,8.79999999999999,0.5275,0.8,0.98504282547207,0.994007172285196,0.918241543292716,0.999945134921298,0.985,0.933,0.6095,0.926646036120871,0.961850894928977,-3.55385247998446,0.185690321601575,1.49841268344464,2.50438150922272,2.6764574431788,0.229333360271854,15.3457302147853,1,0.3738,0.0612,0.1454,0.2493,0.2442,0.40615,2.49083625131185,0.718563760650222,0.864369084711369,1.08063264145973,4879.56310796738
"Fixed mixed-signal covariate-driven SAR design, lambda = 2",61,"full_poe","PoE",0.889890453834116,0.669671361502347,3,0.2,0.733333333333333,0.189260776283886,3.77294417648287,0.0426771415581833,0.903164024038062,0.9675,0.133333333333333,0.4225,8.8,0.0975,0.133333333333333,0.98,0.466666666666667,1.155,21.8,0.355,0.466666666666667,0.997281554041274,0.999213870867179,0.983026397791162,0.999996086919285,1,0.9985,0.938,0.983679021555118,0.99233225164683,-3.48900679705711,0.26170333365997,2.3678236164517,2.68445219284057,3.82064849744404,0.207597405480759,15.1645242211071,1,0.439,0.0522,0.1462,0.2579,0.236725,0.471475,2.56799161625499,0.716712760708961,0.868507176260317,1.12175443755407,4649.82947087288
"Fixed mixed-signal covariate-driven SAR design, lambda = 2",62,"full_poe","PoE",0.883129890453834,0.649953051643193,2,0.133333333333333,0.711111111111111,0.206812814234013,3.07270254647119,0.0553762745663797,0.868305313954037,0.97,0.2,0.445,8.2,0.145,0.2,0.9925,0.8,0.8625,8.79999999999999,0.5625,0.8,0.977257591326104,0.990089059640209,0.876144058862081,0.999937524765602,0.953,0.8675,0.503,0.896494461007508,0.944799195580337,-3.56458038770829,0.218555278185638,1.07792674844538,2.58574421050083,2.88726759417638,0.219612275066815,13.6295063769856,1,0.3758,0.0522,0.1506,0.2607,0.242075,0.40635,2.48187026436284,0.715061931895701,0.875979513287172,1.09791580277025,4875.86701393127
"Fixed mixed-signal covariate-driven SAR design, lambda = 2",63,"full_poe","PoE",0.932394366197183,0.797370892018779,3,0.2,0.733333333333333,0.173642669896335,2.78383472330629,0.0462750504126182,0.814103054014964,0.975,0.333333333333333,0.3775,7,0.1275,0.333333333333333,0.9925,0.8,0.7825,8.79999999999999,0.4825,0.8,0.992622602932404,0.997491646336527,0.955988166613618,0.999988959662225,0.9985,0.98,0.7805,0.961112328505304,0.980579542487856,-3.55638350883225,0.256653975174502,1.26935129883607,2.49206090786324,2.91825056127904,0.212883243379956,14.6627339899685,1,0.4188,0.047,0.1508,0.2643,0.251275,0.43625,2.54553383771561,0.711591019267691,0.876643659943201,1.09585358979489,4906.44209384918
"Fixed mixed-signal covariate-driven SAR design, lambda = 2",64,"full_poe","PoE",0.94810641627543,0.844507042253521,6,0.4,0.8,0.166071849969784,2.48316454345183,0.0465863327358702,0.777465679263032,0.98,0.466666666666667,0.3275,5.8,0.1275,0.466666666666667,0.995,0.866666666666667,0.67,6.19999999999999,0.47,0.866666666666667,0.989985011723619,0.996916669193419,0.937934879440646,0.999975624115112,0.9885,0.96,0.7605,0.947083190390367,0.97415905456306,-3.41916188897988,0.184278024801792,0.456418650775714,2.50048745193637,3.06320302671082,0.210477104676318,16.3972080787241,4,0.3958,0.0564,0.1442,0.2558,0.239,0.420125,2.52683348414629,0.719433238938444,0.863330183293689,1.1024227673891,4975.40787601471
"Fixed mixed-signal covariate-driven SAR design, lambda = 2",65,"full_poe","PoE",0.874303599374022,0.623474178403756,2,0.133333333333333,0.711111111111111,0.202278624545673,3.5097727567149,0.0497238822970262,0.912686557932283,0.9675,0.133333333333333,0.4575,8.8,0.1325,0.133333333333333,0.985,0.6,1.0625,16.6,0.4625,0.6,0.987700108543807,0.995388138934194,0.927728155820532,0.999952116656405,0.987,0.946,0.6725,0.948013395540898,0.972850000610624,-3.45502790411517,0.251921472883116,0.367851111763894,2.55143236364284,3.67028372769569,0.202549471294698,12.8743414265192,3,0.4012,0.0502,0.148,0.2466,0.25705,0.412925,2.52901037150013,0.713797617268894,0.874967460999967,0.935348587354258,4735.54043006897
"Fixed mixed-signal covariate-driven SAR design, lambda = 2",66,"full_poe","PoE",0.943974960876369,0.831924882629108,6,0.4,0.8,0.170445631914332,2.56224709938163,0.0473700490968008,0.787275529775275,0.9775,0.4,0.3325,6.4,0.1075,0.4,0.995,0.866666666666667,0.6975,6.19999999999999,0.4975,0.866666666666667,0.989008803811901,0.996290807179416,0.933658383394263,0.999967671700987,0.9895,0.9545,0.726,0.941968833440172,0.971757437094911,-3.18555723696214,0.231492616375251,1.01217688492676,2.59026191061413,3.03130064106748,0.219846734839466,14.9202020206468,1,0.3898,0.0558,0.1502,0.2565,0.249475,0.42305,2.49152868428538,0.717307369738169,0.87090400570056,1.08455121818946,4934.08523607254
"Fixed mixed-signal covariate-driven SAR design, lambda = 2",67,"full_poe","PoE",0.936212832550861,0.812769953051643,4,0.266666666666667,0.733333333333333,0.182852717982728,2.62757637519637,0.0508952097267005,0.811920593158262,0.975,0.333333333333333,0.4075,7,0.1575,0.333333333333333,0.9975,0.933333333333333,0.615,3.6,0.515,0.933333333333333,0.974573971639545,0.988239004855459,0.858699083552733,0.999865651554334,0.9495,0.853,0.4645,0.906171400862734,0.947047108691117,-3.4366141019159,0.182464682567751,0.940949358379234,2.66882805099873,3.18509504219306,0.217034287879533,13.5094811713142,1,0.3822,0.0578,0.151,0.2522,0.26245,0.402725,2.52561665613401,0.716152781878135,0.867796101511247,0.960886699084434,4917.16387486458
"Fixed mixed-signal covariate-driven SAR design, lambda = 2",68,"full_poe","PoE",0.925320813771518,0.777089201877934,3,0.2,0.733333333333333,0.182610843177728,2.88684258170163,0.0493657799657674,0.859766731815985,0.9725,0.266666666666667,0.3975,7.6,0.1225,0.266666666666667,0.9925,0.8,0.795,8.79999999999999,0.495,0.8,0.992602868924427,0.99789060499889,0.952271342311349,0.999986121869497,0.9975,0.9765,0.791,0.954556720873273,0.978349944990055,-3.38923728348454,0.195266766688495,1.15605978416279,2.56141768397631,3.49158797726653,0.213606750414548,12.2921852493425,1,0.3952,0.0444,0.201,0.2506,0.237525,0.418,2.51311020138694,0.712424259520514,0.900165192122327,1.07671382180276,4732.55248808861
"Fixed mixed-signal covariate-driven SAR design, lambda = 2",69,"full_poe","PoE",0.877809076682316,0.634553990610329,2,0.133333333333333,0.711111111111111,0.195958350460688,3.45514914641058,0.0483321034982482,0.906180844031361,0.965,0.0666666666666667,0.455,9.4,0.105,0.0666666666666667,0.98,0.466666666666667,1.2475,21.8,0.4475,0.466666666666667,0.994878477645317,0.998602392799418,0.967345057953279,0.999991757868524,0.9985,0.988,0.8565,0.96684950274468,0.984218033190591,-3.3798995647403,0.224186599210407,0.577950211760979,2.50225540277665,3.68531641061524,0.214998846681727,11.3036661280805,2,0.3968,0.0504,0.1976,0.2611,0.244,0.4298,2.48770926177481,0.715977319255879,0.900085084353932,1.06521095977592,4780.99038004875
"Fixed mixed-signal covariate-driven SAR design, lambda = 2",70,"full_poe","PoE",0.938654147104851,0.829295774647887,6,0.4,0.777777777777778,0.188031346515893,2.38997014710712,0.0538464785389671,0.763906580661472,0.9825,0.6,0.305,4.6,0.13,0.6,0.995,0.866666666666667,0.7825,6.19999999999999,0.5825,0.866666666666667,0.964998991935519,0.97958590736149,0.845278803398205,0.999536060623841,0.9255,0.768,0.3265,0.872366386902916,0.924757352344371,-3.12274120615554,0.164257933641355,0.291114861634579,2.62051213826653,2.6857194160322,0.217125086403415,13.1287170657711,3,0.3732,0.0558,0.1744,0.2513,0.262175,0.4033,2.49648970374603,0.718695709119387,0.888186746359325,1.02484772269888,4904.8595969677
"Fixed mixed-signal covariate-driven SAR design, lambda = 2",71,"full_poe","PoE",0.876870109546166,0.630610328638498,1,0.0666666666666667,0.688888888888889,0.194696068976808,3.66601101339315,0.04588548953632,0.910926998803706,0.965,0.0666666666666667,0.455,9.4,0.105,0.0666666666666667,0.9825,0.533333333333333,1.0975,19.2,0.3975,0.533333333333333,0.995234270903178,0.99843891692861,0.969506874472748,0.999985793474054,1,0.994,0.8695,0.973401335150616,0.986932320155799,-3.40023051429318,0.21371804069296,0.351322727292547,2.56569399426488,4.17019263291205,0.195426284673773,10.7592111941872,3,0.4156,0.0438,0.2046,0.241,0.259725,0.447975,2.52999717342895,0.712897293236448,0.9055228422,0.920406510367383,4569.54075503349
"Fixed mixed-signal covariate-driven SAR design, lambda = 2",72,"full_poe","PoE",0.923630672926448,0.774835680751174,2,0.133333333333333,0.688888888888889,0.18776599142451,2.94799897869227,0.0506594557974592,0.866797745466796,0.965,0.133333333333333,0.47,8.8,0.12,0.133333333333333,0.995,0.866666666666667,0.66,6.19999999999999,0.46,0.866666666666667,0.986441966180414,0.993784830756918,0.929038658561809,0.999941362146229,0.9925,0.948,0.6215,0.937003518589807,0.966368250106245,-3.47682126707509,0.257696988658709,0.479258228946803,2.50798628805885,3.28534941514241,0.210838838039091,14.722573490561,2,0.3744,0.0578,0.1572,0.2515,0.25675,0.4115,2.48154849030236,0.718367879021207,0.869507115390163,0.972960907650282,5398.78305506706
"Fixed mixed-signal covariate-driven SAR design, lambda = 2",73,"full_poe","PoE",0.870297339593114,0.611267605633803,0,0,0.666666666666667,0.205725761266048,3.6759716952497,0.0503108381447737,0.933529424870109,0.9625,0,0.4825,10,0.1075,0,0.98,0.466666666666667,1.2425,21.8,0.4425,0.466666666666667,0.997257681344508,0.999785032363798,0.977439100869075,0.999999999811092,1,0.9935,0.931,0.973635911785549,0.988890056081058,-3.45598265919517,0.222990894159887,0.570543264629207,2.59384238974223,3.55450718846024,0.214409494147578,12.9218906900613,2,0.4028,0.0568,0.1584,0.2575,0.249875,0.435325,2.52163554142211,0.718408151606584,0.871304475279446,1.05833880988453,6027.80841803551
"Fixed mixed-signal covariate-driven SAR design, lambda = 2",74,"full_poe","PoE",0.90848200312989,0.725446009389671,6,0.4,0.8,0.176302535463189,3.17885479818962,0.0430753124453119,0.824079566395809,0.98,0.466666666666667,0.32,5.8,0.12,0.466666666666667,0.9875,0.666666666666667,0.87,14,0.37,0.666666666666667,0.995819083715201,0.998893815596121,0.974072044448784,0.99999202276817,0.9985,0.9945,0.8855,0.974544756033861,0.987987230354992,-3.40397470281227,0.303352366054714,0.258675871437748,2.5796710078308,3.4133124523742,0.202234950384729,15.7522623636846,9,0.436,0.0538,0.1486,0.2529,0.254,0.4284,2.61159662140811,0.71675156162707,0.868875187192738,1.02457841273721,6227.29455304146
"Fixed mixed-signal covariate-driven SAR design, lambda = 2",75,"full_poe","PoE",0.91887323943662,0.757558685446009,4,0.266666666666667,0.755555555555556,0.192975651148822,2.68450371745598,0.0535381480695768,0.806494392618962,0.975,0.333333333333333,0.4225,7,0.1725,0.333333333333333,0.995,0.866666666666667,0.7375,6.19999999999999,0.5375,0.866666666666667,0.967194717477625,0.981266952101076,0.853262841343916,0.999736857094415,0.933,0.788,0.347,0.86928697942142,0.923766606993135,-3.51005222274973,0.164322484918394,0.8753759818224,2.48770509827159,2.67258224631142,0.215632897946921,14.5624075815252,1,0.3496,0.0544,0.1628,0.2532,0.253275,0.3939,2.45803437703582,0.715685667899706,0.87380994478112,1.01663028276191,6198.1107480526
"Fixed mixed-signal covariate-driven SAR design, lambda = 2",76,"full_poe","PoE",0.836244131455399,0.511173708920188,1,0.0666666666666667,0.688888888888889,0.21684017976826,3.83587924780413,0.0505760464798385,0.911937698812195,0.965,0.0666666666666667,0.4675,9.4,0.1175,0.0666666666666667,0.98,0.466666666666667,1.2625,21.8,0.4625,0.466666666666667,0.992184709000358,0.997494736593441,0.955897628328358,0.999983614985828,0.9985,0.98,0.755,0.953286028158501,0.977082096535347,-3.36782856210595,0.312475188761933,0.948198008315495,2.59683979532916,3.74887212155677,0.205520826853487,11.1946026474757,1,0.3936,0.0442,0.1982,0.2443,0.249625,0.41445,2.53118913315457,0.712760828981439,0.893174222947937,0.998295709377926,5933.49597191811
"Fixed mixed-signal covariate-driven SAR design, lambda = 2",77,"full_poe","PoE",0.947417840375587,0.846572769953052,6,0.4,0.755555555555556,0.179774213306447,2.41216691554981,0.0510926901930688,0.775075141143394,0.98,0.466666666666667,0.33,5.8,0.13,0.466666666666667,1,1,0.5875,1,0.5875,1,0.974799117122392,0.986569079274702,0.880245005468108,0.999665817412442,0.9565,0.85,0.42,0.898623206124679,0.942258837510239,-3.51766270548662,0.196419236972256,0.398387864718203,2.49917044883927,3.08168990446368,0.214409593478403,11.9313559762481,3,0.3774,0.0496,0.1718,0.2591,0.24425,0.401675,2.47666198721191,0.713684846356165,0.889575508975591,1.07092649409967,6315.516092062
"Fixed mixed-signal covariate-driven SAR design, lambda = 2",78,"full_poe","PoE",0.92018779342723,0.76075117370892,5,0.333333333333333,0.777777777777778,0.178156996840534,2.78182217017883,0.0472236789336086,0.788893126578218,0.975,0.333333333333333,0.3725,7,0.1225,0.333333333333333,0.9925,0.8,0.7625,8.79999999999999,0.4625,0.8,0.987985323879598,0.99624831179562,0.923119258881427,0.999968490654462,0.987,0.9455,0.705,0.940275429554631,0.9700149016907,-3.40954596484835,0.358261646404802,0.576655892281941,2.61051418472935,3.0780431605599,0.216961274863176,14.5297970474061,2,0.3846,0.0454,0.193,0.2594,0.2542,0.420475,2.51981595524555,0.714620242050109,0.88837422701774,1.03728124689721,6195.95305204391
"Fixed mixed-signal covariate-driven SAR design, lambda = 2",79,"full_poe","PoE",0.876369327073552,0.630046948356808,2,0.133333333333333,0.711111111111111,0.198554147906897,3.38275496694756,0.0500330050420024,0.887177512174623,0.9675,0.133333333333333,0.435,8.8,0.11,0.133333333333333,0.985,0.6,1.0825,16.6,0.4825,0.6,0.992554402234,0.99814683196001,0.947911732292895,0.999994597263488,0.9965,0.973,0.804,0.957584086380871,0.979240927833173,-3.19567304757085,0.216776568279313,0.976651020375651,2.54723160477418,3.41961471185639,0.201427594842607,13.7923871451734,1,0.4036,0.046,0.151,0.2569,0.254375,0.432,2.52592158915262,0.713029706109962,0.865074707474815,1.03078596827386,6082.0096449852
"Fixed mixed-signal covariate-driven SAR design, lambda = 2",80,"full_poe","PoE",0.908043818466354,0.724319248826291,4,0.266666666666667,0.755555555555556,0.182819214580726,2.9357632068191,0.047822640964997,0.833861863747019,0.9725,0.266666666666667,0.3925,7.6,0.1175,0.266666666666667,0.9925,0.8,0.83,8.79999999999999,0.53,0.8,0.988258955978057,0.996274633488458,0.927813089945208,0.999982409320292,0.9915,0.945,0.7025,0.945191015017139,0.972913003436361,-3.39905698684639,0.24597509059447,0.329562632833557,2.40848696394477,3.38892526362699,0.222809041756517,14.2368919102883,3,0.3838,0.0562,0.2048,0.2424,0.253725,0.413125,2.48449865059754,0.717127521669648,0.909641131524316,0.947939645600997,6109.13847994804
"Fixed mixed-signal covariate-driven SAR design, lambda = 2",81,"full_poe","PoE",0.860406885758998,0.581408450704225,1,0.0666666666666667,0.688888888888889,0.203737397490981,3.66978584298468,0.04885931596262,0.924672914188234,0.965,0.0666666666666667,0.4675,9.4,0.1175,0.0666666666666667,0.9725,0.266666666666667,1.505,29.6,0.405,0.266666666666667,0.992228362120619,0.997465561781455,0.953084138748756,0.999983943059888,0.996,0.976,0.783,0.960861339697465,0.980587451949685,-3.58046129786556,0.253024071026478,0.997855718530384,2.48368641907478,3.83015716344612,0.204575793175197,12.2424615163606,1,0.393,0.054,0.1708,0.2446,0.246575,0.429325,2.52567517140782,0.717659712974186,0.873522837601465,0.99229921516463,6078.97671604156
"Fixed mixed-signal covariate-driven SAR design, lambda = 2",82,"full_poe","PoE",0.932957746478873,0.80131455399061,3,0.2,0.733333333333333,0.189040851440747,2.69109344927365,0.0530351948483275,0.833595285336272,0.975,0.333333333333333,0.3925,7,0.1425,0.333333333333333,0.995,0.866666666666667,0.76,6.19999999999999,0.56,0.866666666666667,0.982277293273141,0.992358145928299,0.901069199834436,0.999896206280693,0.9765,0.9115,0.5635,0.920053115104754,0.956967012252634,-3.30891174711516,0.233844931730877,0.961090944809519,2.59019856977669,2.72820496453079,0.211681080469359,16.6213030333155,1,0.414,0.062,0.1264,0.2569,0.240175,0.41435,2.53587229581406,0.720222951547009,0.85395370451421,1.13193322941041,6275.4673268795
"Fixed mixed-signal covariate-driven SAR design, lambda = 2",83,"full_poe","PoE",0.888826291079812,0.668544600938967,3,0.2,0.733333333333333,0.189472390109216,3.30142301660601,0.0468874697737669,0.873382653104173,0.97,0.2,0.4125,8.2,0.1125,0.2,0.985,0.6,1.045,16.6,0.445,0.6,0.990386054157761,0.99600497218314,0.946534658975521,0.999932904575587,0.9975,0.9675,0.711,0.958941400760534,0.978188559151284,-3.48399128976411,0.231047920336309,0.476955027045747,2.528489787317,3.58771736010582,0.210508683362622,12.5399479765204,4,0.4162,0.049,0.1612,0.2432,0.260225,0.42905,2.54091610977686,0.714861361115243,0.8773235258903,0.980347701698512,6123.78667783737
"Fixed mixed-signal covariate-driven SAR design, lambda = 2",84,"full_poe","PoE",0.905414710485133,0.716244131455399,4,0.266666666666667,0.755555555555556,0.18255537253942,3.21666572208071,0.0466472787281457,0.883289088512494,0.97,0.2,0.4075,8.2,0.1075,0.2,0.985,0.6,1.0425,16.6,0.4425,0.6,0.998227974659793,0.999744100463809,0.986513843351849,0.999999555494316,1,0.998,0.96,0.982445191585875,0.992667509510557,-3.32062145101019,0.234853234937775,0.678509111967286,2.51499502322219,3.75097570462039,0.215641052774141,14.7853037671003,2,0.3952,0.0574,0.1592,0.2526,0.252725,0.44175,2.505815628766,0.717377712619771,0.869188079929707,0.994751979378395,6094.39930009842
"Fixed mixed-signal covariate-driven SAR design, lambda = 2",85,"full_poe","PoE",0.896588419405321,0.690140845070423,2,0.133333333333333,0.711111111111111,0.190961394088811,3.29766664171444,0.0489148797420616,0.899041559927711,0.9675,0.133333333333333,0.4375,8.8,0.1125,0.133333333333333,0.9875,0.666666666666667,0.9525,14,0.4525,0.666666666666667,0.994580664877882,0.99828133784462,0.965832473742293,0.999985207723523,0.998,0.9925,0.849,0.970916120004971,0.985671303509218,-3.44409954599613,0.223435738700149,0.953959591346262,2.4688497114378,3.31004318337056,0.210040261978901,16.141495685615,1,0.4096,0.0578,0.1348,0.2468,0.25265,0.4272,2.54219304197147,0.716764934750179,0.858184679084568,1.0016432952321,6267.87978601456
"Fixed mixed-signal covariate-driven SAR design, lambda = 2",86,"full_poe","PoE",0.931392801251956,0.794178403755869,4,0.266666666666667,0.755555555555556,0.176808205601092,2.64064442564311,0.0481986132515641,0.790049425896242,0.9725,0.266666666666667,0.385,7.6,0.11,0.266666666666667,0.9975,0.933333333333333,0.6275,3.6,0.5275,0.933333333333333,0.981410182751182,0.991508004108137,0.910011116898898,0.999923272392816,0.979,0.903,0.544,0.922104943353476,0.95774013044851,-3.34415894542136,0.185747583455556,0.997264053487417,2.49844019986098,2.9475038685542,0.219994714161871,15.5980078099216,1,0.4014,0.0512,0.1716,0.2537,0.256125,0.407,2.5323509121612,0.715667413956314,0.882123647763277,0.998240097990583,6307.38073706627
"Fixed mixed-signal covariate-driven SAR design, lambda = 2",87,"full_poe","PoE",0.889076682316119,0.670422535211268,1,0.0666666666666667,0.688888888888889,0.198694761286203,3.30942448458191,0.0510197227222925,0.894993116674791,0.9675,0.133333333333333,0.4575,8.8,0.1325,0.133333333333333,0.985,0.6,1.0525,16.6,0.4525,0.6,0.992529317549253,0.997507271468361,0.950993760393016,0.999982276733521,0.9975,0.975,0.797,0.962509245055795,0.981345876779622,-3.27536998201555,0.233821200350042,0.999018468073685,2.65077813896591,3.64520694826651,0.207624534618685,11.4508010577672,1,0.4024,0.0512,0.195,0.2563,0.24985,0.434475,2.50719597464014,0.715177102696812,0.903484270095424,1.09683313456271,6127.95911598206
"Fixed mixed-signal covariate-driven SAR design, lambda = 2",88,"full_poe","PoE",0.939342723004695,0.818028169014084,5,0.333333333333333,0.777777777777778,0.16574025623669,3.02861436955943,0.0420152940945835,0.813806834406569,0.975,0.333333333333333,0.3575,7,0.1075,0.333333333333333,0.9925,0.8,0.635,8.79999999999999,0.335,0.8,0.997813427883117,0.999475946041454,0.986365789177999,0.999996084119837,0.9995,0.9985,0.9545,0.985335548461157,0.99309107378096,-3.34898634256714,0.290637198542093,1.27641993432576,2.80660399533107,3.72265755903374,0.211358019900473,10.9859464827351,4,0.4436,0.051,0.149,0.2636,0.24815,0.46685,2.58944099948397,0.718555658907064,0.875708522094944,1.18277518420619,6090.69414401054
"Fixed mixed-signal covariate-driven SAR design, lambda = 2",89,"full_poe","PoE",0.891079812206573,0.684319248826291,4,0.266666666666667,0.733333333333333,0.200791850784283,2.94844674600412,0.0531310246541253,0.830203484182863,0.97,0.266666666666667,0.4325,7.6,0.1325,0.266666666666667,0.9875,0.666666666666667,1.0275,14,0.5275,0.666666666666667,0.977760526597214,0.988533824440456,0.89655302320147,0.999739623395605,0.9725,0.8805,0.4715,0.909591423215205,0.949960474865402,-3.47089446392371,0.251701826963411,0.568105673092476,2.53441752996715,3.15065419413826,0.205993617755217,10.7276710629232,2,0.397,0.0508,0.1908,0.2438,0.260675,0.40725,2.52880436320798,0.715449500726299,0.897225188828,1.00718760510545,6207.25091600418
"Fixed mixed-signal covariate-driven SAR design, lambda = 2",90,"full_poe","PoE",0.930328638497653,0.791924882629108,4,0.266666666666667,0.755555555555556,0.18420811211078,2.62261412693328,0.05132483910382,0.80739656723973,0.9725,0.266666666666667,0.4125,7.6,0.1375,0.266666666666667,0.995,0.866666666666667,0.76,6.19999999999999,0.56,0.866666666666667,0.977822036871658,0.991333099409844,0.868083973849655,0.999950585580174,0.962,0.865,0.529,0.907036976876505,0.949260920299464,-3.41483567635485,0.230317084637342,1.15609665870623,2.56745544731123,3.11652497346004,0.210857718506921,14.5935852099432,1,0.3658,0.048,0.1668,0.258,0.23575,0.406025,2.48584475015861,0.715351158851279,0.877548870288918,1.09758041020667,6083.05020308495
"Fixed mixed-signal covariate-driven SAR design, lambda = 2",91,"full_poe","PoE",0.864726134585289,0.594366197183099,1,0.0666666666666667,0.688888888888889,0.202493906187191,3.57246161114722,0.0490656093288648,0.914315257691438,0.965,0.0666666666666667,0.465,9.4,0.115,0.0666666666666667,0.985,0.6,1.0725,16.6,0.4725,0.6,0.990499245067344,0.996428870149351,0.943622675866993,0.999970400935113,0.997,0.968,0.729,0.95380264247852,0.975895008278495,-3.468287922988,0.196784404557012,0.890927831001229,2.4253257163584,3.75372555313838,0.19945788255218,11.1951605980397,1,0.3788,0.0494,0.2012,0.2429,0.25105,0.412175,2.49818589363686,0.71362441214914,0.897079435794471,0.945434595136945,6009.5463578701
"Fixed mixed-signal covariate-driven SAR design, lambda = 2",92,"full_poe","PoE",0.912676056338028,0.740657276995305,4,0.266666666666667,0.733333333333333,0.186597085268311,2.82117097323244,0.0503354858923933,0.835720538408383,0.9775,0.4,0.3575,6.4,0.1325,0.4,0.99,0.733333333333333,0.95,11.4,0.55,0.733333333333333,0.984057915056173,0.993926205944861,0.91208231008869,0.999944310537667,0.9825,0.919,0.604,0.929482151532624,0.963063539757617,-3.64795523206296,0.233192929963579,1.2237420076116,2.43683632301097,3.24074948760566,0.205556938662311,13.7011213675919,1,0.3802,0.0522,0.201,0.2471,0.24125,0.41115,2.47972435757505,0.716621635758913,0.890589645604474,1.05986632234548,6180.73201107979
"Fixed mixed-signal covariate-driven SAR design, lambda = 2",93,"full_poe","PoE",0.940970266040689,0.822910798122066,4,0.266666666666667,0.755555555555556,0.187782524777596,2.43884907680697,0.0541473914093168,0.783024739670849,0.9825,0.533333333333333,0.3325,5.2,0.1575,0.533333333333333,0.9975,0.933333333333333,0.7225,3.6,0.6225,0.933333333333333,0.968889180596204,0.985111001390671,0.845355466700588,0.999838967482761,0.93,0.8035,0.403,0.871563269753197,0.928379057631584,-3.55914626847595,0.228208831645408,0.904072099413226,2.51733451121957,2.88668753746525,0.219968761058767,13.5983451179079,1,0.3706,0.0516,0.1656,0.2447,0.2493,0.39035,2.48037058424583,0.714836237530041,0.872694185966579,1.0097873626728,6201.83574914932
"Fixed mixed-signal covariate-driven SAR design, lambda = 2",94,"full_poe","PoE",0.834428794992175,0.503286384976526,2,0.133333333333333,0.711111111111111,0.214222236064197,4.08789735151752,0.0474641044248435,0.916599275054981,0.9675,0.133333333333333,0.43,8.8,0.105,0.133333333333333,0.9775,0.4,1.28,24.4,0.38,0.4,0.994751696679077,0.998353651456955,0.966761164034585,0.999985971413866,0.9985,0.9905,0.8575,0.973511422951742,0.987183987145663,-3.19208709100756,0.207095418039716,0.939625177011376,2.66519501014776,4.00508715542737,0.212645221660461,11.6045341182808,1,0.4262,0.048,0.1882,0.2376,0.255475,0.43555,2.58005141963169,0.714146041532462,0.893016070505308,0.963353133602852,5794.83638310432
"Fixed mixed-signal covariate-driven SAR design, lambda = 2",95,"full_poe","PoE",0.900782472613459,0.703849765258216,2,0.133333333333333,0.711111111111111,0.188649001927852,3.34666680294727,0.0476547132765189,0.906914880743066,0.965,0.0666666666666667,0.45,9.4,0.1,0.0666666666666667,0.98,0.466666666666667,1.21,21.8,0.41,0.466666666666667,0.994567974477724,0.998308780048841,0.965745120034002,0.999989429807583,0.9995,0.9915,0.8445,0.9711191446751,0.986258496564718,-3.39959170375643,0.274044837959623,0.98712639716873,2.56854588863459,3.79495034163262,0.210515209935483,13.0698481365562,1,0.3962,0.0432,0.1996,0.2551,0.25115,0.4394,2.52042313041809,0.711443184037144,0.889669545975136,1.01273928096917,6059.91919398308
"Fixed mixed-signal covariate-driven SAR design, lambda = 2",96,"full_poe","PoE",0.939092331768388,0.821408450704225,7,0.466666666666667,0.8,0.180575635862646,2.53766167935745,0.0507616630095097,0.796890870633396,0.9775,0.466666666666667,0.355,5.8,0.13,0.466666666666667,0.9975,0.933333333333333,0.64,3.6,0.54,0.933333333333333,0.979226142594432,0.989957183766522,0.894587491267909,0.999887142853042,0.972,0.8905,0.499,0.917046195388538,0.954277791071818,-3.4359836201474,0.226502451530865,0.222138031205766,2.5521625792833,2.81784128909275,0.211463248017684,15.8909575675285,7,0.39,0.056,0.1662,0.2565,0.2537,0.4146,2.50920643340553,0.717777160968467,0.876722464495264,1.05040940120611,6291.70098304749
"Fixed mixed-signal covariate-driven SAR design, lambda = 2",97,"full_poe","PoE",0.905978090766823,0.71849765258216,5,0.333333333333333,0.777777777777778,0.186281164782156,2.91545701669672,0.0491658084372195,0.82646408564133,0.9775,0.4,0.3625,6.4,0.1375,0.4,0.9875,0.666666666666667,0.99,14,0.49,0.666666666666667,0.985767829168169,0.994713423057281,0.921464266751838,0.99995239016666,0.9865,0.9375,0.644,0.932202673101983,0.963927433649831,-3.26995204204295,0.169929428762614,0.437785603015706,2.45799857374346,3.30422570473623,0.214195504989684,12.614019346205,5,0.3654,0.0502,0.1704,0.2489,0.2476,0.4038,2.48299541375428,0.714319967158209,0.884937620626095,1.00765606387212,6290.97926807404
"Fixed mixed-signal covariate-driven SAR design, lambda = 2",98,"full_poe","PoE",0.89245696400626,0.682065727699531,3,0.2,0.711111111111111,0.200037910455127,3.0356457357774,0.0535227279478897,0.851138222618999,0.975,0.333333333333333,0.3925,7,0.1425,0.333333333333333,0.9875,0.666666666666667,1.0175,14,0.5175,0.666666666666667,0.991317873625568,0.997728319771545,0.946134667492454,0.99999434127405,0.995,0.9685,0.7615,0.939593067481458,0.971178264408892,-3.4949579549225,0.275026807598923,0.934190130497046,2.56431880876375,3.13544960784322,0.203984751079357,11.3990451793978,1,0.4064,0.057,0.169,0.2598,0.260875,0.416025,2.53327558736198,0.717394904172094,0.884859571089258,1.05279772674337,6198.30607795715
"Fixed mixed-signal covariate-driven SAR design, lambda = 2",99,"full_poe","PoE",0.897026604068858,0.691079812206573,3,0.2,0.733333333333333,0.189171954748304,3.49400532214033,0.0459753168797415,0.884708319546967,0.97,0.2,0.4025,8.2,0.1025,0.2,0.9825,0.533333333333333,1.0725,19.2,0.3725,0.533333333333333,0.996903689472069,0.999359130813232,0.975909524525619,0.999996951654259,1,0.9955,0.9255,0.982523485294026,0.991608739812799,-3.34702025228676,0.368048738647796,1.15052398334634,2.64746394123473,3.70810910715892,0.202451046520235,11.2328281516737,1,0.441,0.0436,0.2064,0.2528,0.258475,0.448175,2.57140753617134,0.712733965192018,0.902330414898324,1.05263224631115,6031.78833603859
"Fixed mixed-signal covariate-driven SAR design, lambda = 2",100,"full_poe","PoE",0.842691705790297,0.528075117370892,2,0.133333333333333,0.711111111111111,0.204048176368786,4.02956089894017,0.045283761823143,0.935684359737428,0.9675,0.133333333333333,0.43,8.8,0.105,0.133333333333333,0.9775,0.4,1.29,24.4,0.39,0.4,0.996690028252043,0.999124193390006,0.978774643132668,0.999996098687452,1,0.9945,0.9145,0.981589789472806,0.991175930709304,-3.41996010417455,0.284882815696765,0.502172044531021,2.55509226623793,3.90062202180538,0.20542114520909,12.5736252500364,6,0.4488,0.0436,0.1858,0.2442,0.26015,0.45085,2.57432656154418,0.711320130852161,0.893967727173304,0.970505494842034,6000.66266202927
