"scenario","method","metric","direction","n_rep","mean","sd","mc_se","q025","median","q975"
"Linear Gaussian covariates and Bernoulli SBM, fixed mixed-signal SCAR design","PU-PoE mu=0","Overall_AUC","higher",100,0.943352738654147,0.0174116951796964,0.00174116951796964,0.908865414710485,0.944350547730829,0.971090766823161
"Linear Gaussian covariates and Bernoulli SBM, fixed mixed-signal SCAR design","PU-PoE mu=0","Hidden_AUC","higher",100,0.83044882629108,0.0520252538856907,0.00520252538856907,0.728150234741784,0.833333333333333,0.913272300469484
"Linear Gaussian covariates and Bernoulli SBM, fixed mixed-signal SCAR design","PU-PoE mu=0","Overall_LogLoss","lower",100,0.199862327833757,0.00878177569289716,0.000878177569289716,0.182343256188792,0.198327018822176,0.215769834923751
"Linear Gaussian covariates and Bernoulli SBM, fixed mixed-signal SCAR design","PU-PoE mu=0","Hidden_LogLoss","lower",100,2.23319581870443,0.138743028763055,0.0138743028763055,1.96497594612563,2.22843798657471,2.49219992535706
"Linear Gaussian covariates and Bernoulli SBM, fixed mixed-signal SCAR design","PU-PoE mu=0","Overall_Brier","lower",100,0.0561050525651957,0.00283578976015785,0.000283578976015785,0.0512302676632234,0.0556867213675882,0.0615276550458365
"Linear Gaussian covariates and Bernoulli SBM, fixed mixed-signal SCAR design","PU-PoE mu=0","Hidden_Brier","lower",100,0.77173000041554,0.0280843826426758,0.00280843826426758,0.712676240974931,0.773970369631427,0.820456258093575
"Linear Gaussian covariates and Bernoulli SBM, fixed mixed-signal SCAR design","PU-PoE mu=0","Overall_Recall_at_45","higher",100,0.778444444444444,0.0368960278678882,0.00368960278678882,0.711111111111111,0.777777777777778,0.844444444444444
"Linear Gaussian covariates and Bernoulli SBM, fixed mixed-signal SCAR design","PU-PoE mu=0","Hidden_Recall_at_15","higher",100,0.336666666666667,0.110249182105275,0.0110249182105275,0.133333333333333,0.333333333333333,0.533333333333333
"Linear Gaussian covariates and Bernoulli SBM, fixed mixed-signal SCAR design","PU-PoE mu=0","Overall_Coverage_80","higher_with_interval_score",100,0.98405,0.004245913067619,0.0004245913067619,0.9761875,0.985,0.99
"Linear Gaussian covariates and Bernoulli SBM, fixed mixed-signal SCAR design","PU-PoE mu=0","Hidden_Coverage_80","higher_with_interval_score",100,0.574666666666667,0.11322434846984,0.011322434846984,0.365,0.6,0.733333333333333
"Linear Gaussian covariates and Bernoulli SBM, fixed mixed-signal SCAR design","PU-PoE mu=0","Overall_Interval_Score_80","lower",100,0.352775,0.0467287128113979,0.00467287128113979,0.264875,0.35,0.4463125
"Linear Gaussian covariates and Bernoulli SBM, fixed mixed-signal SCAR design","PU-PoE mu=0","Hidden_Interval_Score_80","lower",100,4.828,1.01901913622856,0.101901913622856,3.4,4.6,6.715
"Linear Gaussian covariates and Bernoulli SBM, fixed mixed-signal SCAR design","PU-PoE mu=0","Overall_Coverage_95","higher_with_interval_score",100,0.99975,0.00103596926751343,0.000103596926751343,0.9975,1,1
"Linear Gaussian covariates and Bernoulli SBM, fixed mixed-signal SCAR design","PU-PoE mu=0","Hidden_Coverage_95","higher_with_interval_score",100,0.993333333333333,0.0276258471336916,0.00276258471336916,0.933333333333333,1,1
"Linear Gaussian covariates and Bernoulli SBM, fixed mixed-signal SCAR design","PU-PoE mu=0","Overall_Interval_Score_95","lower",100,0.92425,0.0512353699246246,0.00512353699246246,0.8211875,0.93,0.9888125
"Linear Gaussian covariates and Bernoulli SBM, fixed mixed-signal SCAR design","PU-PoE mu=0","Hidden_Interval_Score_95","lower",100,1.26,1.07740803821397,0.107740803821397,1,1,3.6
