"replicate","covariate_seed","network_seed","modularity_seed","ada_seed","wlr_seed","inla_seed","gnn_seed","wlr_predictive_seed","wlr_net_predictive_seed","inla_predictive_seed","inla_net_predictive_seed"
1,20361729,20461747,20561761,20661819,20761821,20861825,20961827,21061831,21161845,21261849,21361855
2,20362729,20462747,20562761,20662819,20762821,20862825,20962827,21062831,21162845,21262849,21362855
3,20363729,20463747,20563761,20663819,20763821,20863825,20963827,21063831,21163845,21263849,21363855
4,20364729,20464747,20564761,20664819,20764821,20864825,20964827,21064831,21164845,21264849,21364855
5,20365729,20465747,20565761,20665819,20765821,20865825,20965827,21065831,21165845,21265849,21365855
6,20366729,20466747,20566761,20666819,20766821,20866825,20966827,21066831,21166845,21266849,21366855
7,20367729,20467747,20567761,20667819,20767821,20867825,20967827,21067831,21167845,21267849,21367855
8,20368729,20468747,20568761,20668819,20768821,20868825,20968827,21068831,21168845,21268849,21368855
9,20369729,20469747,20569761,20669819,20769821,20869825,20969827,21069831,21169845,21269849,21369855
10,20370729,20470747,20570761,20670819,20770821,20870825,20970827,21070831,21170845,21270849,21370855
11,20371729,20471747,20571761,20671819,20771821,20871825,20971827,21071831,21171845,21271849,21371855
12,20372729,20472747,20572761,20672819,20772821,20872825,20972827,21072831,21172845,21272849,21372855
13,20373729,20473747,20573761,20673819,20773821,20873825,20973827,21073831,21173845,21273849,21373855
14,20374729,20474747,20574761,20674819,20774821,20874825,20974827,21074831,21174845,21274849,21374855
15,20375729,20475747,20575761,20675819,20775821,20875825,20975827,21075831,21175845,21275849,21375855
16,20376729,20476747,20576761,20676819,20776821,20876825,20976827,21076831,21176845,21276849,21376855
17,20377729,20477747,20577761,20677819,20777821,20877825,20977827,21077831,21177845,21277849,21377855
18,20378729,20478747,20578761,20678819,20778821,20878825,20978827,21078831,21178845,21278849,21378855
19,20379729,20479747,20579761,20679819,20779821,20879825,20979827,21079831,21179845,21279849,21379855
20,20380729,20480747,20580761,20680819,20780821,20880825,20980827,21080831,21180845,21280849,21380855
21,20381729,20481747,20581761,20681819,20781821,20881825,20981827,21081831,21181845,21281849,21381855
22,20382729,20482747,20582761,20682819,20782821,20882825,20982827,21082831,21182845,21282849,21382855
23,20383729,20483747,20583761,20683819,20783821,20883825,20983827,21083831,21183845,21283849,21383855
24,20384729,20484747,20584761,20684819,20784821,20884825,20984827,21084831,21184845,21284849,21384855
25,20385729,20485747,20585761,20685819,20785821,20885825,20985827,21085831,21185845,21285849,21385855
26,20386729,20486747,20586761,20686819,20786821,20886825,20986827,21086831,21186845,21286849,21386855
27,20387729,20487747,20587761,20687819,20787821,20887825,20987827,21087831,21187845,21287849,21387855
28,20388729,20488747,20588761,20688819,20788821,20888825,20988827,21088831,21188845,21288849,21388855
29,20389729,20489747,20589761,20689819,20789821,20889825,20989827,21089831,21189845,21289849,21389855
30,20390729,20490747,20590761,20690819,20790821,20890825,20990827,21090831,21190845,21290849,21390855
31,20391729,20491747,20591761,20691819,20791821,20891825,20991827,21091831,21191845,21291849,21391855
32,20392729,20492747,20592761,20692819,20792821,20892825,20992827,21092831,21192845,21292849,21392855
33,20393729,20493747,20593761,20693819,20793821,20893825,20993827,21093831,21193845,21293849,21393855
34,20394729,20494747,20594761,20694819,20794821,20894825,20994827,21094831,21194845,21294849,21394855
35,20395729,20495747,20595761,20695819,20795821,20895825,20995827,21095831,21195845,21295849,21395855
36,20396729,20496747,20596761,20696819,20796821,20896825,20996827,21096831,21196845,21296849,21396855
37,20397729,20497747,20597761,20697819,20797821,20897825,20997827,21097831,21197845,21297849,21397855
38,20398729,20498747,20598761,20698819,20798821,20898825,20998827,21098831,21198845,21298849,21398855
39,20399729,20499747,20599761,20699819,20799821,20899825,20999827,21099831,21199845,21299849,21399855
40,20400729,20500747,20600761,20700819,20800821,20900825,21000827,21100831,21200845,21300849,21400855
41,20401729,20501747,20601761,20701819,20801821,20901825,21001827,21101831,21201845,21301849,21401855
42,20402729,20502747,20602761,20702819,20802821,20902825,21002827,21102831,21202845,21302849,21402855
43,20403729,20503747,20603761,20703819,20803821,20903825,21003827,21103831,21203845,21303849,21403855
44,20404729,20504747,20604761,20704819,20804821,20904825,21004827,21104831,21204845,21304849,21404855
45,20405729,20505747,20605761,20705819,20805821,20905825,21005827,21105831,21205845,21305849,21405855
46,20406729,20506747,20606761,20706819,20806821,20906825,21006827,21106831,21206845,21306849,21406855
47,20407729,20507747,20607761,20707819,20807821,20907825,21007827,21107831,21207845,21307849,21407855
48,20408729,20508747,20608761,20708819,20808821,20908825,21008827,21108831,21208845,21308849,21408855
49,20409729,20509747,20609761,20709819,20809821,20909825,21009827,21109831,21209845,21309849,21409855
50,20410729,20510747,20610761,20710819,20810821,20910825,21010827,21110831,21210845,21310849,21410855
51,20411729,20511747,20611761,20711819,20811821,20911825,21011827,21111831,21211845,21311849,21411855
52,20412729,20512747,20612761,20712819,20812821,20912825,21012827,21112831,21212845,21312849,21412855
53,20413729,20513747,20613761,20713819,20813821,20913825,21013827,21113831,21213845,21313849,21413855
54,20414729,20514747,20614761,20714819,20814821,20914825,21014827,21114831,21214845,21314849,21414855
55,20415729,20515747,20615761,20715819,20815821,20915825,21015827,21115831,21215845,21315849,21415855
56,20416729,20516747,20616761,20716819,20816821,20916825,21016827,21116831,21216845,21316849,21416855
57,20417729,20517747,20617761,20717819,20817821,20917825,21017827,21117831,21217845,21317849,21417855
58,20418729,20518747,20618761,20718819,20818821,20918825,21018827,21118831,21218845,21318849,21418855
59,20419729,20519747,20619761,20719819,20819821,20919825,21019827,21119831,21219845,21319849,21419855
60,20420729,20520747,20620761,20720819,20820821,20920825,21020827,21120831,21220845,21320849,21420855
61,20421729,20521747,20621761,20721819,20821821,20921825,21021827,21121831,21221845,21321849,21421855
62,20422729,20522747,20622761,20722819,20822821,20922825,21022827,21122831,21222845,21322849,21422855
63,20423729,20523747,20623761,20723819,20823821,20923825,21023827,21123831,21223845,21323849,21423855
64,20424729,20524747,20624761,20724819,20824821,20924825,21024827,21124831,21224845,21324849,21424855
65,20425729,20525747,20625761,20725819,20825821,20925825,21025827,21125831,21225845,21325849,21425855
66,20426729,20526747,20626761,20726819,20826821,20926825,21026827,21126831,21226845,21326849,21426855
67,20427729,20527747,20627761,20727819,20827821,20927825,21027827,21127831,21227845,21327849,21427855
68,20428729,20528747,20628761,20728819,20828821,20928825,21028827,21128831,21228845,21328849,21428855
69,20429729,20529747,20629761,20729819,20829821,20929825,21029827,21129831,21229845,21329849,21429855
70,20430729,20530747,20630761,20730819,20830821,20930825,21030827,21130831,21230845,21330849,21430855
71,20431729,20531747,20631761,20731819,20831821,20931825,21031827,21131831,21231845,21331849,21431855
72,20432729,20532747,20632761,20732819,20832821,20932825,21032827,21132831,21232845,21332849,21432855
73,20433729,20533747,20633761,20733819,20833821,20933825,21033827,21133831,21233845,21333849,21433855
74,20434729,20534747,20634761,20734819,20834821,20934825,21034827,21134831,21234845,21334849,21434855
75,20435729,20535747,20635761,20735819,20835821,20935825,21035827,21135831,21235845,21335849,21435855
76,20436729,20536747,20636761,20736819,20836821,20936825,21036827,21136831,21236845,21336849,21436855
77,20437729,20537747,20637761,20737819,20837821,20937825,21037827,21137831,21237845,21337849,21437855
78,20438729,20538747,20638761,20738819,20838821,20938825,21038827,21138831,21238845,21338849,21438855
79,20439729,20539747,20639761,20739819,20839821,20939825,21039827,21139831,21239845,21339849,21439855
80,20440729,20540747,20640761,20740819,20840821,20940825,21040827,21140831,21240845,21340849,21440855
81,20441729,20541747,20641761,20741819,20841821,20941825,21041827,21141831,21241845,21341849,21441855
82,20442729,20542747,20642761,20742819,20842821,20942825,21042827,21142831,21242845,21342849,21442855
83,20443729,20543747,20643761,20743819,20843821,20943825,21043827,21143831,21243845,21343849,21443855
84,20444729,20544747,20644761,20744819,20844821,20944825,21044827,21144831,21244845,21344849,21444855
85,20445729,20545747,20645761,20745819,20845821,20945825,21045827,21145831,21245845,21345849,21445855
86,20446729,20546747,20646761,20746819,20846821,20946825,21046827,21146831,21246845,21346849,21446855
87,20447729,20547747,20647761,20747819,20847821,20947825,21047827,21147831,21247845,21347849,21447855
88,20448729,20548747,20648761,20748819,20848821,20948825,21048827,21148831,21248845,21348849,21448855
89,20449729,20549747,20649761,20749819,20849821,20949825,21049827,21149831,21249845,21349849,21449855
90,20450729,20550747,20650761,20750819,20850821,20950825,21050827,21150831,21250845,21350849,21450855
91,20451729,20551747,20651761,20751819,20851821,20951825,21051827,21151831,21251845,21351849,21451855
92,20452729,20552747,20652761,20752819,20852821,20952825,21052827,21152831,21252845,21352849,21452855
93,20453729,20553747,20653761,20753819,20853821,20953825,21053827,21153831,21253845,21353849,21453855
94,20454729,20554747,20654761,20754819,20854821,20954825,21054827,21154831,21254845,21354849,21454855
95,20455729,20555747,20655761,20755819,20855821,20955825,21055827,21155831,21255845,21355849,21455855
96,20456729,20556747,20656761,20756819,20856821,20956825,21056827,21156831,21256845,21356849,21456855
97,20457729,20557747,20657761,20757819,20857821,20957825,21057827,21157831,21257845,21357849,21457855
98,20458729,20558747,20658761,20758819,20858821,20958825,21058827,21158831,21258845,21358849,21458855
99,20459729,20559747,20659761,20759819,20859821,20959825,21059827,21159831,21259845,21359849,21459855
100,20460729,20560747,20660761,20760819,20860821,20960825,21060827,21160831,21260845,21360849,21460855
