"replicate","true_eta","eta_posterior_mean","eta_posterior_sd","eta_error","eta_squared_error","eta_brier","eta_q10","eta_q50","eta_q90","eta_interval_width_80","eta_covered_80","eta_interval_score_80","eta_q025","eta_q975","eta_interval_width_95","eta_covered_95","eta_interval_score_95","H_hat_eta","H_error_eta","H_squared_error_eta"
1,0.333333333333333,0.182358402300468,0.105808256203082,-0.150974931032865,0.0227934298003784,0.245015652022601,0.0563894290738895,0.166906738420286,0.329160296521102,0.272770867447212,0,0.314501235569528,0.0279657243524516,0.428467525731916,0.400501801379465,1,0.400501801379465,6.69089254314632,-8.30910745685368,69.0412667295414
2,0.333333333333333,0.131288669826478,0.079928298186154,-0.202044663506856,0.0408220460515985,0.263044268273821,0.0394497882550022,0.115820121798535,0.242889512033103,0.203439723778101,0,1.1078779367804,0.0186819270532174,0.317459927189384,0.298778000136167,0,0.93371424589414,4.53391127523063,-10.4660887247694,109.539013194745
3,0.333333333333333,0.11082917263124,0.0725917716113868,-0.222504160702093,0.0495081015297428,0.271730323751965,0.0306220834983466,0.0965709370490886,0.20932388603285,0.178701802534504,0,1.41879627553933,0.0125331297708786,0.285410769460428,0.272877639689549,0,2.18978019460577,3.7392985426391,-11.2607014573609,126.80339731181
4,0.333333333333333,0.132337157394482,0.0844076308175569,-0.200996175938852,0.0403994627420419,0.262621684964264,0.0377137693667305,0.118428437342989,0.24778040031534,0.21006663094861,0,1.06559596112854,0.0164102009270063,0.330437889170339,0.314027688243333,0,0.429845454763088,4.57564220442185,-10.4243577955781,108.667235450231
5,0.333333333333333,0.113809905295348,0.0719436493586563,-0.219523428037986,0.0481905354575487,0.270412757679771,0.0331424085385821,0.100783704432039,0.213852549024122,0.18071014048554,0,1.37551798357765,0.0148429929791852,0.276108944934551,0.261265951955366,0,2.55024148790664,3.85278190228287,-11.1472180977171,124.260471318072
6,0.333333333333333,0.133080794538609,0.0752327772168899,-0.200252538794724,0.0401010792937324,0.262323301515955,0.0443392636429698,0.124514711364916,0.232232990359623,0.187893726716653,0,1.19889715645376,0.0198596561139572,0.306129886448486,0.286270230334529,0,1.37440810572842,4.60530094500957,-10.3946990549904,108.049768443819
7,0.333333333333333,0.127045812501207,0.0796774683373589,-0.206287520832126,0.0425545412510649,0.264776763473287,0.0374921303949694,0.112424694773216,0.239112823161341,0.201620692766372,0,1.1438257944863,0.0178765630849501,0.317060838751523,0.299184275666573,0,0.950084058938967,4.36606459951426,-10.6339354004857,113.080582101704
8,0.333333333333333,0.121894304208323,0.076989687399432,-0.21143902912501,0.0447064630373269,0.266928685259549,0.0362927632950522,0.106912402598024,0.231095797242433,0.19480303394738,0,1.21717839485639,0.0153157944382402,0.306242244988312,0.290926450550072,0,1.37456998435093,4.16445211980181,-10.8355478801982,117.409097864067
9,0.333333333333333,0.13388337029326,0.0827919674072204,-0.199449963040073,0.0397802877566864,0.262002509978909,0.0409357270706172,0.120356094439597,0.248445153373174,0.207509426302557,0,1.05639122590415,0.0209126570568472,0.335406873614811,0.314494216557964,1,0.314494216557964,4.63736749882954,-10.3626325011705,107.384152354314
10,0.333333333333333,0.12862178960711,0.0829799665430692,-0.204711543726223,0.0419068161347732,0.264129038356995,0.0359773044930135,0.113160454939551,0.245936089750058,0.209958785257045,0,1.08393122108979,0.015835008849274,0.331651702159854,0.31581669331058,0,0.383081940249767,4.42821916154354,-10.5717808384565,111.762550096355
11,0.333333333333333,0.160549969873212,0.096338981795191,-0.172783363460122,0.0298540906885925,0.252076312910815,0.0494884270875922,0.145071011603475,0.295162954977656,0.245674527890064,0,0.627378311446833,0.0226241637706068,0.383004924921052,0.360380761150446,1,0.360380761150446,5.73768410666313,-9.26231589333688,85.7904957079609
12,0.333333333333333,0.111657620949982,0.068608570093047,-0.221675712383351,0.0491401214606663,0.271362343682888,0.0348763182407191,0.0999715171586014,0.205591698318507,0.170715380077788,0,1.44813173022605,0.0156860870546308,0.276232342569092,0.260546255514461,0,2.54458588608412,3.77076306106393,-11.2292369389361,126.095762230766
13,0.333333333333333,0.119734700931156,0.0744575972731802,-0.213598632402177,0.0456243757640803,0.267846597986303,0.0346955774127824,0.105807623215178,0.225949610970559,0.191254033557777,0,1.26509125718552,0.0164521304059093,0.28922245839699,0.272770327991081,0,2.03720532544481,4.08063459020184,-10.9193654097982,119.232540952697
14,0.333333333333333,0.134180729515743,0.0807685669286951,-0.199152603817591,0.0396617596073262,0.261883981829548,0.0417732584166559,0.121437201681543,0.244896980958969,0.203123722542313,0,1.08748724628596,0.0186386787885402,0.331953177766385,0.313314498977845,0,0.368520721655773,4.64926344642438,-10.3507365535756,107.137747201526
15,0.333333333333333,0.131687864424418,0.0841640134146783,-0.201645468908916,0.0406608951314965,0.262883117353719,0.039128563385926,0.115382105673619,0.245968115334762,0.206839551948836,0,1.08049173193455,0.0175121241792027,0.332139434608231,0.314627310429028,0,0.36238325943313,4.54978776740665,-10.4502122325934,109.206935706244
16,0.333333333333333,0.119817439816344,0.0724631402862674,-0.21351589351699,0.0455890367843585,0.267811259006581,0.0361884808297057,0.109114558599643,0.220107198374696,0.18391871754499,0,1.31618006713137,0.0183071496719482,0.286777571885306,0.268470422213358,0,2.13070088013445,4.08383823662706,-10.9161617633729,119.162587644126
17,0.333333333333333,0.117809326673271,0.0746478421258945,-0.215524006660062,0.0464505974468065,0.268672819669029,0.0369778965868833,0.103040769680266,0.220691813734357,0.183713917147474,0,1.31012911313724,0.0168464320836271,0.301196879019716,0.284350446936089,0,1.56980861948078,4.00625387125259,-10.9937461287474,120.862453943349
18,0.333333333333333,0.11183217558934,0.0717348039428258,-0.221501157743993,0.0490627628819294,0.271284985104152,0.0328451452575883,0.0962778171752177,0.213763278246238,0.18091813298865,0,1.3766186838596,0.0160210567841465,0.293862669642223,0.277841612858077,0,1.85666816050248,3.77740014383698,-11.222599856163,125.94674753155
19,0.333333333333333,0.163183924406087,0.0890031319963963,-0.170149408927246,0.0289508213582912,0.251173043580513,0.0582577274568003,0.150271193223172,0.283678677835955,0.225420950379155,0,0.721967505352938,0.030582385354503,0.362682503629362,0.332100118274859,1,0.332100118274859,5.85017171032252,-9.14982828967748,83.7193577305823
20,0.333333333333333,0.114827370478305,0.073355341898372,-0.218505962855028,0.0477448558032028,0.269967078025425,0.0338510167956236,0.0998761306757951,0.214942068447034,0.18109105165141,0,1.36500370051441,0.0151403189750815,0.301498892070548,0.286358573095466,0,1.55973622360688,3.89169411644662,-11.1083058835534,123.394459602587
21,0.333333333333333,0.125580798050901,0.0798256708920195,-0.207752535282432,0.0431611159162783,0.265383338138501,0.0353550699802596,0.109977610655553,0.238107319428419,0.202752249448159,0,1.15501238849731,0.0157749079486535,0.309702188746836,0.293927280798182,0,1.23917306425809,4.30848720285346,-10.6915127971465,114.308445891548
22,0.333333333333333,0.120590648561396,0.0775075802615026,-0.212742684771937,0.0452594499239718,0.267481672146194,0.0329413117927837,0.105149442784287,0.22784890592161,0.194907594128826,0,1.24975186824606,0.0143405303459185,0.305570077522971,0.291229547177053,0,1.40175977959153,4.11380598912639,-10.8861940108736,118.50922004238
23,0.333333333333333,0.151916878471347,0.0928337122654566,-0.181416454861986,0.0329119300946912,0.255134152316913,0.0426577244010884,0.138678446562496,0.276942959390274,0.234285234989185,0,0.798188974419782,0.0186834457784617,0.360613427596661,0.3419299818182,1,0.3419299818182,5.37389111803757,-9.62610888196243,92.661972207396
24,0.333333333333333,0.128653006804167,0.0800733419606921,-0.204680326529167,0.0418940360680863,0.264116258290308,0.037725265632535,0.113964979452622,0.239942446654708,0.202217181022173,0,1.13612604780842,0.0169154119791266,0.314755134283255,0.297839722304129,0,1.04096768430725,4.42945259955418,-10.5705474004458,111.736472345072
25,0.333333333333333,0.134919453804627,0.0809103381310009,-0.198413879528707,0.0393680675896321,0.261590289811854,0.0423910698464838,0.118077548457547,0.248646489661689,0.206255419815205,0,1.05312385653165,0.0203570492924722,0.322739988300308,0.302382939007836,0,0.726116740328843,4.67885173460446,-10.3211482653955,106.526101516277
26,0.333333333333333,0.111578879873025,0.0692420124515524,-0.221754453460309,0.0491750376294801,0.271397259851702,0.0326194434683634,0.100768461223347,0.207088730366878,0.174469286898515,0,1.43691531656307,0.0139228932517198,0.282291498273418,0.268368605021699,0,2.31004200741829,3.76776994643298,-11.232230053567,126.162991976254
27,0.333333333333333,0.124945280059601,0.0768050537665209,-0.208388053273732,0.0434255807472159,0.265647802969438,0.0365069222536215,0.110952313390173,0.231379403847142,0.194872481593521,0,1.21441177645543,0.0168672022624132,0.307454157669653,0.29058695540724,0,1.32575398195446,4.28357029151655,-10.7164297084834,114.841865696867
28,0.333333333333333,0.103113083105237,0.0667192736417219,-0.230220250228097,0.0530013636150874,0.27522358583731,0.0296089365292287,0.0906880278550815,0.195400433187802,0.165791496658574,0,1.54512049811388,0.0145464811561384,0.266551109323927,0.252004628167788,0,2.92329358854405,3.44903291026606,-11.5509670897339,133.424840708117
29,0.333333333333333,0.132707960043002,0.0831615578924049,-0.200625373290332,0.0402505404078849,0.262472762630107,0.0399077593341509,0.117756531735569,0.246887136333606,0.206979376999455,0,1.07144134699673,0.0194480758689591,0.330898904009355,0.311450828140396,0,0.408828001099522,4.59042469879863,-10.4095753012014,108.359257951382
30,0.333333333333333,0.109675350379359,0.0677677540208156,-0.223657982953974,0.0500228933390402,0.272245115561262,0.0353631196136417,0.0953035573367274,0.207371259881748,0.172008140268106,0,1.43162887478396,0.0154205415742227,0.262926195681193,0.24750565410697,0,3.0637911601926,3.69557387047828,-11.3044261295217,127.790050117813
31,0.333333333333333,0.124719172334563,0.0802935539153311,-0.208614160998771,0.0435198681692211,0.265742090391443,0.0364599253089619,0.108671316726973,0.236098266602985,0.199638341294023,0,1.1719890085975,0.0197325727982838,0.318813951971441,0.299081379173157,0,0.879856633648842,4.27471395668115,-10.7252860433188,115.03176071101
32,0.333333333333333,0.13960084257857,0.0837538463953729,-0.193732490754763,0.0375322779740444,0.259754500196267,0.0439333630778995,0.125496067927253,0.255327488065666,0.211394124987767,0,0.991452577664437,0.0211027256735957,0.334213745761744,0.313111020088149,1,0.313111020088149,4.8675376320781,-10.1324623679219,102.666793637353
33,0.333333333333333,0.138611650415842,0.0848991859667159,-0.194721682917492,0.0379165337982202,0.260138756020442,0.0427781261485055,0.1234849084247,0.252738483220296,0.20996035707179,0,1.01590885820217,0.018257062295126,0.34634752493905,0.328090462643924,1,0.328090462643924,4.82749681311887,-10.1725031868811,103.479821087107
34,0.333333333333333,0.124017432843206,0.0775865163978359,-0.209315900490127,0.0438131461979929,0.266035368420215,0.0363688947819078,0.109805583250717,0.230808248656975,0.194439353875067,0,1.21969020063865,0.0180958260615244,0.307228615605215,0.28913278954369,0,1.33332149866844,4.24725688020483,-10.7527431197952,115.621484600302
35,0.333333333333333,0.125856165680936,0.0768842716104897,-0.207477167652397,0.043046775097061,0.265268997319283,0.0398506834013359,0.111748412947606,0.234275623729494,0.194424940328158,0,1.18500203636655,0.0187407148770472,0.312452181006119,0.293711466129072,0,1.12895755921763,4.3192948599463,-10.6807051400537,114.07746228877
36,0.333333333333333,0.12065569731678,0.0743640881819905,-0.212677636016553,0.0452317768615896,0.267453999083812,0.036056658733994,0.107525165437391,0.228295724471499,0.192239065737505,0,1.24261515435584,0.0180080719233452,0.293353032297125,0.27534496037378,0,1.87455700182211,4.11632952923943,-10.8836704707606,118.454282916105
37,0.333333333333333,0.119542705479624,0.076020078082786,-0.213790627853709,0.0457064325580831,0.267928654780305,0.0366327444426342,0.105223503779055,0.222530589985528,0.185897845542894,0,1.29392527902094,0.0174856136355685,0.304455631977339,0.28697001834177,0,1.44207807258156,4.07320285345848,-10.9267971465415,119.394895881668
38,0.333333333333333,0.150189755780352,0.0892733843127728,-0.183143577552981,0.0335415699989047,0.255763792221127,0.0468623081433572,0.135208543801032,0.276717610701782,0.229855302558424,0,0.796012528873942,0.0200371826189503,0.356424419201809,0.336387236582859,1,0.336387236582859,5.30199853915388,-9.69800146084612,94.0512323345735
39,0.333333333333333,0.121018307511547,0.0742933017047532,-0.212315025821787,0.0450776701897059,0.267299892411928,0.0369103034114574,0.108248746790753,0.223314007014442,0.186403703602984,0,1.2865969667919,0.0184420581629572,0.29587448277414,0.277432424611182,0,1.77578644697893,4.13040368914634,-10.8695963108537,118.148123960923
40,0.333333333333333,0.139317594957829,0.0866107578899254,-0.194015738375505,0.0376421067373923,0.259864328959615,0.0383694159016176,0.123729392442362,0.256227673113595,0.217858257211977,0,0.988914859409361,0.017065369512957,0.350640171347145,0.333574801834188,1,0.333574801834188,4.85606284530711,-10.1439371546929,102.899460998359
41,0.333333333333333,0.117181073519252,0.0718831933048158,-0.216152259814081,0.0467217994227341,0.268944021644956,0.0344392624637898,0.10515222815249,0.218005168745341,0.183565906281552,0,1.33684755216147,0.01697986453799,0.283048676403575,0.266068811865585,0,2.27745508905592,3.98205351078211,-11.0179464892179,121.395144839269
42,0.333333333333333,0.114686023569334,0.0717187094290647,-0.218647309763999,0.0478066460670343,0.270028868289257,0.0337574801631986,0.102922423847499,0.213272620419791,0.179515140256592,0,1.38012226939202,0.015694796955255,0.286422100290008,0.270727303334753,0,2.14717662506775,3.88628305739785,-11.1137169426021,123.514704280282
43,0.333333333333333,0.112155551162845,0.0707568132405808,-0.221177782170489,0.0489196113258561,0.271141833548078,0.0315666247737274,0.0990492638628676,0.211016769526729,0.179450144753001,0,1.40261578281905,0.0159676558419484,0.284719311536105,0.268751655694157,0,2.21331252758328,3.78970273373019,-11.2102972662698,125.670764798136
44,0.333333333333333,0.138678278262882,0.0850437400402136,-0.194655055070451,0.0378905904644803,0.260112812686703,0.0428326450522872,0.122297993889539,0.254852432413625,0.212019787361338,0,0.996828796558421,0.0213133315602041,0.347167264359713,0.325853932799509,1,0.325853932799509,4.83019090647785,-10.1698090935222,103.425016998686
45,0.333333333333333,0.123968148613618,0.0774833425995068,-0.209365184719715,0.0438337805727205,0.266056002794943,0.0355475539485773,0.109054011102454,0.230863945832959,0.195316391884382,0,1.22001026688812,0.0169492859532921,0.304733835972746,0.287784550019454,0,1.43176444444296,4.24533018122901,-10.754669818771,115.662922910784
46,0.333333333333333,0.105729857177571,0.0680573759323477,-0.227603476155762,0.0518033423581866,0.274025564580409,0.0320595265392082,0.0924624605468932,0.197935192330422,0.165875665791214,0,1.51985707582033,0.014653973982098,0.273725286655942,0.259071312673844,0,2.64339317976951,3.5469100034093,-11.4530899965907,131.173270470006
47,0.333333333333333,0.112322671473858,0.0723817751052546,-0.221010661859475,0.0488457126555632,0.271067934877785,0.0309738851179382,0.0987973006020022,0.209698153312868,0.17872426819493,0,1.41507606839958,0.0129155329356736,0.286313099390034,0.273397566454361,0,2.15420692418631,3.79606421830172,-11.2039357816983,125.528177000419
48,0.333333333333333,0.127646637717758,0.0786139323593122,-0.205686695615575,0.0423070167532542,0.264529238975476,0.0393245964650043,0.114006534009605,0.236621426195203,0.197296829730199,0,1.1644159011115,0.0179335961642958,0.318558693829943,0.300625097665647,0,0.891610677801273,4.38973390497896,-10.610266095021,112.577746607153
49,0.333333333333333,0.138871564553014,0.0868776492184691,-0.194461768780319,0.0378153795171704,0.260037601739393,0.0404563306301164,0.124707417682866,0.26365335469076,0.223197024060644,0,0.919996810486377,0.0197643549717259,0.343629904295337,0.323865549323611,1,0.323865549323611,4.83800878602725,-10.1619912139727,103.266065432859
50,0.333333333333333,0.14990329266732,0.0896744769965738,-0.183430040666013,0.0336465798187351,0.255868802040957,0.0443716793593626,0.136240232330463,0.276546187048399,0.232174507689037,0,0.800045970538378,0.0212309905581285,0.354605228317153,0.333374237759024,1,0.333374237759024,5.29010257448239,-9.70989742551761,94.2821080140735
51,0.333333333333333,0.165974834741262,0.0988251004748873,-0.167358498592071,0.0280088670509924,0.250231089273215,0.0495503064926814,0.151273814311944,0.304673480387228,0.255123173894546,0,0.541721703355604,0.0233106667171309,0.383316943715176,0.360006276998045,1,0.360006276998045,5.97013765249296,-9.02986234750704,81.5384140149253
52,0.333333333333333,0.142340341570995,0.0870636685003203,-0.190992991762338,0.0364783229023287,0.258700545124551,0.0427798583930886,0.127953751118544,0.259723863323272,0.216944004930184,0,0.953038705030793,0.0214331907141168,0.357696062036685,0.336262871322568,1,0.336262871322568,4.97890999671325,-10.0210900032867,100.422244853974
53,0.333333333333333,0.13477471552847,0.0812964840520298,-0.198558617804864,0.0394255247045779,0.2616477469268,0.0404311043503098,0.121870978333769,0.242611693973962,0.202180589623652,0,1.10939698321737,0.0205725964807902,0.329654654462873,0.309082057982083,0,0.456229212800495,4.6730505203898,-10.3269494796102,106.645885554421
54,0.333333333333333,0.128414449153142,0.0804620711465959,-0.204918884180191,0.0419917490936545,0.264213971315877,0.0377955011103996,0.113569331213875,0.243796680183301,0.206001179072902,0,1.10136771057322,0.0168639161986159,0.319037503921961,0.302173587723345,0,0.874006764178244,4.42002907328045,-10.5799709267195,111.935784810231
55,0.333333333333333,0.12827953036124,0.077661661593009,-0.205053802972093,0.0420470621133181,0.26426928433554,0.0359097511316588,0.116938807680823,0.234421423920228,0.198511672788569,0,1.18763076691962,0.0162257236533628,0.302473168338687,0.286247444685324,0,1.52065404447119,4.41470178213431,-10.5852982178657,112.048538361151
56,0.333333333333333,0.183919197476719,0.107315728527478,-0.149414135856614,0.0223245839937788,0.244546806216001,0.0579934556258735,0.168513563002226,0.334969783026322,0.276976327400448,1,0.276976327400448,0.0278331332316888,0.43145036549256,0.403617232260871,1,0.403617232260871,6.76106570236857,-8.23893429763143,67.8800383606875
57,0.333333333333333,0.127360030704476,0.0803552404818389,-0.205973302628857,0.0424250013958388,0.264647223618061,0.0350275376268625,0.114063152929863,0.234213746884614,0.199186209257751,0,1.19038207374495,0.016977007840735,0.325588991632247,0.308611983791512,0,0.61838565183497,4.37843905341488,-10.6215609465851,112.817556942022
58,0.333333333333333,0.119972914716049,0.0757270122319286,-0.213360418617284,0.0455226682325428,0.267744890454765,0.0340447567975893,0.10768942519944,0.220533700757189,0.1864889439596,0,1.31448526972104,0.0158493353533512,0.306270884132609,0.290421548779258,0,1.37291951680822,4.089859848257,-10.910140151743,119.031158130675
59,0.333333333333333,0.117647194250328,0.0737334573147378,-0.215686139083006,0.0465205105925336,0.268742732814756,0.0346378965557926,0.104141959772691,0.216147932978925,0.181510036423132,0,1.35336403996722,0.0161363037452213,0.29256821287073,0.276431909125508,0,1.90703672762965,4.00000521844677,-10.9999947815532,120.999885194198
60,0.333333333333333,0.143789656957304,0.0883083543568905,-0.189543676376029,0.035926805254141,0.258149027476363,0.0433693096592322,0.128160885378053,0.265981574678968,0.222612265019736,0,0.896129851563388,0.0200894605368491,0.357414873795521,0.337325413258672,1,0.337325413258672,5.03811913015399,-9.96188086984601,99.2390704650039
61,0.333333333333333,0.0930848650837857,0.0602287861432176,-0.240248468249548,0.0577193264962539,0.279941548718476,0.0275120588554508,0.0807070612321471,0.178013124007102,0.150501065151651,0,1.70370315841397,0.0125620225739724,0.242384624834233,0.22982260226026,0,3.86777094222429,3.07917008438894,-11.9208299156111,142.106185876928
62,0.333333333333333,0.154276665423234,0.0914269109352168,-0.1790566679101,0.0320612903230677,0.25428351254529,0.0484356820539938,0.138581791122034,0.282344245399161,0.233908563345168,0,0.743799442686886,0.022163945019088,0.358432453706173,0.336268508687085,1,0.336268508687085,5.47259342798339,-9.52740657201661,90.7714759885053
63,0.333333333333333,0.116743266175392,0.0720407451421095,-0.216590067157941,0.0469112571914815,0.269133479413704,0.0351891770603153,0.104633961170127,0.213237771581248,0.178048594520933,0,1.37900421204179,0.0168012181788526,0.291882577978109,0.275081359799256,0,1.93311157400823,3.96520949248402,-11.034790507516,121.766601544765
64,0.333333333333333,0.134845340415789,0.0830761361610693,-0.198487992917544,0.039397483332435,0.261619705554657,0.0398619325527883,0.119471033725163,0.248357468108887,0.208495535556099,0,1.05825418780056,0.0203130132452396,0.334038121011961,0.313725107766721,1,0.313725107766721,4.6758809741808,-10.3241190258192,106.587433659282
65,0.333333333333333,0.119994676928671,0.0763555671551028,-0.213338656404663,0.0455133823165467,0.267735604538769,0.0335268346806294,0.105351726566936,0.225478805888683,0.191951971208053,0,1.27049724565456,0.0161570922914359,0.303982879345954,0.287825787054518,0,1.46184394654969,4.09070287813286,-10.9092971218671,119.012763693179
66,0.333333333333333,0.129407946203714,0.0807368145690753,-0.20392538712962,0.0415855635159652,0.263807785738187,0.0395285685312609,0.113880769617313,0.240524065531351,0.20099549700009,0,1.12908817501991,0.0199208184390857,0.321765327288194,0.301844508849109,0,0.76456475065467,4.45930831688918,-10.5406916831108,111.106181158402
67,0.333333333333333,0.147185562744933,0.087827763406452,-0.1861477705884,0.0346509924950316,0.256873214717254,0.0458368477271395,0.134546326962731,0.269744682110828,0.223907834383688,0,0.859794346608744,0.0231309188670481,0.348636225095801,0.325505306228753,1,0.325505306228753,5.17764086705693,-9.82235913294307,96.47873893651
68,0.333333333333333,0.117665439649565,0.0749895684952129,-0.215667893683768,0.0465126403659931,0.268734862588215,0.0319228020806048,0.104595327076849,0.22432575289327,0.192402950812665,0,1.2824787552133,0.0148949816014612,0.289312428826515,0.274417447225054,0,2.0352536274978,4.00070828925138,-10.9992917107486,120.984418138143
69,0.333333333333333,0.119223737641929,0.0756417788214889,-0.214109595691404,0.0458429189671367,0.268065141189359,0.0352221226043255,0.10416489600981,0.22706370475286,0.191841582148534,0,1.25453786795327,0.0182505947611887,0.288293605694322,0.270043010933134,0,2.07163211649358,4.06086344752533,-10.9391365524747,119.664708513688
70,0.333333333333333,0.152895744586096,0.0935636880293905,-0.180437588747237,0.0325577234329171,0.254779945655139,0.0449580572783805,0.135217172882293,0.279159202617143,0.234201145338762,0,0.775942452500667,0.0200525719247367,0.377106217134115,0.357053645209378,1,0.357053645209378,5.41476720045715,-9.58523279954285,91.876687821432
71,0.333333333333333,0.107041147675789,0.0695843266351955,-0.226292185657544,0.0512081532896683,0.27343037551189,0.0308922361815774,0.0933662684079797,0.201709694019223,0.170817457837646,0,1.48705385097875,0.0134079647999534,0.276014009715056,0.262606044915103,0,2.5553789896462,3.59617290529728,-11.4038270947027,130.047272405876
72,0.333333333333333,0.141770460700976,0.0847846324840147,-0.191562872632358,0.0366963341711608,0.258918556393383,0.0452057980736303,0.127500509059115,0.257779619491204,0.212573821417574,0,0.968110959838868,0.0184088792968525,0.344037300272531,0.325628420975678,1,0.325628420975678,4.95568332978038,-10.0443166702196,100.888297371652
73,0.333333333333333,0.113008469910619,0.0724238969856287,-0.220324863422715,0.0485430454422378,0.27076526766446,0.0320666664759977,0.0996683188449247,0.21160767153059,0.179541005054593,0,1.39679762308202,0.0138554382325634,0.285388218900505,0.271532780667942,0,2.18933735798106,3.82219444302578,-11.1778055569742,124.943337069524
74,0.333333333333333,0.117513809768302,0.0731348602268863,-0.215819523565032,0.0465780667518372,0.268800288974059,0.0351553695987087,0.104498787796655,0.22259718436012,0.187441814761411,0,1.29480330449354,0.0167639647891771,0.288473181416848,0.271709216627671,0,2.0661152932871,3.99486624501563,-11.0051337549844,121.112968965096
75,0.333333333333333,0.178054693556695,0.102753741799398,-0.155278639776638,0.0241114559708829,0.246333678193105,0.056860001401599,0.162933813722361,0.32341574821024,0.266555746808641,0,0.365731598039574,0.0270698877922789,0.405775591872199,0.378705704079921,1,0.378705704079921,6.49877889055057,-8.50122110944944,72.2707603517487
76,0.333333333333333,0.126387539558883,0.0776971271563613,-0.20694579377445,0.0428265615609371,0.265048783783159,0.0378366027791993,0.114423635036816,0.232171161585151,0.194334558805952,0,1.20595627628777,0.0184404038821421,0.311067071244463,0.292626667362321,0,1.18327715091713,4.34016953564511,-10.6598304643549,113.631985528789
77,0.333333333333333,0.157698129817363,0.0940518669640848,-0.17563520351597,0.0308477247140962,0.253069946936318,0.0480343241648282,0.145640067236167,0.287405958510434,0.239371634345606,0,0.698645382574595,0.0236183187974969,0.380054891547128,0.356436572749631,1,0.356436572749631,5.61668454267481,-9.38331545732519,88.0466089716779
78,0.333333333333333,0.143098473801784,0.0872233630384677,-0.190234859531549,0.0361893017809884,0.258411524003211,0.0452779614816729,0.126286786359792,0.264530999441752,0.219253037960079,0,0.907276376875891,0.0224597745712311,0.351394957593641,0.32893518302241,1,0.32893518302241,5.00985712220622,-9.99014287779378,99.8029547187337
79,0.333333333333333,0.118047025185384,0.0743178472658862,-0.215286308147949,0.0463481944759736,0.268570416698196,0.0358083139727955,0.10417443129413,0.218108602370852,0.182300288398056,0,1.33454759802287,0.0166698724014466,0.293592607137598,0.276922734736152,0,1.86655178256556,4.01541902651434,-10.9845809734857,120.661019163063
80,0.333333333333333,0.135918564394263,0.0811270681727163,-0.197414768939071,0.0389725909952667,0.261194813217489,0.0442355409017318,0.121065744664104,0.246329954867545,0.202094413965813,0,1.0721281986237,0.0187921357493773,0.322391009797643,0.303598874048266,0,0.741291815475869,4.7189498163092,-10.2810501836908,105.699992879569
81,0.333333333333333,0.119336091258487,0.0762305293757345,-0.213997242074846,0.0457948196156404,0.268017041837863,0.0331668766394104,0.104589545686422,0.224096484447486,0.190929607808076,0,1.28329809666655,0.0148949692777533,0.308887491692339,0.293992522414586,0,1.27182618805434,4.06520887505271,-10.9347911249473,119.569656946226
82,0.333333333333333,0.138705339983265,0.0851304143860308,-0.194627993350068,0.0378800557954741,0.260102278017696,0.0419166953407342,0.122822980780875,0.254624944436698,0.212708249095964,0,0.999792138062316,0.0197322577397831,0.333607562737004,0.313875304997221,1,0.313875304997221,4.8312852646934,-10.1687147353066,103.402759368042
83,0.333333333333333,0.123304944272065,0.0752888153778045,-0.210028389061269,0.0441119242116716,0.266334146433894,0.0369023698554678,0.110486429525698,0.225680192121176,0.188777822265708,0,1.26530923438728,0.0188949065602878,0.306133251902343,0.287238345342056,0,1.37524160258165,4.2194241931597,-10.7805758068403,116.22081472703
84,0.333333333333333,0.102178152316779,0.0661047136640476,-0.231155181016554,0.053432717710796,0.275654939933018,0.0290597370874641,0.0912289604918842,0.187441562122348,0.158381825034884,0,1.61729953714474,0.012917574036256,0.264172905315838,0.251255331279582,0,3.01767245197938,3.41420135566239,-11.5857986443376,134.230730227135
85,0.333333333333333,0.114387818243273,0.0712687988412998,-0.21894551509006,0.0479371385780517,0.270159360800274,0.0334404603154425,0.101101540289953,0.211370445509947,0.177929985194504,0,1.39755886342837,0.015574312195468,0.287183570317973,0.271609258122505,0,2.11759977873691,3.87487279193823,-11.1251272080618,123.768455395556
86,0.333333333333333,0.148593678698248,0.0887597321019233,-0.184739654635085,0.0341287399946906,0.256350962216913,0.0455167515689007,0.13472383543899,0.268739480310322,0.223222728741421,0,0.869161258971534,0.0188542181241256,0.355324693594432,0.336470475470306,1,0.336470475470306,5.23582013595072,-9.76417986404928,95.3392084175055
87,0.333333333333333,0.110102655490575,0.0708691135430408,-0.223230677842758,0.0498319355301374,0.27205415775236,0.0327401318428749,0.0961791429005207,0.205407697694152,0.172667565851277,0,1.45192392224309,0.0166202489097589,0.290769771347382,0.274149522437623,0,1.97669200187567,3.71175359168887,-11.2882464083111,127.424506974749
88,0.333333333333333,0.106483124501293,0.0691622279020768,-0.22685020883204,0.0514610172471401,0.273683239469362,0.0302775948874096,0.0923139552934371,0.203633629378602,0.173356034491192,0,1.47035307403851,0.015539306118892,0.273087727909415,0.257548421790523,0,2.66737263874724,3.57519127241534,-11.4248087275847,130.526254461895
89,0.333333333333333,0.15348682820312,0.0886198350210499,-0.179846505130213,0.0323447654075518,0.254566987629774,0.0492477644788862,0.140920008421125,0.275581925451662,0.226334160972776,0,0.803848239789485,0.0205470797308967,0.361781210926767,0.341234131195871,1,0.341234131195871,5.43949580408712,-9.56050419591288,91.4032404800678
90,0.333333333333333,0.148009765707291,0.0892167622125079,-0.185323567626042,0.0343448247176442,0.256567046939866,0.0417096502532034,0.13340976779571,0.276233187497072,0.234523537243868,0,0.805524995606484,0.0200883632247532,0.360980098141963,0.340891734917209,1,0.340891734917209,5.21167120525144,-9.78832879474856,95.8113805941038
91,0.333333333333333,0.126305415591087,0.0789686768521461,-0.207027917742246,0.0428605587246904,0.265082780946913,0.0368566591719357,0.111322321078538,0.237548708229284,0.200692049057348,0,1.15853830009784,0.0181080239554084,0.317015160117675,0.298907136162267,0,0.951634064788593,4.33694169032319,-10.6630583096768,113.700812515568
92,0.333333333333333,0.134668904314079,0.0823729867952836,-0.198664429019254,0.0394675553575462,0.261689777579768,0.0414412252127641,0.121247810835149,0.245714559892102,0.204273334679338,0,1.08046106909165,0.0173592106994005,0.324862969897826,0.307503759198426,0,0.646318296618706,4.6688107587535,-10.3311892412465,106.733471138447
93,0.333333333333333,0.190896669711186,0.11061513161438,-0.142436663622147,0.0202882031438088,0.242510425366031,0.0606308654398581,0.175841487750642,0.341840074313017,0.281209208873159,1,0.281209208873159,0.0295560988699188,0.440769093589741,0.411212994719822,1,0.411212994719822,7.07808246110089,-7.92191753889911,62.7567774931173
94,0.333333333333333,0.101508377542278,0.066862022100738,-0.231824955791055,0.0537428101275247,0.275965032349747,0.0273821062251814,0.089081401353141,0.192088951730411,0.16470684550523,0,1.57715066153445,0.01115635579202,0.261779003998881,0.250622648206861,0,3.11279582158494,3.38929295516235,-11.6107070448377,134.808518081043
95,0.333333333333333,0.104534994106673,0.0669676802811465,-0.228798339226661,0.0523486800328781,0.2745709022551,0.0304028706295223,0.0923086851538772,0.197786133937543,0.16738326330802,0,1.52285525726593,0.0136205692629994,0.263826478372593,0.250205909109594,0,3.03048010753921,3.50214670876124,-11.4978532912388,132.20063030685
96,0.333333333333333,0.142039542393722,0.0882655281043127,-0.191293790939612,0.0365933144520479,0.25881553667427,0.0408652606115464,0.12579694220324,0.259173650927732,0.218308390316186,0,0.959905214372196,0.0180295723029858,0.359231100844922,0.341201528541936,1,0.341201528541936,4.96664646258921,-10.0333535374108,100.668183206674
97,0.333333333333333,0.143945218420617,0.08648175539776,-0.189388114912716,0.0358678580701921,0.258090080292414,0.0434670619372321,0.129123776163658,0.266801629326917,0.223334567389685,0,0.888651607453847,0.0189221170151585,0.343502858877061,0.324580741861902,1,0.324580741861902,5.04448622394392,-9.95551377605608,99.1122545452423
98,0.333333333333333,0.139992450339712,0.0844165667474068,-0.193340882993621,0.0373806970367532,0.259602919258975,0.0433479397826624,0.125805541167823,0.258741044710807,0.215393104928145,0,0.961315991153408,0.0192887815967474,0.330654857466242,0.311366075869494,0,0.418505110553164,4.88341470008061,-10.1165852999194,102.345298130545
99,0.333333333333333,0.101770411760722,0.0648133344865544,-0.231562921572611,0.0536213866472432,0.275843608869465,0.0298751027696932,0.0886497840909376,0.188696365188047,0.158821262418354,0,1.60519094387122,0.0141172136868216,0.254514406267241,0.240397192580419,0,3.39315427522411,3.39903337943523,-11.6009666205648,134.582426531458
100,0.333333333333333,0.0934496446415684,0.06192664568427,-0.239883688691765,0.0575441841003676,0.27976640632259,0.0261664384038748,0.0814346212458289,0.17439933530763,0.148232896903755,0,1.73757287716079,0.0125331310881243,0.25203201601747,0.239498884929346,0,3.49155157756387,3.09248054746899,-11.907519452531,141.789019512404
